{
"type": "FeatureCollection",
"name": "builds3",
"crs": { "type": "name", "properties": { "name": "urn:ogc:def:crs:OGC:1.3:CRS84" } },
"features": [
{"type":"Feature","properties":{"fid":1},"geometry":{"type":"MultiPolygon","coordinates":[[[[0.015527606424688,-0.017721819375023],[0.015833840407229,-0.018033200132028],[0.015926482620434,-0.01808724142038],[0.016037138597319,-0.018123268945939],[0.016155514758637,-0.018125842340621],[0.016330505605803,-0.018074374446964],[0.016590418481741,-0.018480970806454],[0.016281611104389,-0.01866625522313],[0.016150367969014,-0.01872029651129],[0.016111767046845,-0.018702282748572],[0.015756638562891,-0.01837546162465],[0.015743771588835,-0.018349727677859],[0.015810679853927,-0.018246791890658],[0.015802959669494,-0.018208190970442],[0.015751491773268,-0.018190177207672],[0.015687156902987,-0.018280246021505],[0.015663996349685,-0.018282819416185],[0.015311441260542,-0.017963718475552],[0.015344895393089,-0.017901957003107],[0.015527606424688,-0.017721819375023]]]]}},
{"type":"Feature","properties":{"fid":2},"geometry":{"type":"MultiPolygon","coordinates":[[[[0.014644932004425,-0.019489741517077],[0.014668092557726,-0.019577236935575],[0.014292376915281,-0.019654438775388],[0.014163707174718,-0.019662158959368],[0.014233188834622,-0.01953091583167],[0.014644932004425,-0.019489741517077]]]]}},
{"type":"Feature","properties":{"fid":3},"geometry":{"type":"MultiPolygon","coordinates":[[[[0.022794206410906,-0.008606342103816],[0.022872975075909,-0.008719365708355],[0.022896652104459,-0.008753339409838],[0.023057046174909,-0.008983485699334],[0.023065079826882,-0.009036612132113],[0.022869902307484,-0.009094368744273],[0.022812887135378,-0.009111240580703],[0.022733111896229,-0.008979997446965],[0.022650763262268,-0.008910515787907],[0.022460332046235,-0.00881530018103],[0.02234967606935,-0.008668616678495],[0.022365116438218,-0.00864802952024],[0.022758845844341,-0.008560534097643],[0.022794206410906,-0.008606342103816]]]]}},
{"type":"Feature","properties":{"fid":4},"geometry":{"type":"MultiPolygon","coordinates":[[[[0.021294584196732,-0.008913089182687],[0.021328038329278,-0.008946543314827],[0.021448987885408,-0.009198736003169],[0.021376932830692,-0.009329979136828],[0.021376932830692,-0.009520410350285],[0.02141296035805,-0.009607905772649],[0.021389799804749,-0.009633639720399],[0.021338331908523,-0.009602758983099],[0.021317744750033,-0.009476662639095],[0.021253409879752,-0.009355713084599],[0.021091286006642,-0.009216749766616],[0.021021804346738,-0.009106093791146],[0.021032097925983,-0.009080359843357],[0.021294584196732,-0.008913089182687]]]]}},
{"type":"Feature","properties":{"fid":5},"geometry":{"type":"MultiPolygon","coordinates":[[[[0.022545253110643,-0.018165729184955],[0.022854060474787,-0.018389614512567],[0.02285920726419,-0.018769190211037],[0.022865640750943,-0.018399908090842],[0.023027764617118,-0.018486116808866],[0.022878507724449,-0.018987928748766],[0.022354821902754,-0.018667541125765],[0.022428163651738,-0.018473249836029],[0.022650762293392,-0.018605779656203],[0.022666202661599,-0.018619933326313],[0.022657195780145,-0.018679121401305],[0.022717670555624,-0.018713862227922],[0.022793585699309,-0.018571038829565],[0.02279487239666,-0.018542731489336],[0.022767851752297,-0.018522144332804],[0.022676496240404,-0.018498983781702],[0.022659769174846,-0.018538871397487],[0.0224526109014,-0.018406341577263],[0.022545253110643,-0.018165729184955]]]]}},
{"type":"Feature","properties":{"fid":6},"geometry":{"type":"MultiPolygon","coordinates":[[[[0.012748340028523,-0.021051792069706],[0.012694298737486,-0.02103635170188],[0.012684005158241,-0.020997750782308],[0.012820395083238,-0.020905108575296],[0.012889876743142,-0.02097459023056],[0.012838408846917,-0.021074952621442],[0.012786940950692,-0.021062085648256],[0.012788257114426,-0.021016272792192],[0.012749492558367,-0.021010020444861],[0.012748340028523,-0.021051792069706]]]]}},
{"type":"Feature","properties":{"fid":7},"geometry":{"type":"MultiPolygon","coordinates":[[[[0.017859102123694,-0.007631538580062],[0.018046959944916,-0.007672712896675],[0.018113868210009,-0.007708740423708],[0.018124161789254,-0.007755061529889],[0.018062400313784,-0.008038134956439],[0.018031519576049,-0.008045855140797],[0.017907996625108,-0.007996960639862],[0.01787196909775,-0.008014974403365],[0.01787196909775,-0.008074162483441],[0.018026372786426,-0.008120483589581],[0.017972331495389,-0.008295474434951],[0.017902849835485,-0.008418997384578],[0.017660950723226,-0.008272313881892],[0.017426771795401,-0.008164231300931],[0.017524560798229,-0.007937772559775],[0.017555441535965,-0.00779623584649],[0.017776753489733,-0.007839983557874],[0.017825647991147,-0.007644405554004],[0.017859102123694,-0.007631538580062]]]]}},
{"type":"Feature","properties":{"fid":8},"geometry":{"type":"MultiPolygon","coordinates":[[[[0.014027317249721,-0.019234975445309],[0.014253775993112,-0.019291590127957],[0.014179147543586,-0.019466580965114],[0.01398356953793,-0.019464007570451],[0.014027317249721,-0.019234975445309]]]]}},
{"type":"Feature","properties":{"fid":9},"geometry":{"type":"MultiPolygon","coordinates":[[[[0.014400459497355,-0.007446254155255],[0.014652652188858,-0.007592937658233],[0.014632065030368,-0.007783368872552],[0.014315537468583,-0.007829689978725],[0.01433097783745,-0.007641832159215],[0.014400459497355,-0.007446254155255]]]]}},
{"type":"Feature","properties":{"fid":10},"geometry":{"type":"MultiPolygon","coordinates":[[[[0.014467367762447,-0.025112608751503],[0.014518835658673,-0.025089448200424],[0.014549716396408,-0.025169223431901],[0.014480234736504,-0.025171796826464],[0.014467367762447,-0.025112608751503]]]]}},
{"type":"Feature","properties":{"fid":11},"geometry":{"type":"MultiPolygon","coordinates":[[[[0.018281138872741,-0.005647451193997],[0.018337753558589,-0.005827588829883],[0.018178203080291,-0.005863616357053],[0.018062400313784,-0.005691198905575],[0.018281138872741,-0.005647451193997]]]]}},
{"type":"Feature","properties":{"fid":12},"geometry":{"type":"MultiPolygon","coordinates":[[[[0.02082365294627,-0.017961145080867],[0.021217382352394,-0.018177310234264],[0.02145413467503,-0.018323993731064],[0.020661529073161,-0.018298259784266],[0.020669249257595,-0.018246791890658],[0.02082365294627,-0.017961145080867]]]]}},
{"type":"Feature","properties":{"fid":13},"geometry":{"type":"MultiPolygon","coordinates":[[[[0.013700496108691,-0.024623663783419],[0.013723656661992,-0.024644250940006],[0.013757110794538,-0.024821815165439],[0.013319633676624,-0.024834682138288],[0.013327353861057,-0.024693145436888],[0.013507491497846,-0.024680278464026],[0.013700496108691,-0.024623663783419]]]]}},
{"type":"Feature","properties":{"fid":14},"geometry":{"type":"MultiPolygon","coordinates":[[[[0.014951165986965,-0.0216333792567],[0.015195638494035,-0.021599925126535],[0.015169904545923,-0.021700287517009],[0.015115863254886,-0.021733741647152],[0.015187918309601,-0.021882998535394],[0.015108143070452,-0.021903585692381],[0.014951165986965,-0.0216333792567]]]]}},
{"type":"Feature","properties":{"fid":15},"geometry":{"type":"MultiPolygon","coordinates":[[[[0.017764050395875,-0.015080297235552],[0.017821306793352,-0.01508309859642],[0.017946597547277,-0.015099530170135],[0.017946597547277,-0.015333709089701],[0.017702125040207,-0.015364589826328],[0.017390744268044,-0.015349149458015],[0.017166858919464,-0.01530025495835],[0.01691466622796,-0.015194745774825],[0.016927533202016,-0.015145851275124],[0.017560588325587,-0.014422727357237],[0.017902849835485,-0.014489635620201],[0.017918940946359,-0.014659741643931],[0.017938913815878,-0.014867617117966],[0.017783748138231,-0.014836204041814],[0.017774225293439,-0.014744546663751],[0.01761828870998,-0.014671934974609],[0.017533773462457,-0.014835013686255],[0.017488539949698,-0.015018328442268],[0.017488539949698,-0.015223069598153],[0.01774089533667,-0.015257589909301],[0.017764050395875,-0.015080297235552]]]]}},
{"type":"Feature","properties":{"fid":16},"geometry":{"type":"MultiPolygon","coordinates":[[[[0.017910570019919,-0.015745452244359],[0.017915716809542,-0.015948750426673],[0.017879689282184,-0.016188076134709],[0.017761313120866,-0.016121167872275],[0.017730432383131,-0.015858681611748],[0.017910570019919,-0.015745452244359]]]]}},
{"type":"Feature","properties":{"fid":17},"geometry":{"type":"MultiPolygon","coordinates":[[[[0.022887514605903,-0.01407274507554],[0.023282530692537,-0.014084325351346],[0.023444654558713,-0.014384125824784],[0.023340432073314,-0.014444600598348],[0.022937695802576,-0.014454894176826],[0.022887514605903,-0.01407274507554]]]]}},
{"type":"Feature","properties":{"fid":18},"geometry":{"type":"MultiPolygon","coordinates":[[[[0.0121718995908,-0.016939507388192],[0.012377771175701,-0.016934360598795],[0.012493573942208,-0.017191700068509],[0.012717459290788,-0.017407865222802],[0.012390638149757,-0.017387278065261],[0.012182193170045,-0.016985828492765],[0.0121718995908,-0.016939507388192]]]]}},
{"type":"Feature","properties":{"fid":19},"geometry":{"type":"MultiPolygon","coordinates":[[[[0.014161133779907,-0.017755273505966],[0.014333551232262,-0.018035773526712],[0.014382445733676,-0.018241645101296],[0.014037610828966,-0.018264805653422],[0.013929528246893,-0.018326567125744],[0.013803431901141,-0.017835048741267],[0.014161133779907,-0.017755273505966]]]]}},
{"type":"Feature","properties":{"fid":20},"geometry":{"type":"MultiPolygon","coordinates":[[[[0.014768454955365,-0.023735842652601],[0.014850803589326,-0.023903113300878],[0.01469639990065,-0.023995755505991],[0.014619198056312,-0.023815617884882],[0.014768454955365,-0.023735842652601]]]]}},
{"type":"Feature","properties":{"fid":21},"geometry":{"type":"MultiPolygon","coordinates":[[[[0.016608432245419,-0.026234608776557],[0.016765409328907,-0.02619858125297],[0.016775702908152,-0.02641731978887],[0.016904372648715,-0.026432760156095],[0.016927533202016,-0.026512535386729],[0.01689407906947,-0.026535695937549],[0.016770556118529,-0.026540842726619],[0.016778276302963,-0.026605177589982],[0.016847757962867,-0.026612897773583],[0.01695584054494,-0.026569150066503],[0.017087083680315,-0.026690099609569],[0.016592991876552,-0.026821342730633],[0.016582698297307,-0.026684952820505],[0.016608432245419,-0.026234608776557]]]]}},
{"type":"Feature","properties":{"fid":22},"geometry":{"type":"MultiPolygon","coordinates":[[[[0.012412737812918,-0.020427202939797],[0.012442223695217,-0.020425459186806],[0.012495647239659,-0.020422299794644],[0.012495242613447,-0.020439597564101],[0.012490645361458,-0.020636130074017],[0.012517893634156,-0.020724173039352],[0.012524454679943,-0.020856214077129],[0.01241637209787,-0.020760998475392],[0.012346890437966,-0.020647769111089],[0.012323729884664,-0.020490792037718],[0.012359757412022,-0.020449617723365],[0.012412737812918,-0.020427202939797]]]]}},
{"type":"Feature","properties":{"fid":23},"geometry":{"type":"MultiPolygon","coordinates":[[[[0.020088971775598,-0.022995366367958],[0.02025765187999,-0.022993876684261],[0.020450510698637,-0.022976691246359],[0.020774758444856,-0.022902062802813],[0.020828799735893,-0.023071906846688],[0.020604914387313,-0.023177416025356],[0.020450510698637,-0.023293218782341],[0.020319267563263,-0.023442475668981],[0.020208611586378,-0.023622613290575],[0.019969285868931,-0.022992131613984],[0.020077623429264,-0.022995059655919],[0.020088971775598,-0.022995366367958]]]]}},
{"type":"Feature","properties":{"fid":24},"geometry":{"type":"MultiPolygon","coordinates":[[[[0.013625867659164,-0.025369948207657],[0.013700496108691,-0.025364801418539],[0.013695349319068,-0.025483177568203],[0.013623294264353,-0.025488324357317],[0.013625867659164,-0.025369948207657]]]]}},
{"type":"Feature","properties":{"fid":25},"geometry":{"type":"MultiPolygon","coordinates":[[[[0.021986827400962,-0.007477134892728],[0.022028001717942,-0.00750544223541],[0.022272474225012,-0.007829689978725],[0.022354822858973,-0.007966079902426],[0.021608538363706,-0.007971226691999],[0.021572510836348,-0.007574923894712],[0.021986827400962,-0.007477134892728]]]]}},
{"type":"Feature","properties":{"fid":26},"geometry":{"type":"MultiPolygon","coordinates":[[[[0.020118541907409,-0.01661397225165],[0.020562452493367,-0.016870025013488],[0.02048396395498,-0.01700255483481],[0.020020752908763,-0.016994834651046],[0.020118541907409,-0.01661397225165]]]]}},
{"type":"Feature","properties":{"fid":27},"geometry":{"type":"MultiPolygon","coordinates":[[[[0.02141296035805,-0.02188042514077],[0.021724341130213,-0.022047695791212],[0.021641992496252,-0.022245847176876],[0.021554497072669,-0.022366796723839],[0.021446414490596,-0.022469732508411],[0.021240542905695,-0.022189232495285],[0.02141296035805,-0.02188042514077]]]]}},
{"type":"Feature","properties":{"fid":28},"geometry":{"type":"MultiPolygon","coordinates":[[[[0.012516734495509,-0.019489741517077],[0.012707165711543,-0.019520622253022],[0.012673711578996,-0.019700759879259],[0.012475560178529,-0.019638998407429],[0.012516734495509,-0.019489741517077]]]]}},
{"type":"Feature","properties":{"fid":29},"geometry":{"type":"MultiPolygon","coordinates":[[[[0.000000116437484,-0.00000008285354],[0.000000116903622,-0.000000082948377],[0.000000117281055,-0.000000083202959],[0.000000117535636,-0.000000083580392],[0.000000117630473,-0.00000008404653],[0.000000117535636,-0.000000084512668],[0.000000117281055,-0.0000000848901],[0.000000116903622,-0.000000085144682],[0.000000116437484,-0.000000085239519],[0.000000115990582,-0.00000008515265],[0.000000115593913,-0.0000000848901],[0.000000115331364,-0.000000084493431],[0.000000115244495,-0.00000008404653],[0.000000115339332,-0.000000083580392],[0.000000115593913,-0.000000083202959],[0.000000115971346,-0.000000082948377],[0.000000116437484,-0.00000008285354]]]]}},
{"type":"Feature","properties":{"fid":30},"geometry":{"type":"MultiPolygon","coordinates":[[[[0.01314978961908,-0.009888405803017],[0.01321155109455,-0.009986194804374],[0.013111188696911,-0.010001635173007],[0.013118908881345,-0.010042809489357],[0.013044280431818,-0.010065970042302],[0.012959358403047,-0.009970754435741],[0.01314978961908,-0.009888405803017]]]]}},
{"type":"Feature","properties":{"fid":31},"geometry":{"type":"MultiPolygon","coordinates":[[[[0.013337647440302,-0.006779744904277],[0.01339426212615,-0.006784891693863],[0.013605280500674,-0.006947015565809],[0.013574399762939,-0.007106566042907],[0.013471463970488,-0.007299570652227],[0.012959358403047,-0.007021644014781],[0.013000532720027,-0.006949588960601],[0.01308802814361,-0.006872387116825],[0.01319096393606,-0.006815772431381],[0.013337647440302,-0.006779744904277]]]]}},
{"type":"Feature","properties":{"fid":32},"geometry":{"type":"MultiPolygon","coordinates":[[[[0.023867977987061,-0.017609875956587],[0.024139471128038,-0.017660057150883],[0.023970913775109,-0.018387041117999],[0.023703280726184,-0.018185029644243],[0.023538583465307,-0.017940557159777],[0.023745741738754,-0.017781006696055],[0.023867977987061,-0.017609875956587]]]]}},
{"type":"Feature","properties":{"fid":33},"geometry":{"type":"MultiPolygon","coordinates":[[[[0.014680959531782,-0.024404925244483],[0.01489969809074,-0.024659691307444],[0.014866243958193,-0.024832108743718],[0.01467581274216,-0.02480380140345],[0.014673239347349,-0.024600503232254],[0.014590890713388,-0.024497567449252],[0.014680959531782,-0.024404925244483]]]]}},
{"type":"Feature","properties":{"fid":34},"geometry":{"type":"MultiPolygon","coordinates":[[[[0.016829744199188,-0.006594460479128],[0.01691466622796,-0.006962455934563],[0.01673195519636,-0.007106566042907],[0.016554390954383,-0.006748864166757],[0.016829744199188,-0.006594460479128]]]]}},
{"type":"Feature","properties":{"fid":35},"geometry":{"type":"MultiPolygon","coordinates":[[[[0.020337281326941,-0.020786732421813],[0.020715570364197,-0.020964296652004],[0.02100636397787,-0.021309131533249],[0.021016657557115,-0.021329718690314],[0.020849386894383,-0.021504709525254],[0.020658955678349,-0.021502136130624],[0.020285813430716,-0.021000324176946],[0.020244639113736,-0.020894814996736],[0.020337281326941,-0.020786732421813]]]]}},
{"type":"Feature","properties":{"fid":36},"geometry":{"type":"MultiPolygon","coordinates":[[[[0.01187763970777,-0.01399688964854],[0.011908212412285,-0.014207501606599],[0.011899719994365,-0.014312807585557],[0.012205447039517,-0.01437225450914],[0.012331134824746,-0.014382445410325],[0.012351516627756,-0.014238074310172],[0.012404169618866,-0.014204104639535],[0.012118824376724,-0.013808357976247],[0.01187763970777,-0.01399688964854]]]]}},
{"type":"Feature","properties":{"fid":37},"geometry":{"type":"MultiPolygon","coordinates":[[[[0.013502344708223,-0.025714783078101],[0.013641308028032,-0.025725076656309],[0.013744243820482,-0.026136819783941],[0.013443156627564,-0.026185714280259],[0.013481757549733,-0.025740517023619],[0.013502344708223,-0.025714783078101]]]]}},
{"type":"Feature","properties":{"fid":38},"geometry":{"type":"MultiPolygon","coordinates":[[[[0.015406656868559,-0.019358498389244],[0.015489005502519,-0.019361071783909],[0.015458124764784,-0.019435700229158],[0.01540923026337,-0.019435700229158],[0.015406656868559,-0.019358498389244]]]]}},
{"type":"Feature","properties":{"fid":39},"geometry":{"type":"MultiPolygon","coordinates":[[[[0.014688679716216,-0.017531388168001],[0.014812202667157,-0.017639470744983],[0.014835363220458,-0.017639470744983],[0.014897124695929,-0.017721819375023],[0.015154464177055,-0.017948278107442],[0.015136450413376,-0.018004892790504],[0.014989766909134,-0.018164443260854],[0.014989766909134,-0.018192750602353],[0.01494087240772,-0.01818760381299],[0.014644932004425,-0.01800231939582],[0.014403032892166,-0.017999746001135],[0.014258922782735,-0.017747553321903],[0.014279509941225,-0.017724392769711],[0.014433913629901,-0.017683218454696],[0.014688679716216,-0.017531388168001]]]]}},
{"type":"Feature","properties":{"fid":40},"geometry":{"type":"MultiPolygon","coordinates":[[[[0.01426921636198,-0.024917030764487],[0.014338698021884,-0.024927324342758],[0.014374725549242,-0.025074007833036],[0.014287230125659,-0.025089448200424],[0.014258922782735,-0.024958205077567],[0.01426921636198,-0.024917030764487]]]]}},
{"type":"Feature","properties":{"fid":41},"geometry":{"type":"MultiPolygon","coordinates":[[[[0.013330869985663,-0.020170420328545],[0.013275573896208,-0.020140130752758],[0.013266051051417,-0.020173460707465],[0.013324378475764,-0.020211552084265],[0.013371221506183,-0.020213410934563],[0.013389115336528,-0.020218012204937],[0.013391688731339,-0.020313227806998],[0.0132913263337,-0.020305507623049],[0.013124055670967,-0.020218012204937],[0.013111188696911,-0.020091915866987],[0.013206404304928,-0.020037874579264],[0.013389115336528,-0.020099636050946],[0.013461170391243,-0.020153677338648],[0.013419996074263,-0.020187131469121],[0.013330869985663,-0.020170420328545]]]]}},
{"type":"Feature","properties":{"fid":42},"geometry":{"type":"MultiPolygon","coordinates":[[[[0.013111188696911,-0.02647908125776],[0.013463743786054,-0.026803328968927],[0.013468890575677,-0.026841929886866],[0.013196110725683,-0.026859943648567],[0.013111188696911,-0.02647908125776]]]]}},
{"type":"Feature","properties":{"fid":43},"geometry":{"type":"MultiPolygon","coordinates":[[[[0.013121482276156,-0.023398727960844],[0.0132913263337,-0.023403874750037],[0.013281032754455,-0.023622613290575],[0.013111188696911,-0.023612319712205],[0.013121482276156,-0.023398727960844]]]]}},
{"type":"Feature","properties":{"fid":44},"geometry":{"type":"MultiPolygon","coordinates":[[[[0.015113289860075,-0.00821569919663],[0.015200785283658,-0.008262020302754],[0.0151647577563,-0.008395836831526],[0.015074688937906,-0.008390690041958],[0.015113289860075,-0.00821569919663]]]]}},
{"type":"Feature","properties":{"fid":45},"geometry":{"type":"MultiPolygon","coordinates":[[[[0.017404859498404,-0.021131774273918],[0.017295528660027,-0.021190755380072],[0.017038189178901,-0.021067232437531],[0.017458671898655,-0.020769290415962],[0.017755122168172,-0.02054984768062],[0.017779326884545,-0.020928269127054],[0.017611832931592,-0.021018852585337],[0.017491218714385,-0.021084657944344],[0.017404859498404,-0.021131774273918]]]]}},
{"type":"Feature","properties":{"fid":46},"geometry":{"type":"MultiPolygon","coordinates":[[[[0.020671821768168,-0.015010747413907],[0.020864826370758,-0.015264226783129],[0.020732296543646,-0.015513846060141],[0.020734869938347,-0.015547300190028],[0.020712996083387,-0.015555020373847],[0.020714282780737,-0.015587187806424],[0.020624213966195,-0.015723577720496],[0.020346287338466,-0.015217905680146],[0.020671821768168,-0.015010747413907]]]]}},
{"type":"Feature","properties":{"fid":47},"geometry":{"type":"MultiPolygon","coordinates":[[[[0.019542540127313,-0.024888304611616],[0.019752122039982,-0.024969631956312],[0.019725963626545,-0.025057593781211],[0.019699079413748,-0.02522069132315],[0.019614157384976,-0.025331347289267],[0.019529235356204,-0.025423989493385],[0.019464900485923,-0.025426562887943],[0.019188283819227,-0.02528825456814],[0.018993087022957,-0.025204720209231],[0.019082440970284,-0.025121589932395],[0.019182714380771,-0.024944320884347],[0.019212707794419,-0.024891296818805],[0.019269322480267,-0.024654544518299],[0.019791721626953,-0.024458966530606],[0.019922964762328,-0.024592783048532],[0.019930684946762,-0.024628810572566],[0.019789148232142,-0.024893870213373],[0.019648295882565,-0.024841811489089],[0.019598617423228,-0.024823450437775],[0.019573304894291,-0.02481409498173],[0.019542540127313,-0.024888304611616]]]]}},
{"type":"Feature","properties":{"fid":48},"geometry":{"type":"MultiPolygon","coordinates":[[[[0.014616624661501,-0.006167276943108],[0.014825069641213,-0.006553286162419],[0.014822496246402,-0.006597033873922],[0.0144107530766,-0.006478657713375],[0.014531702632729,-0.006324254025663],[0.014616624661501,-0.006167276943108]]]]}},
{"type":"Feature","properties":{"fid":49},"geometry":{"type":"MultiPolygon","coordinates":[[[[0.016448881767121,-0.021448094843384],[0.016562111138817,-0.021414640713177],[0.016562111138817,-0.021700287517009],[0.016464322135989,-0.021764622382663],[0.016374253317594,-0.021509856314514],[0.016448881767121,-0.021448094843384]]]]}},
{"type":"Feature","properties":{"fid":50},"geometry":{"type":"MultiPolygon","coordinates":[[[[0.014997487093568,-0.026389012448951],[0.015043808200171,-0.026396732632566],[0.015072115543095,-0.026476507863223],[0.015030941226114,-0.026504815203122],[0.015036088015737,-0.026538269332084],[0.015095276096396,-0.026540842726619],[0.015154464177055,-0.026674659242376],[0.015108143070452,-0.026736420711137],[0.014894551301117,-0.026520255570336],[0.014953739381776,-0.026486801441369],[0.014997487093568,-0.026389012448951]]]]}},
{"type":"Feature","properties":{"fid":51},"geometry":{"type":"MultiPolygon","coordinates":[[[[0.022489925124567,-0.011092754083744],[0.022942842591979,-0.011266458222768],[0.022812886159568,-0.011559825212885],[0.02270995037152,-0.011653754117551],[0.022534959531838,-0.011518650898501],[0.022312360890184,-0.011436302269714],[0.02243202374379,-0.011276751801374],[0.022489925124567,-0.011092754083744]]]]}},
{"type":"Feature","properties":{"fid":52},"geometry":{"type":"MultiPolygon","coordinates":[[[[0.000000156545682,-0.000000088152578],[0.000000157552692,-0.00000008894598],[0.000000158300322,-0.000000089693609],[0.000000158773311,-0.000000090334434],[0.000000161718055,-0.000000087679588],[0.000000160878879,-0.000000086657319],[0.000000159902384,-0.000000085665566],[0.000000159139497,-0.000000085009484],[0.000000156545682,-0.000000088152578]]]]}},
{"type":"Feature","properties":{"fid":53},"geometry":{"type":"MultiPolygon","coordinates":[[[[0.019195979907028,-0.014297917104994],[0.019315642760634,-0.014422726744082],[0.019403138180475,-0.014597717578152],[0.019468759745356,-0.014837043277468],[0.019120064763343,-0.01498372677047],[0.019123924855394,-0.014330084537755],[0.019195979907028,-0.014297917104994]]]]}},
{"type":"Feature","properties":{"fid":54},"geometry":{"type":"MultiPolygon","coordinates":[[[[0.01573347800959,-0.026250049143805],[0.015934202804868,-0.026244902354722],[0.015916189041189,-0.026548562910225],[0.015710317456288,-0.026566576671968],[0.01573347800959,-0.026250049143805]]]]}},
{"type":"Feature","properties":{"fid":55},"geometry":{"type":"MultiPolygon","coordinates":[[[[0.014562583370464,-0.024935044526461],[0.014781321929422,-0.024945338104731],[0.014953739381776,-0.024994232601502],[0.014783895324233,-0.025321053711027],[0.014719560453951,-0.025264439030696],[0.014626918240746,-0.025125475724323],[0.014562583370464,-0.024935044526461]]]]}},
{"type":"Feature","properties":{"fid":56},"geometry":{"type":"MultiPolygon","coordinates":[[[[0.018394368244437,-0.022057989369694],[0.018494730642076,-0.02218151231143],[0.018548771933113,-0.022202099468376],[0.018551345327924,-0.022235553598407],[0.018494730642076,-0.022624136185131],[0.018448409535473,-0.022763099494039],[0.018458703114718,-0.022788833440119],[0.018409808613304,-0.022904636197419],[0.018371207691135,-0.022920076565052],[0.018157615921801,-0.022631856368963],[0.018394368244437,-0.022057989369694]]]]}},
{"type":"Feature","properties":{"fid":57},"geometry":{"type":"MultiPolygon","coordinates":[[[[0.013438009837942,-0.025336494078386],[0.013520358471902,-0.025336494078386],[0.01357697315775,-0.025367374813098],[0.013574399762939,-0.025462590411748],[0.013525505261525,-0.025472883989976],[0.013525505261525,-0.025508911513768],[0.013566679578505,-0.025521778486549],[0.013564106183694,-0.025635007846961],[0.013484330944544,-0.025635007846961],[0.013461170391243,-0.025542365642995],[0.01341484928464,-0.025475457384533],[0.013438009837942,-0.025336494078386]]]]}},
{"type":"Feature","properties":{"fid":58},"geometry":{"type":"MultiPolygon","coordinates":[[[[0.014444207209146,-0.016697608286355],[0.014588317318577,-0.016867452336613],[0.014266642967169,-0.017011562439745],[0.014230615439811,-0.016952374361686],[0.0144107530766,-0.016862305547213],[0.014315537468583,-0.016736209206881],[0.014444207209146,-0.016697608286355]]]]}},
{"type":"Feature","properties":{"fid":59},"geometry":{"type":"MultiPolygon","coordinates":[[[[0.017796854998632,-0.010212243687242],[0.017904708706228,-0.010368504174466],[0.017965854115258,-0.010484001056278],[0.018338671261985,-0.010329439052668],[0.018277525852955,-0.010198655818784],[0.018196847882706,-0.01004918926571],[0.018115320670666,-0.009928596933066],[0.017796854998632,-0.010212243687242]]]]}},
{"type":"Feature","properties":{"fid":60},"geometry":{"type":"MultiPolygon","coordinates":[[[[0.013569252973316,-0.023113081160324],[0.013682482345012,-0.023120801344129],[0.013674762160578,-0.023246897679558],[0.013566679578505,-0.023244324284959],[0.013569252973316,-0.023113081160324]]]]}},
{"type":"Feature","properties":{"fid":61},"geometry":{"type":"MultiPolygon","coordinates":[[[[0.016572404718062,-0.022057989369694],[0.016580124902495,-0.022307608647678],[0.016402560660518,-0.022310182042295],[0.01634594597467,-0.022225260019936],[0.016572404718062,-0.022057989369694]]]]}},
{"type":"Feature","properties":{"fid":62},"geometry":{"type":"MultiPolygon","coordinates":[[[[0.014204881491698,-0.023182562814558],[0.014230615439811,-0.023277778414748],[0.014050477803023,-0.023293218782341],[0.01406591817189,-0.023205723365961],[0.014204881491698,-0.023182562814558]]]]}},
{"type":"Feature","properties":{"fid":63},"geometry":{"type":"MultiPolygon","coordinates":[[[[0.014314114409274,-0.010703105434892],[0.014322606827195,-0.011168489928479],[0.014512836988623,-0.011166791444927],[0.014776101944171,-0.011188871731101],[0.014811770099439,-0.010774441744175],[0.014619841454426,-0.010771044777066],[0.014492455185613,-0.010723487237546],[0.014314114409274,-0.010703105434892]]]]}},
{"type":"Feature","properties":{"fid":64},"geometry":{"type":"MultiPolygon","coordinates":[[[[0.017691831460962,-0.007152887149152],[0.017946597547277,-0.007294423862646],[0.018018652601992,-0.007425666996938],[0.01801350581237,-0.007520882604145],[0.017645510354359,-0.007482281682307],[0.017691831460962,-0.007152887149152]]]]}},
{"type":"Feature","properties":{"fid":65},"geometry":{"type":"MultiPolygon","coordinates":[[[[0.012575922576168,-0.020326094780245],[0.012696872132298,-0.020367269094629],[0.012691725342675,-0.020555126903872],[0.012570775786546,-0.020547406719935],[0.012575922576168,-0.020326094780245]]]]}},
{"type":"Feature","properties":{"fid":66},"geometry":{"type":"MultiPolygon","coordinates":[[[[0.015962510147792,-0.004975795151148],[0.016001111069961,-0.004998955704361],[0.016132354205335,-0.005300042896063],[0.016132354205335,-0.005343790607665],[0.015527606424688,-0.005307763080463],[0.015365482551579,-0.005292322711662],[0.015350042182711,-0.005271735553259],[0.015352615577522,-0.005137919023626],[0.015962510147792,-0.004975795151148]]]]}},
{"type":"Feature","properties":{"fid":67},"geometry":{"type":"MultiPolygon","coordinates":[[[[0.016430868003442,-0.006072061335634],[0.016595565271363,-0.006581593505157],[0.016587845086929,-0.006607327453099],[0.016502923058158,-0.006648501769804],[0.016165808337882,-0.006270212734952],[0.016430868003442,-0.006072061335634]]]]}},
{"type":"Feature","properties":{"fid":68},"geometry":{"type":"MultiPolygon","coordinates":[[[[0.016981574493053,-0.021134140698086],[0.017218326815689,-0.021249943456672],[0.017208033236444,-0.021661686597604],[0.016994441467109,-0.021635952651328],[0.016981574493053,-0.021134140698086]]]]}},
{"type":"Feature","properties":{"fid":69},"geometry":{"type":"MultiPolygon","coordinates":[[[[0.01378858761396,-0.019714882038541],[0.013806005295953,-0.019726493825849],[0.013834312638876,-0.019832003006824],[0.013682482345012,-0.019832003006824],[0.013538372235581,-0.019510328674375],[0.013587266736995,-0.019443420413147],[0.013651601607277,-0.01953091583167],[0.013790564927085,-0.019538636015655],[0.013793008277767,-0.019655916841535],[0.013753501669176,-0.019656846408742],[0.013743383646585,-0.019611017720874],[0.013690412822433,-0.019630658587105],[0.013728504201599,-0.019761597695249],[0.01378207020355,-0.019747313428911],[0.013770166647561,-0.019716364185175],[0.01378858761396,-0.019714882038541]]]]}},
{"type":"Feature","properties":{"fid":70},"geometry":{"type":"MultiPolygon","coordinates":[[[[0.013682482345012,-0.006990763277277],[0.013906367693592,-0.007140020175195],[0.013878060350668,-0.007245529361626],[0.01375968418935,-0.007307290836598],[0.013687629134634,-0.007448827550044],[0.013538372235581,-0.007351038548032],[0.013682482345012,-0.006990763277277]]]]}},
{"type":"Feature","properties":{"fid":71},"geometry":{"type":"MultiPolygon","coordinates":[[[[0.016317638631747,-0.02306418666288],[0.016577551507684,-0.022920076565052],[0.01656983132325,-0.023110507765722],[0.016438588187876,-0.023365273831083],[0.016317638631747,-0.02306418666288]]]]}},
{"type":"Feature","properties":{"fid":72},"geometry":{"type":"MultiPolygon","coordinates":[[[[0.013206404304928,-0.02693457208987],[0.013448303417187,-0.026913984933653],[0.013448303417187,-0.026939718878924],[0.013314486887001,-0.027281980350507],[0.0132913263337,-0.027297420717623],[0.013206404304928,-0.02693457208987]]]]}},
{"type":"Feature","properties":{"fid":73},"geometry":{"type":"MultiPolygon","coordinates":[[[[0.015254826574694,-0.02670553997676],[0.01538864310488,-0.026813622547045],[0.015378349525635,-0.026865090437624],[0.015414377052993,-0.026875384015737],[0.015434964211483,-0.026849650070453],[0.015558487162424,-0.026875384015737],[0.015555913767612,-0.026924278511762],[0.015499299081764,-0.026931998695343],[0.015504445871387,-0.026970599613242],[0.015555913767612,-0.02697831979682],[0.015543046793556,-0.027091549155911],[0.015406656868559,-0.027132723468281],[0.015378349525635,-0.027119856495667],[0.015169904545923,-0.026821342730633],[0.015254826574694,-0.02670553997676]]]]}},
{"type":"Feature","properties":{"fid":74},"geometry":{"type":"MultiPolygon","coordinates":[[[[0.014037610828966,-0.023391007777054],[0.014377298944053,-0.023354980252694],[0.014385019128487,-0.023470783009532],[0.01424862920349,-0.023486223377103],[0.014246055808679,-0.023524824296024],[0.014395312707732,-0.023532544479807],[0.01443134023509,-0.023756429809323],[0.014385019128487,-0.023777016966042],[0.014292376915281,-0.023645773841906],[0.014217748465755,-0.023653494025682],[0.014058197987456,-0.023504237139268],[0.014022170460099,-0.02340902153923],[0.014037610828966,-0.023391007777054]]]]}},
{"type":"Feature","properties":{"fid":75},"geometry":{"type":"MultiPolygon","coordinates":[[[[0.0162841844992,-0.015513846719963],[0.016502923058158,-0.01560134214032],[0.016369106527972,-0.015897282532435],[0.015985670701093,-0.015696557744786],[0.016062872545431,-0.015521566904113],[0.016248156971842,-0.015588475166741],[0.0162841844992,-0.015513846719963]]]]}},
{"type":"Feature","properties":{"fid":76},"geometry":{"type":"MultiPolygon","coordinates":[[[[0.014951165986965,-0.027287127139546],[0.014994913698757,-0.027433810627063],[0.014866243958193,-0.027454397783192],[0.01483793661527,-0.027302567506661],[0.014951165986965,-0.027287127139546]]]]}},
{"type":"Feature","properties":{"fid":77},"geometry":{"type":"MultiPolygon","coordinates":[[[[0.017292955265216,-0.021288544376181],[0.017704698435018,-0.021494415946734],[0.017558014930776,-0.021798076512792],[0.017285235080782,-0.021679700359994],[0.017292955265216,-0.021288544376181]]]]}},
{"type":"Feature","properties":{"fid":78},"geometry":{"type":"MultiPolygon","coordinates":[[[[0.01880297272598,-0.013777090787916],[0.018847255257668,-0.013775034354597],[0.018969351423794,-0.013769364339479],[0.018973298899661,-0.013997992460477],[0.018973561993346,-0.014013230201501],[0.018975955471783,-0.014214282384034],[0.018541051748679,-0.014389273225748],[0.018443262745851,-0.014106199805262],[0.018752070123203,-0.013941502542274],[0.018775230676504,-0.013910621805451],[0.01876751049207,-0.013779378673908],[0.01880297272598,-0.013777090787916]]]]}},
{"type":"Feature","properties":{"fid":79},"geometry":{"type":"MultiPolygon","coordinates":[[[[0.022815460530189,-0.009227043345727],[0.022864355031603,-0.009322258952497],[0.022874648610848,-0.009456075480886],[0.022787153187265,-0.009852378276194],[0.022753699054719,-0.009870392039606],[0.022514373337271,-0.009862671855286],[0.02237026322784,-0.009414901164464],[0.022815460530189,-0.009227043345727]]]]}},
{"type":"Feature","properties":{"fid":80},"geometry":{"type":"MultiPolygon","coordinates":[[[[0.015416950447804,-0.019489741517077],[0.01542981742186,-0.019584957119558],[0.015357762367145,-0.019602970882183],[0.015321734839787,-0.019500035095726],[0.015416950447804,-0.019489741517077]]]]}},
{"type":"Feature","properties":{"fid":81},"geometry":{"type":"MultiPolygon","coordinates":[[[[0.014443061437508,-0.025596092141386],[0.014383199781007,-0.025641953889769],[0.014417720093375,-0.02571575592949],[0.014367129980421,-0.025749085882898],[0.014400459937191,-0.025804437412647],[0.014492117318308,-0.025738372683589],[0.014457597005939,-0.025665760999361],[0.01448172811739,-0.025649054846953],[0.014498248500183,-0.025647874819729],[0.014567730160087,-0.025748237207273],[0.014403032892166,-0.025961828954861],[0.014256349387924,-0.026049324369432],[0.014174000753963,-0.025673608765261],[0.014369578759619,-0.025480604173647],[0.014446780603957,-0.025583539955877],[0.014443061437508,-0.025596092141386]]]]}},
{"type":"Feature","properties":{"fid":82},"geometry":{"type":"MultiPolygon","coordinates":[[[[0.018453556325096,-0.010673291207811],[0.018507597616132,-0.010912616921012],[0.018409808613304,-0.0113217866883],[0.018402088428871,-0.011635740848973],[0.018239964555761,-0.011635740848973],[0.018044386550105,-0.011591993138081],[0.0177690333053,-0.01147876376868],[0.017982625074635,-0.011187970160696],[0.018131881973688,-0.011190543555458],[0.018139602158122,-0.010917763710541],[0.018093281051519,-0.010729905892671],[0.018453556325096,-0.010673291207811]]]]}},
{"type":"Feature","properties":{"fid":83},"geometry":{"type":"MultiPolygon","coordinates":[[[[0.008685339811307,-0.012438106380686],[0.008586827763424,-0.013083530126663],[0.008556255058909,-0.013830862883083],[0.009171106116382,-0.013898802224461],[0.00919488488656,-0.012906887838452],[0.008918032062339,-0.012519633590793],[0.008850941960764,-0.012461885150303],[0.008759223847219,-0.012433010930053],[0.008701475405356,-0.012433860171825],[0.008685339811307,-0.012438106380686]]]]}},
{"type":"Feature","properties":{"fid":84},"geometry":{"type":"MultiPolygon","coordinates":[[[[0.013365954783226,-0.021448094843384],[0.013453450206809,-0.021458388421907],[0.013458596996432,-0.021669406781486],[0.013404555705395,-0.021656539808349],[0.013389115336528,-0.021628232467444],[0.013358234598793,-0.021543310444699],[0.013365954783226,-0.021448094843384]]]]}},
{"type":"Feature","properties":{"fid":85},"geometry":{"type":"MultiPolygon","coordinates":[[[[0.013371101572849,-0.02373069586342],[0.013474037365299,-0.023805324306525],[0.013530652051147,-0.023933994035923],[0.013358234598793,-0.024013769268088],[0.013371101572849,-0.02373069586342]]]]}},
{"type":"Feature","properties":{"fid":86},"geometry":{"type":"MultiPolygon","coordinates":[[[[0.013448303417187,-0.021291117770815],[0.013479184154922,-0.021391480161492],[0.013360807993604,-0.021381186582964],[0.013358234598793,-0.021301411349349],[0.013448303417187,-0.021291117770815]]]]}},
{"type":"Feature","properties":{"fid":87},"geometry":{"type":"MultiPolygon","coordinates":[[[[0.013360807993604,-0.021134140698086],[0.013386541941716,-0.021141860881995],[0.013456023601621,-0.021260237035209],[0.013358234598793,-0.021262810429843],[0.013360807993604,-0.021134140698086]]]]}},
{"type":"Feature","properties":{"fid":88},"geometry":{"type":"MultiPolygon","coordinates":[[[[0.020138277009721,-0.019025253770845],[0.020714983593704,-0.019492575740416],[0.020357349302322,-0.019467566350856],[0.020167437269398,-0.019440847018484],[0.020105675793928,-0.019402246098533],[0.019879217050536,-0.019162920394639],[0.019778854652897,-0.019090865343938],[0.019410859194886,-0.018735736879333],[0.019495781223658,-0.018589053382872],[0.019809735390632,-0.018753750642048],[0.020138277009721,-0.019025253770845]]]]}},
{"type":"Feature","properties":{"fid":89},"geometry":{"type":"MultiPolygon","coordinates":[[[[0.018414955402927,-0.015331135694982],[0.018636267356696,-0.015356869642172],[0.018914193996312,-0.01564251645577],[0.018880739863766,-0.015974484373787],[0.018690308647732,-0.015905002716572],[0.018636267356696,-0.015552447640713],[0.018435542561417,-0.015539580667131],[0.018414955402927,-0.015331135694982]]]]}},
{"type":"Feature","properties":{"fid":90},"geometry":{"type":"MultiPolygon","coordinates":[[[[0.013935171515096,-0.012878858563537],[0.013938150253531,-0.01287941064006],[0.013941118903225,-0.012880014618651],[0.013944076559899,-0.012880670315333],[0.013947022322623,-0.012881377530374],[0.013949955294088,-0.012882136048351],[0.013952874580883,-0.01288294563821],[0.013955779293765,-0.012883806053342],[0.013958668547931,-0.012884717031658],[0.013961541463284,-0.012885678295665],[0.013964397164708,-0.012886689552551],[0.013967234782328,-0.012887750494279],[0.013970053451779,-0.012888860797674],[0.013972852314466,-0.012890020124529],[0.013975630517828,-0.012891228121701],[0.013978387215599,-0.012892484421222],[0.013981121568061,-0.012893788640411],[0.013983832742304,-0.01289514038199],[0.013986519912478,-0.012896539234206],[0.013989182260044,-0.012897984770956],[0.013991818974027,-0.012899476551913],[0.013994429251257,-0.012901014122668],[0.013997012296619,-0.012902597014862],[0.013999567323292,-0.012904224746329],[0.014022824474588,-0.012879712101793],[0.014053397179103,-0.012902641629599],[0.014029891512562,-0.012929222078279],[0.014031976860131,-0.012931419576046],[0.014034023538466,-0.012933653133456],[0.01403603092413,-0.012935922070145],[0.014037998405653,-0.012938225694973],[0.014039925383721,-0.012940563306235],[0.014041811271358,-0.012942934191871],[0.014043655494105,-0.012945337629686],[0.014045457490193,-0.01294777288757],[0.014047216710716,-0.01295023922372],[0.0140489326198,-0.012952735886865],[0.014050604694762,-0.012955262116499],[0.01405223242627,-0.012957817143107],[0.014053815318504,-0.012960400188403],[0.014055352889298,-0.012963010465566],[0.014056844670293,-0.012965647179481],[0.014058290207079,-0.01296830952698],[0.014059689059331,-0.012970996697085],[0.014061040800944,-0.012973707871258],[0.014062345020166,-0.01297644222365],[0.014063601319719,-0.01297919892135],[0.014064809316921,-0.012981977124641],[0.014065968643806,-0.012984775987256],[0.014067078947229,-0.012987594656634],[0.014068139888984,-0.012990432274182],[0.014069151145896,-0.012993287975532],[0.014070112409926,-0.012996160890812],[0.014071023388265,-0.012999050144903],[0.01407188380342,-0.01300195485771],[0.014072693393299,-0.01300487414443],[0.014073451911295,-0.013007807115819],[0.014074159126354,-0.013010752878467],[0.014074814823053,-0.013013710535065],[0.014075418801659,-0.013016679184683],[0.014075970878196,-0.013019657923041],[0.014076470884495,-0.013022645842786],[0.014076918668249,-0.01302564203377],[0.014110296379173,-0.01302663092807],[0.014110296379173,-0.013068243774803],[0.014077657038476,-0.013067943234647],[0.014077314093059,-0.013070953227859],[0.014076918668249,-0.013073956777411],[0.014076470884495,-0.013076952968394],[0.014075970878196,-0.013079940888139],[0.014075418801659,-0.013082919626496],[0.014074814823053,-0.013085888276113],[0.014074159126354,-0.01308884593271],[0.014073451911295,-0.013091791695357],[0.014072693393299,-0.013094724666746],[0.01407188380342,-0.013097643953465],[0.014071023388265,-0.013100548666271],[0.014070112409926,-0.01310343792036],[0.014069151145896,-0.013106310835639],[0.014068139888984,-0.013109166536988],[0.014067078947229,-0.013112004154534],[0.014065968643806,-0.013114822823911],[0.014064809316921,-0.013117621686524],[0.014063601319719,-0.013120399889814],[0.014062345020166,-0.013123156587513],[0.014061040800944,-0.013125890939903],[0.014059689059331,-0.013128602114074],[0.014058290207079,-0.013131289284178],[0.014056844670293,-0.013133951631674],[0.014055352889298,-0.013136588345588],[0.014053815318504,-0.013139198622749],[0.01405223242627,-0.013141781668043],[0.014050604694762,-0.013144336694649],[0.0140489326198,-0.013146862924281],[0.014047216710716,-0.013149359587424],[0.014045457490193,-0.013151825923572],[0.014043655494105,-0.013154261181454],[0.014041811271358,-0.013156664619267],[0.014039925383721,-0.013159035504901],[0.014037998405653,-0.013161373116161],[0.01403603092413,-0.013163676740987],[0.014034023538466,-0.013165945677674],[0.014031976860131,-0.013168179235082],[0.014051698695519,-0.013188836106114],[0.014021975232796,-0.013218559568048],[0.01400209355299,-0.013193701989853],[0.013999567323292,-0.01319537406477],[0.013997012296619,-0.013197001796236],[0.013994429251257,-0.013198584688428],[0.013991818974027,-0.013200122259181],[0.013989182260044,-0.013201614040136],[0.013986519912478,-0.013203059576884],[0.013983832742304,-0.013204458429098],[0.013981121568061,-0.013205810170676],[0.013978387215599,-0.013207114389864],[0.013975630517828,-0.013208370689383],[0.013972852314466,-0.013209578686553],[0.013970053451779,-0.013210738013406],[0.013967234782328,-0.013211848316801],[0.013964397164708,-0.013212909258527],[0.013961541463284,-0.013213920515412],[0.013958668547931,-0.013214881779417],[0.013955779293765,-0.013215792757732],[0.013952874580883,-0.013216653172863],[0.013949955294088,-0.013217462762721],[0.013947022322623,-0.013218221280696],[0.013944076559899,-0.013218928495737],[0.013941118903225,-0.013219584192418],[0.013938150253531,-0.013220188171009],[0.013935171515096,-0.01322074024753],[0.013932183595273,-0.013221240253816],[0.013929187404212,-0.013221688037558],[0.013926183854582,-0.013222083462358],[0.013928558635666,-0.013255076964133],[0.013883548820685,-0.013253378480595],[0.013883876208948,-0.013222083462358],[0.013880872659318,-0.013221688037558],[0.013877876468257,-0.013221240253816],[0.013874888548434,-0.01322074024753],[0.013871909809999,-0.013220188171009],[0.013868941160305,-0.013219584192418],[0.01386598350363,-0.013218928495737],[0.013863037740907,-0.013218221280696],[0.013860104769441,-0.013217462762721],[0.013857185482646,-0.013216653172863],[0.013854280769764,-0.013215792757732],[0.013851391515599,-0.013214881779417],[0.013848518600246,-0.013213920515412],[0.013845662898822,-0.013212909258527],[0.013842825281202,-0.013211848316801],[0.013840006611751,-0.013210738013406],[0.013837207749064,-0.013209578686553],[0.013834429545701,-0.013208370689383],[0.013831672847931,-0.013207114389864],[0.013828938495469,-0.013205810170676],[0.013826227321226,-0.013204458429098],[0.013823540151052,-0.013203059576884],[0.013820877803486,-0.013201614040136],[0.013818241089503,-0.013200122259181],[0.013815630812273,-0.013198584688428],[0.013813047766911,-0.013197001796236],[0.013810492740238,-0.01319537406477],[0.01380796651054,-0.013193701989853],[0.01380546984733,-0.013191986080815],[0.013803003511118,-0.013190226860338],[0.013788433739971,-0.0132143133592],[0.013758710277248,-0.013192233073192],[0.013778083203399,-0.013168179235082],[0.013776036525064,-0.013165945677674],[0.0137740291394,-0.013163676740987],[0.013772061657877,-0.013161373116161],[0.013770134679809,-0.013159035504901],[0.013768248792172,-0.013156664619267],[0.013766404569425,-0.013154261181454],[0.013764602573337,-0.013151825923572],[0.013762843352814,-0.013149359587424],[0.01376112744373,-0.013146862924281],[0.013759455368768,-0.013144336694649],[0.013757827637259,-0.013141781668043],[0.013756244745026,-0.013139198622749],[0.013754707174232,-0.013136588345588],[0.013753215393237,-0.013133951631674],[0.013751769856451,-0.013131289284178],[0.013750371004199,-0.013128602114074],[0.013749019262585,-0.013125890939903],[0.013747715043363,-0.013123156587513],[0.013746458743811,-0.013120399889814],[0.013745250746609,-0.013117621686524],[0.013744091419724,-0.013114822823911],[0.0137429811163,-0.013112004154534],[0.013741920174546,-0.013109166536988],[0.013740908917634,-0.013106310835639],[0.013739947653604,-0.01310343792036],[0.013739036675265,-0.013100548666271],[0.01373817626011,-0.013097643953465],[0.01373736667023,-0.013094724666746],[0.013736608152235,-0.013091791695357],[0.013735900937176,-0.01308884593271],[0.013735245240477,-0.013085888276113],[0.013734641261871,-0.013082919626496],[0.013734089185334,-0.013079940888139],[0.013733589179035,-0.013076952968394],[0.013733141395281,-0.013073956777411],[0.013732745970471,-0.013070953227859],[0.013732403025054,-0.013067943234647],[0.013700961835386,-0.013070791500113],[0.013700961835386,-0.01302832941161],[0.013732745970471,-0.013028645583323],[0.013733141395281,-0.01302564203377],[0.013733589179035,-0.013022645842786],[0.013734089185334,-0.013019657923041],[0.013734641261871,-0.013016679184683],[0.013735245240477,-0.013013710535065],[0.013735900937176,-0.013010752878467],[0.013736608152235,-0.013007807115819],[0.01373736667023,-0.01300487414443],[0.01373817626011,-0.01300195485771],[0.013739036675265,-0.012999050144903],[0.013739947653604,-0.012996160890812],[0.013740908917634,-0.012993287975532],[0.013741920174546,-0.012990432274182],[0.0137429811163,-0.012987594656634],[0.013744091419724,-0.012984775987256],[0.013745250746609,-0.012981977124641],[0.013746458743811,-0.01297919892135],[0.013747715043363,-0.01297644222365],[0.013749019262585,-0.012973707871258],[0.013750371004199,-0.012970996697085],[0.013751769856451,-0.01296830952698],[0.013753215393237,-0.012965647179481],[0.013754707174232,-0.012963010465566],[0.013756244745026,-0.012960400188403],[0.013757827637259,-0.012957817143107],[0.013759455368768,-0.012955262116499],[0.01376112744373,-0.012952735886865],[0.013762843352814,-0.01295023922372],[0.013764602573337,-0.01294777288757],[0.013766404569425,-0.012945337629686],[0.013768248792172,-0.012942934191871],[0.013770134679809,-0.012940563306235],[0.013772061657877,-0.012938225694973],[0.0137740291394,-0.012935922070145],[0.013776036525064,-0.012933653133456],[0.013778083203399,-0.012931419576046],[0.013780168550968,-0.012929222078279],[0.013781003522581,-0.012928372405015],[0.013762956486208,-0.012906887838452],[0.013791830707139,-0.012880561343564],[0.013813047766911,-0.012902597014862],[0.013815630812273,-0.012901014122668],[0.013818241089503,-0.012899476551913],[0.013820877803486,-0.012897984770956],[0.013823540151052,-0.012896539234206],[0.013826227321226,-0.01289514038199],[0.013828938495469,-0.012893788640411],[0.013831672847931,-0.012892484421222],[0.013834429545701,-0.012891228121701],[0.013837207749064,-0.012890020124529],[0.013840006611751,-0.012888860797674],[0.013842825281202,-0.012887750494279],[0.013845662898822,-0.012886689552551],[0.013848518600246,-0.012885678295665],[0.013851391515599,-0.012884717031658],[0.013854280769764,-0.012883806053342],[0.013857185482646,-0.01288294563821],[0.013860104769441,-0.012882136048351],[0.013863037740907,-0.012881377530374],[0.01386598350363,-0.012880670315333],[0.013868941160305,-0.012880014618651],[0.013871909809999,-0.01287941064006],[0.013874888548434,-0.012878858563537],[0.013877876468257,-0.012878358557251],[0.013880872659318,-0.012877910773508],[0.013883876208948,-0.012877515348707],[0.013886886202238,-0.0128771724033],[0.013883548820685,-0.012844043947424],[0.013929407877458,-0.012846591672736],[0.013932183595273,-0.012878358557251],[0.013935171515096,-0.012878858563537]],[[0.013903489218386,-0.012990361846659],[0.013902449057959,-0.012990370924001],[0.013901409214375,-0.012990398153263],[0.01390037000438,-0.01299044352615],[0.013899331744528,-0.012990507028841],[0.013898294751083,-0.012990588641993],[0.013897259339923,-0.012990688340746],[0.013896225826444,-0.012990806094729],[0.013895194525465,-0.012990941868076],[0.01389416575113,-0.012991095619426],[0.013893139816813,-0.012991267301947],[0.013892117035024,-0.012991456863342],[0.013891097717312,-0.012991664245869],[0.013890082174171,-0.012991889386357],[0.013889070714946,-0.012992132216227],[0.013888063647737,-0.012992392661509],[0.013887061279306,-0.01299267064287],[0.013886063914985,-0.012992966075634],[0.01388507185858,-0.012993278869809],[0.01388408541228,-0.012993608930115],[0.013883104876569,-0.012993956156013],[0.013882130550125,-0.012994320441733],[0.013881162729738,-0.012994701676312],[0.013880201710217,-0.012995099743622],[0.013879247784295,-0.012995514522406],[0.01387830124255,-0.012995945886321],[0.013877362373306,-0.012996393703967],[0.013876431462552,-0.012996857838936],[0.013875508793852,-0.012997338149847],[0.013874594648261,-0.012997834490393],[0.013873689304236,-0.012998346709384],[0.013872793037553,-0.012998874650794],[0.013871906121225,-0.012999418153805],[0.013871028825413,-0.012999977052862],[0.013870161417352,-0.013000551177718],[0.013869304161262,-0.01300114035349],[0.013868457318272,-0.013001744400709],[0.013867621146338,-0.013002363135377],[0.013866795900165,-0.01300299636902],[0.013865981831133,-0.01300364390875],[0.013865179187215,-0.01300430555732],[0.013864388212903,-0.013004981113185],[0.013863609149136,-0.013005670370564],[0.013862842233225,-0.013006373119504],[0.013862087698779,-0.013007089145939],[0.013861345775637,-0.013007818231761],[0.013860616689796,-0.013008560154884],[0.013859900663342,-0.01300931468931],[0.013859197914385,-0.013010081605202],[0.013858508656988,-0.013010860668949],[0.013857833101105,-0.01301165164324],[0.013857171452519,-0.013012454287138],[0.013856523912772,-0.013013268356149],[0.013855890679112,-0.0130140936023],[0.013855271944429,-0.013014929774213],[0.013854667897194,-0.013015776617181],[0.013854078721407,-0.013016633873249],[0.013853504596536,-0.013017501281288],[0.013852945697464,-0.013018378577076],[0.013852402194439,-0.013019265493382],[0.013851874253016,-0.013020161760041],[0.013851362034012,-0.013021067104043],[0.013850865693453,-0.013021981249611],[0.01385038538253,-0.013022903918286],[0.013849921247549,-0.013023834829016],[0.013849473429891,-0.013024773698236],[0.013849042065966,-0.013025720239957],[0.01384862728717,-0.013026674165854],[0.013848229219851,-0.013027635185351],[0.013847847985262,-0.013028603005712],[0.013847483699532,-0.013029577332131],[0.013847136473625,-0.013030557867817],[0.01384680641331,-0.013031544314091],[0.013846493619127,-0.013032536370471],[0.013846198186356,-0.013033533734766],[0.013845920204988,-0.013034536103171],[0.013845659759699,-0.013035543170354],[0.013845416929823,-0.013036554629553],[0.013845191789329,-0.013037570172667],[0.013844984406797,-0.013038589490353],[0.013844794845397,-0.013039612272115],[0.013844623162872,-0.013040638206406],[0.013844469411517,-0.013041666980715],[0.013844333638168,-0.013042698281667],[0.013844215884181,-0.013043731795119],[0.013844116185426,-0.013044767206252],[0.013844034572271,-0.013045804199671],[0.013843971069579,-0.013046842459496],[0.01384392569669,-0.013047881669464],[0.013843898467428,-0.013048921513021],[0.013843889390085,-0.013049961673421],[0.013843898467428,-0.013051001833821],[0.01384392569669,-0.013052041677378],[0.013843971069579,-0.013053080887346],[0.013844034572271,-0.013054119147171],[0.013844116185426,-0.013055156140589],[0.013844215884181,-0.013056191551723],[0.013844333638168,-0.013057225065175],[0.013844469411517,-0.013058256366127],[0.013844623162872,-0.013059285140436],[0.013844794845397,-0.013060311074726],[0.013844984406797,-0.013061333856488],[0.013845191789329,-0.013062353174174],[0.013845416929823,-0.013063368717288],[0.013845659759699,-0.013064380176487],[0.013845920204988,-0.01306538724367],[0.013846198186356,-0.013066389612074],[0.013846493619127,-0.01306738697637],[0.01384680641331,-0.013068379032749],[0.013847136473625,-0.013069365479023],[0.013847483699532,-0.013070346014709],[0.013847847985262,-0.013071320341128],[0.013848229219851,-0.013072288161489],[0.01384862728717,-0.013073249180986],[0.013849042065966,-0.013074203106882],[0.013849473429891,-0.013075149648603],[0.013849921247549,-0.013076088517823],[0.01385038538253,-0.013077019428553],[0.013850865693453,-0.013077942097228],[0.013851362034012,-0.013078856242795],[0.013851874253016,-0.013079761586797],[0.013852402194439,-0.013080657853456],[0.013852945697464,-0.013081544769762],[0.013853504596536,-0.01308242206555],[0.013854078721407,-0.013083289473588],[0.013854667897194,-0.013084146729656],[0.013855271944429,-0.013084993572624],[0.013855890679112,-0.013085829744537],[0.013856523912772,-0.013086654990688],[0.013857171452519,-0.013087469059698],[0.013857833101105,-0.013088271703596],[0.013858508656988,-0.013089062677887],[0.013859197914385,-0.013089841741633],[0.013859900663342,-0.013090608657525],[0.013860616689796,-0.013091363191951],[0.013861345775637,-0.013092105115074],[0.013862087698779,-0.013092834200896],[0.013862842233225,-0.013093550227331],[0.013863609149136,-0.01309425297627],[0.013864388212903,-0.013094942233649],[0.013865179187215,-0.013095617789514],[0.013865981831133,-0.013096279438083],[0.013866795900165,-0.013096926977813],[0.013867621146338,-0.013097560211456],[0.013868457318272,-0.013098178946123],[0.013869304161262,-0.013098782993342],[0.013870161417352,-0.013099372169114],[0.013871028825413,-0.01309994629397],[0.013871906121225,-0.013100505193027],[0.013872793037553,-0.013101048696038],[0.013873689304236,-0.013101576637447],[0.013874594648261,-0.013102088856438],[0.013875508793852,-0.013102585196984],[0.013876431462552,-0.013103065507895],[0.013877362373306,-0.013103529642863],[0.01387830124255,-0.01310397746051],[0.013879247784295,-0.013104408824424],[0.013880201710217,-0.013104823603208],[0.013881162729738,-0.013105221670517],[0.013882130550125,-0.013105602905096],[0.013883104876569,-0.013105967190817],[0.01388408541228,-0.013106314416714],[0.01388507185858,-0.01310664447702],[0.013886063914985,-0.013106957271195],[0.013887061279306,-0.013107252703959],[0.013888063647737,-0.01310753068532],[0.013889070714946,-0.013107791130602],[0.013890082174171,-0.013108033960471],[0.013891097717312,-0.013108259100959],[0.013892117035024,-0.013108466483486],[0.013893139816813,-0.013108656044881],[0.01389416575113,-0.013108827727402],[0.013895194525465,-0.013108981478752],[0.013896225826444,-0.013109117252098],[0.013897259339923,-0.013109235006082],[0.013898294751083,-0.013109334704835],[0.013899331744528,-0.013109416317987],[0.01390037000438,-0.013109479820678],[0.013901409214375,-0.013109525193565],[0.013902449057959,-0.013109552422827],[0.013903489218386,-0.013109561500169],[0.013904529378814,-0.013109552422827],[0.013905569222398,-0.013109525193565],[0.013906608432393,-0.013109479820678],[0.013907646692245,-0.013109416317987],[0.01390868368569,-0.013109334704835],[0.01390971909685,-0.013109235006082],[0.013910752610329,-0.013109117252098],[0.013911783911308,-0.013108981478752],[0.013912812685643,-0.013108827727402],[0.01391383861996,-0.013108656044881],[0.013914861401749,-0.013108466483486],[0.013915880719461,-0.013108259100959],[0.013916896262602,-0.013108033960471],[0.013917907721827,-0.013107791130602],[0.013918914789036,-0.01310753068532],[0.013919917157467,-0.013107252703959],[0.013920914521788,-0.013106957271195],[0.013921906578193,-0.01310664447702],[0.013922893024493,-0.013106314416714],[0.013923873560204,-0.013105967190817],[0.013924847886648,-0.013105602905096],[0.013925815707035,-0.013105221670517],[0.013926776726556,-0.013104823603208],[0.013927730652478,-0.013104408824424],[0.013928677194223,-0.01310397746051],[0.013929616063467,-0.013103529642863],[0.013930546974221,-0.013103065507895],[0.013931469642921,-0.013102585196984],[0.013932383788512,-0.013102088856438],[0.013933289132537,-0.013101576637447],[0.01393418539922,-0.013101048696038],[0.013935072315548,-0.013100505193027],[0.01393594961136,-0.01309994629397],[0.013936817019421,-0.013099372169114],[0.013937674275511,-0.013098782993342],[0.013938521118501,-0.013098178946123],[0.013939357290435,-0.013097560211456],[0.013940182536608,-0.013096926977813],[0.01394099660564,-0.013096279438083],[0.013941799249558,-0.013095617789514],[0.01394259022387,-0.013094942233649],[0.013943369287637,-0.01309425297627],[0.013944136203548,-0.013093550227331],[0.013944890737994,-0.013092834200896],[0.013945632661136,-0.013092105115074],[0.013946361746977,-0.013091363191951],[0.013947077773431,-0.013090608657525],[0.013947780522388,-0.013089841741633],[0.013948469779785,-0.013089062677887],[0.013949145335668,-0.013088271703596],[0.013949806984254,-0.013087469059698],[0.013950454524001,-0.013086654990688],[0.013951087757661,-0.013085829744537],[0.013951706492344,-0.013084993572624],[0.013952310539579,-0.013084146729656],[0.013952899715366,-0.013083289473588],[0.013953473840237,-0.01308242206555],[0.013954032739309,-0.013081544769762],[0.013954576242334,-0.013080657853456],[0.013955104183757,-0.013079761586797],[0.013955616402761,-0.013078856242795],[0.01395611274332,-0.013077942097228],[0.013956593054243,-0.013077019428553],[0.013957057189224,-0.013076088517823],[0.013957505006882,-0.013075149648603],[0.013957936370807,-0.013074203106882],[0.013958351149603,-0.013073249180986],[0.013958749216922,-0.013072288161489],[0.013959130451511,-0.013071320341128],[0.013959494737241,-0.013070346014709],[0.013959841963148,-0.013069365479023],[0.013960172023463,-0.013068379032749],[0.013960484817646,-0.01306738697637],[0.013960780250417,-0.013066389612074],[0.013961058231785,-0.01306538724367],[0.013961318677074,-0.013064380176487],[0.01396156150695,-0.013063368717288],[0.013961786647444,-0.013062353174174],[0.013961994029976,-0.013061333856488],[0.013962183591376,-0.013060311074726],[0.013962355273901,-0.013059285140436],[0.013962509025256,-0.013058256366127],[0.013962644798605,-0.013057225065175],[0.013962762552592,-0.013056191551723],[0.013962862251347,-0.013055156140589],[0.013962943864502,-0.013054119147171],[0.013963007367194,-0.013053080887346],[0.013963052740083,-0.013052041677378],[0.013963079969345,-0.013051001833821],[0.013963089046688,-0.013049961673421],[0.013963079969345,-0.013048921513021],[0.013963052740083,-0.013047881669464],[0.013963007367194,-0.013046842459496],[0.013962943864502,-0.013045804199671],[0.013962862251347,-0.013044767206252],[0.013962762552592,-0.013043731795119],[0.013962644798605,-0.013042698281667],[0.013962509025256,-0.013041666980715],[0.013962355273901,-0.013040638206406],[0.013962183591376,-0.013039612272115],[0.013961994029976,-0.013038589490353],[0.013961786647444,-0.013037570172667],[0.01396156150695,-0.013036554629553],[0.013961318677074,-0.013035543170354],[0.013961058231785,-0.013034536103171],[0.013960780250417,-0.013033533734766],[0.013960484817646,-0.013032536370471],[0.013960172023463,-0.013031544314091],[0.013959841963148,-0.013030557867817],[0.013959494737241,-0.013029577332131],[0.013959130451511,-0.013028603005712],[0.013958749216922,-0.013027635185351],[0.013958351149603,-0.013026674165854],[0.013957936370807,-0.013025720239957],[0.013957505006882,-0.013024773698236],[0.013957057189224,-0.013023834829016],[0.013956593054243,-0.013022903918286],[0.01395611274332,-0.013021981249611],[0.013955616402761,-0.013021067104043],[0.013955104183757,-0.013020161760041],[0.013954576242334,-0.013019265493382],[0.013954032739309,-0.013018378577076],[0.013953473840237,-0.013017501281288],[0.013952899715366,-0.013016633873249],[0.013952310539579,-0.013015776617181],[0.013951706492344,-0.013014929774213],[0.013951087757661,-0.0130140936023],[0.013950454524001,-0.013013268356149],[0.013949806984254,-0.013012454287138],[0.013949145335668,-0.01301165164324],[0.013948469779785,-0.013010860668949],[0.013947780522388,-0.013010081605202],[0.013947077773431,-0.01300931468931],[0.013946361746977,-0.013008560154884],[0.013945632661136,-0.013007818231761],[0.013944890737994,-0.013007089145939],[0.013944136203548,-0.013006373119504],[0.013943369287637,-0.013005670370564],[0.01394259022387,-0.013004981113185],[0.013941799249558,-0.01300430555732],[0.01394099660564,-0.01300364390875],[0.013940182536608,-0.01300299636902],[0.013939357290435,-0.013002363135377],[0.013938521118501,-0.013001744400709],[0.013937674275511,-0.01300114035349],[0.013936817019421,-0.013000551177718],[0.01393594961136,-0.012999977052862],[0.013935072315548,-0.012999418153805],[0.01393418539922,-0.012998874650794],[0.013933289132537,-0.012998346709384],[0.013932383788512,-0.012997834490393],[0.013931469642921,-0.012997338149847],[0.013930546974221,-0.012996857838936],[0.013929616063467,-0.012996393703967],[0.013928677194223,-0.012995945886321],[0.013927730652478,-0.012995514522406],[0.013926776726556,-0.012995099743622],[0.013925815707035,-0.012994701676312],[0.013924847886648,-0.012994320441733],[0.013923873560204,-0.012993956156013],[0.013922893024493,-0.012993608930115],[0.013921906578193,-0.012993278869809],[0.013920914521788,-0.012992966075634],[0.013919917157467,-0.01299267064287],[0.013918914789036,-0.012992392661509],[0.013917907721827,-0.012992132216227],[0.013916896262602,-0.012991889386357],[0.013915880719461,-0.012991664245869],[0.013914861401749,-0.012991456863342],[0.01391383861996,-0.012991267301947],[0.013912812685643,-0.012991095619426],[0.013911783911308,-0.012990941868076],[0.013910752610329,-0.012990806094729],[0.01390971909685,-0.012990688340746],[0.01390868368569,-0.012990588641993],[0.013907646692245,-0.012990507028841],[0.013906608432393,-0.01299044352615],[0.013905569222398,-0.012990398153263],[0.013904529378814,-0.012990370924001],[0.013903489218386,-0.012990361846659]]]]}},
{"type":"Feature","properties":{"fid":91},"geometry":{"type":"MultiPolygon","coordinates":[[[[0.01538864310488,-0.0223770903023],[0.015442684395917,-0.022433704983819],[0.015440111001105,-0.022456865535343],[0.015151890782244,-0.022613842606688],[0.015141597202999,-0.022562374714463],[0.01538864310488,-0.0223770903023]]]]}},
{"type":"Feature","properties":{"fid":92},"geometry":{"type":"MultiPolygon","coordinates":[[[[0.014076211751135,-0.024116705051459],[0.014176574148775,-0.024145012391873],[0.014148266805851,-0.024435805979413],[0.013999009906797,-0.024428085795681],[0.013993863117175,-0.024126998629792],[0.014076211751135,-0.024116705051459]]]]}},
{"type":"Feature","properties":{"fid":93},"geometry":{"type":"MultiPolygon","coordinates":[[[[0.016047432176564,-0.023264911441753],[0.016096326677978,-0.023362700436486],[0.016062872545431,-0.023396154566247],[0.016091179888355,-0.023524824296024],[0.015988244095905,-0.023532544479807],[0.015957363358169,-0.023316379333726],[0.016047432176564,-0.023264911441753]]]]}},
{"type":"Feature","properties":{"fid":94},"geometry":{"type":"MultiPolygon","coordinates":[[[[0.016093753283167,-0.021108406751722],[0.016204409260051,-0.021460961816538],[0.01606029915062,-0.02154073705007],[0.015957363358169,-0.021139287487359],[0.016093753283167,-0.021108406751722]]]]}},
{"type":"Feature","properties":{"fid":95},"geometry":{"type":"MultiPolygon","coordinates":[[[[0.012858996005407,-0.02548575096276],[0.013052000616252,-0.025488324357317],[0.013041707037007,-0.025658168397942],[0.012846129031351,-0.025637581241515],[0.012858996005407,-0.02548575096276]]]]}},
{"type":"Feature","properties":{"fid":96},"geometry":{"type":"MultiPolygon","coordinates":[[[[0.019654044163842,-0.016832710791934],[0.019919103818066,-0.017028288780687],[0.01984190197703,-0.017299781909482],[0.019551108375794,-0.017132511261455],[0.019654044163842,-0.016832710791934]]]]}},
{"type":"Feature","properties":{"fid":97},"geometry":{"type":"MultiPolygon","coordinates":[[[[0.014024581301075,-0.022748769536601],[0.01402474385491,-0.022750232520998],[0.013816298875198,-0.02272707196952],[0.013813725480386,-0.022490319665316],[0.013968129169062,-0.02247745269225],[0.014094225514814,-0.022637003158184],[0.014073638356324,-0.022742512337172],[0.014054355845145,-0.022729657330731],[0.013966575321383,-0.022585716160568],[0.013932650186814,-0.02260476184867],[0.014024581301075,-0.022748769536601]]]]}},
{"type":"Feature","properties":{"fid":98},"geometry":{"type":"MultiPolygon","coordinates":[[[[0.020872547447684,-0.007423093602148],[0.021065552058529,-0.007876011084893],[0.020893134606175,-0.007999534034648],[0.020653808888727,-0.007639258764427],[0.020872547447684,-0.007423093602148]]]]}},
{"type":"Feature","properties":{"fid":99},"geometry":{"type":"MultiPolygon","coordinates":[[[[0.020751597891555,-0.013568360305394],[0.020653808888727,-0.012760314355992],[0.021083565822208,-0.012989346488412],[0.021114446559943,-0.013313594226089],[0.021078419032586,-0.013318741015573],[0.020972909845324,-0.013277566699702],[0.020942029107589,-0.013352195147213],[0.021214808957583,-0.013465424515808],[0.021258556669374,-0.013570933700133],[0.020840412684722,-0.013575853040991],[0.020821227231662,-0.013574234487122],[0.020751597891555,-0.013568360305394]]]]}},
{"type":"Feature","properties":{"fid":100},"geometry":{"type":"MultiPolygon","coordinates":[[[[0.014297523704904,-0.02616770051846],[0.014611477871878,-0.026448200523319],[0.014457074183202,-0.026664365664246],[0.014359285180374,-0.02643790694517],[0.014297523704904,-0.02616770051846]]]]}},
{"type":"Feature","properties":{"fid":101},"geometry":{"type":"MultiPolygon","coordinates":[[[[0.018687735252921,-0.013774231884435],[0.018698028832166,-0.013887461252831],[0.018417528797738,-0.01401613098958],[0.018376354480758,-0.013781952068645],[0.018687735252921,-0.013774231884435]]]]}},
{"type":"Feature","properties":{"fid":102},"geometry":{"type":"MultiPolygon","coordinates":[[[[0.017076790101069,-0.024669984885736],[0.017300675449649,-0.024641677545433],[0.017298102054838,-0.024868136267687],[0.017079363495881,-0.024891296818805],[0.017076790101069,-0.024669984885736]]]]}},
{"type":"Feature","properties":{"fid":103},"geometry":{"type":"MultiPolygon","coordinates":[[[[0.017416478216156,-0.022850594910691],[0.017449932348703,-0.022866035278329],[0.017527134193041,-0.022984411430172],[0.01760690943219,-0.023216016944362],[0.017442212164269,-0.023403874750037],[0.017346996556252,-0.023475929798723],[0.017290381870404,-0.023342113279706],[0.017228620394934,-0.0230024251924],[0.01724148736899,-0.022974117851755],[0.017416478216156,-0.022850594910691]]]]}},
{"type":"Feature","properties":{"fid":104},"geometry":{"type":"MultiPolygon","coordinates":[[[[0.01416628056953,-0.020822759946796],[0.014230615439811,-0.020863934261051],[0.014220321860566,-0.021044071885793],[0.014145693411039,-0.02103635170188],[0.014117386068115,-0.020869081050332],[0.01416628056953,-0.020822759946796]]]]}},
{"type":"Feature","properties":{"fid":105},"geometry":{"type":"MultiPolygon","coordinates":[[[[0.014974326540267,-0.010117437937729],[0.015285707312429,-0.010197213175624],[0.015259973364317,-0.010397937967661],[0.014946019197343,-0.010356763651356],[0.014933152223286,-0.010331029703663],[0.014974326540267,-0.010117437937729]]]]}},
{"type":"Feature","properties":{"fid":106},"geometry":{"type":"MultiPolygon","coordinates":[[[[0.020278093246282,-0.025295319765425],[0.020357868485432,-0.025387961969569],[0.020193171217511,-0.025508911513768],[0.020167437269398,-0.025501191330099],[0.020144276716097,-0.025550085826661],[0.020013033580722,-0.025635007846961],[0.019961565684497,-0.025547512432106],[0.020278093246282,-0.025295319765425]]]]}},
{"type":"Feature","properties":{"fid":107},"geometry":{"type":"MultiPolygon","coordinates":[[[[0.018613106803394,-0.013128309804611],[0.018901327022256,-0.013112869436149],[0.018903900417067,-0.013130883199355],[0.018860152705276,-0.013118016225636],[0.018847285731219,-0.013136029988842],[0.018824125177918,-0.013118016225636],[0.018829271967541,-0.013632695173863],[0.018196216843969,-0.013630121779125],[0.01856421230198,-0.013210658436396],[0.018613106803394,-0.013128309804611]]]]}},
{"type":"Feature","properties":{"fid":108},"geometry":{"type":"MultiPolygon","coordinates":[[[[0.018965661892538,-0.005554808981235],[0.019395418826019,-0.005526501638443],[0.019428872958565,-0.00568090532638],[0.019102051817535,-0.005804428276701],[0.019037716947253,-0.005807001671499],[0.018965661892538,-0.005554808981235]]]]}},
{"type":"Feature","properties":{"fid":109},"geometry":{"type":"MultiPolygon","coordinates":[[[[0.023134561486786,-0.009121534159818],[0.02322463030518,-0.009275937846504],[0.023327566097631,-0.009489529612975],[0.022956997244809,-0.009492103007751],[0.022946703665563,-0.009340272715937],[0.022892662374527,-0.009198736003169],[0.023134561486786,-0.009121534159818]]]]}},
{"type":"Feature","properties":{"fid":110},"geometry":{"type":"MultiPolygon","coordinates":[[[[0.000000178873474,-0.00000009673279],[0.000000179712649,-0.000000098502688],[0.000000174860689,-0.000000099936915],[0.000000174540276,-0.000000098914647],[0.000000173304399,-0.000000096152996],[0.000000173014502,-0.000000095680006],[0.000000177652855,-0.000000094261037],[0.000000178553061,-0.000000096137738],[0.000000176416978,-0.00000009687011],[0.000000176188112,-0.000000096152996],[0.000000175516771,-0.000000096336089],[0.000000176142339,-0.000000098167017],[0.000000176813679,-0.00000009801444],[0.000000176630586,-0.000000097495677],[0.000000178873474,-0.00000009673279]]]]}},
{"type":"Feature","properties":{"fid":111},"geometry":{"type":"MultiPolygon","coordinates":[[[[0.000000137435365,-0.000000098421035],[0.00000013693186,-0.000000101701448],[0.000000140029181,-0.000000102998356],[0.000000141127738,-0.000000100023097],[0.00000014111248,-0.000000099748458],[0.000000137435365,-0.000000098421035]]]]}},
{"type":"Feature","properties":{"fid":112},"geometry":{"type":"MultiPolygon","coordinates":[[[[0.019760840889218,-0.022140337997529],[0.019832895943934,-0.022171218732956],[0.019889510629781,-0.022232980203789],[0.01990752439346,-0.022287021490747],[0.019912671183083,-0.02246201232457],[0.019953845500063,-0.022616416001299],[0.019861203286858,-0.022742512337172],[0.019665625281201,-0.022449145351502],[0.019629597753844,-0.022325622409991],[0.019670772070824,-0.022158351759862],[0.019691359229314,-0.02213776460291],[0.019760840889218,-0.022140337997529]]]]}},
{"type":"Feature","properties":{"fid":113},"geometry":{"type":"MultiPolygon","coordinates":[[[[0.023668539897718,-0.015466238259909],[0.023932312854591,-0.015493258903285],[0.023941319736045,-0.015841953872261],[0.023660819713614,-0.015790485980198],[0.023668539897718,-0.015466238259909]]]]}},
{"type":"Feature","properties":{"fid":114},"geometry":{"type":"MultiPolygon","coordinates":[[[[0.015095276096396,-0.023720402285057],[0.015319161444976,-0.023661214209458],[0.015339748603466,-0.023782163755221],[0.015283133917618,-0.023802750911936],[0.015283133917618,-0.023877379355003],[0.015360335761956,-0.023885099538766],[0.015373202736012,-0.023954581192615],[0.01536805594639,-0.023993182111405],[0.015324308234598,-0.024000902295162],[0.015100422886018,-0.023841351830769],[0.015084982517151,-0.023743562836372],[0.015095276096396,-0.023720402285057]]]]}},
{"type":"Feature","properties":{"fid":115},"geometry":{"type":"MultiPolygon","coordinates":[[[[0.015084982517151,-0.01896476900514],[0.01512358343932,-0.018972489189151],[0.015154464177055,-0.01912946626396],[0.015218799047337,-0.019142333237299],[0.01522651923177,-0.019201521314645],[0.015311441260542,-0.019209241498645],[0.015311441260542,-0.019291590127957],[0.015182771519979,-0.019294163522623],[0.015110716465264,-0.019245269023974],[0.015084982517151,-0.01896476900514]]]]}},
{"type":"Feature","properties":{"fid":116},"geometry":{"type":"MultiPolygon","coordinates":[[[[0.015121010044509,-0.026332397769096],[0.015239386205827,-0.026399306027104],[0.015280560522807,-0.026473934468687],[0.015195638494035,-0.026630911535317],[0.015084982517151,-0.026370998687182],[0.015121010044509,-0.026332397769096]]]]}},
{"type":"Feature","properties":{"fid":117},"geometry":{"type":"MultiPolygon","coordinates":[[[[0.01431039067896,-0.006563579741596],[0.014729854033196,-0.00667938250733],[0.014536849422352,-0.006846653168897],[0.014441633814335,-0.006967602724147],[0.014361858575186,-0.007137446780404],[0.014323257653017,-0.007294423862646],[0.014197161307265,-0.007230088992881],[0.014320684258205,-0.006947015565809],[0.013937248431327,-0.006730850403203],[0.014145693411039,-0.006656221954185],[0.01431039067896,-0.006563579741596]]]]}},
{"type":"Feature","properties":{"fid":118},"geometry":{"type":"MultiPolygon","coordinates":[[[[0.016971280913808,-0.023483649982508],[0.017120537812861,-0.023658640814866],[0.017115391023238,-0.023689521549965],[0.016968707518996,-0.023810471095704],[0.016840037778433,-0.023686948155374],[0.016716514827492,-0.023725549074239],[0.016719088222304,-0.023640627052722],[0.016971280913808,-0.023483649982508]]]]}},
{"type":"Feature","properties":{"fid":119},"geometry":{"type":"MultiPolygon","coordinates":[[[[0.020743877707121,-0.022817140780801],[0.020743877707121,-0.022817140780801],[0.020429923540147,-0.022886622435179],[0.02015199690053,-0.022907209592025],[0.019933258341573,-0.02289176922439],[0.019935831736384,-0.022845448121477],[0.020087662030249,-0.022642149947405],[0.020260079482603,-0.022353929750763],[0.020373308854299,-0.022443998562275],[0.020527712542975,-0.022521200400669],[0.020785052024101,-0.022521200400669],[0.020844240104761,-0.022541787557567],[0.020911148369853,-0.022611269212077],[0.020911148369853,-0.022611269212077],[0.020931643519584,-0.022648507413519],[0.020937000119779,-0.022697311989254],[0.020922120674792,-0.022758615297775],[0.020743877707121,-0.022817140780801]]]]}},
{"type":"Feature","properties":{"fid":120},"geometry":{"type":"MultiPolygon","coordinates":[[[[0.013481757549733,-0.02452330139501],[0.013497197918601,-0.024608223415976],[0.013453450206809,-0.024613370205124],[0.013466317180866,-0.024549035340763],[0.013481757549733,-0.02452330139501]]]]}},
{"type":"Feature","properties":{"fid":121},"geometry":{"type":"MultiPolygon","coordinates":[[[[0.015470991738841,-0.020158824127952],[0.015553340372801,-0.020218012204937],[0.015535326609122,-0.020418736987594],[0.015504445871387,-0.020488218643071],[0.01545040458035,-0.020475351669837],[0.015416950447804,-0.02043417735548],[0.015422097237427,-0.0202874938605],[0.015470991738841,-0.020158824127952]]]]}},
{"type":"Feature","properties":{"fid":122},"geometry":{"type":"MultiPolygon","coordinates":[[[[0.013672188765767,-0.020025007605994],[0.013793138321896,-0.020040447973918],[0.013787991532274,-0.02022573238889],[0.013605280500674,-0.020205145231681],[0.013672188765767,-0.020025007605994]]]]}},
{"type":"Feature","properties":{"fid":123},"geometry":{"type":"MultiPolygon","coordinates":[[[[0.022488638427217,-0.015174157971764],[0.022832186619827,-0.015149710722958],[0.022830899922476,-0.015199891917872],[0.022814172856919,-0.015196031825956],[0.022693223305962,-0.015403190092017],[0.022666202661599,-0.015407050183929],[0.022525952650384,-0.015334995134889],[0.022439743927894,-0.015461091470694],[0.022451324204049,-0.015493258903285],[0.02249507191397,-0.015520279546658],[0.022529812742436,-0.015500979087106],[0.022555546689448,-0.01544951119496],[0.02264561550399,-0.015490685508678],[0.02256069347885,-0.015690123590638],[0.022511798979527,-0.01569655707715],[0.022316220982236,-0.015603914871362],[0.022197844825981,-0.015261653388519],[0.022488638427217,-0.015174157971764]]]]}},
{"type":"Feature","properties":{"fid":124},"geometry":{"type":"MultiPolygon","coordinates":[[[[0.024305455086265,-0.013621114318669],[0.024349202796186,-0.013637841383754],[0.024331189033277,-0.013852719835121],[0.023883418355268,-0.014032857458871],[0.023807503211583,-0.014045724431991],[0.023779195869869,-0.01364298817301],[0.024305455086265,-0.013621114318669]]]]}},
{"type":"Feature","properties":{"fid":125},"geometry":{"type":"MultiPolygon","coordinates":[[[[0.021204515378338,-0.011900800508942],[0.02161625854814,-0.012104098694571],[0.021701180576912,-0.01271914004003],[0.021714047550968,-0.013151470357304],[0.021214808957583,-0.012953318961978],[0.021222529142016,-0.012667672145068],[0.02147472183352,-0.012690832697802],[0.021477295228332,-0.012415479459606],[0.021461854859464,-0.012237915221738],[0.021245689695318,-0.012191594116188],[0.021227675931639,-0.01216843356341],[0.021204515378338,-0.011900800508942]]]]}},
{"type":"Feature","properties":{"fid":126},"geometry":{"type":"MultiPolygon","coordinates":[[[[0.019077603750773,-0.015831660293849],[0.019305349181829,-0.015852247450672],[0.019275755142765,-0.016318031873233],[0.019005548699139,-0.016310311689442],[0.019059589987864,-0.015845813964165],[0.019077603750773,-0.015831660293849]]]]}},
{"type":"Feature","properties":{"fid":127},"geometry":{"type":"MultiPolygon","coordinates":[[[[0.018975954660075,-0.011882786241127],[0.019774993714799,-0.011756689903451],[0.019784000596253,-0.011808157796387],[0.019848335463783,-0.012339563790385],[0.019188259722925,-0.012410332143017],[0.019015842277944,-0.012406472051056],[0.018975954660075,-0.011882786241127]]]]}},
{"type":"Feature","properties":{"fid":128},"geometry":{"type":"MultiPolygon","coordinates":[[[[0.014820058743621,-0.022077005214652],[0.014768375647308,-0.022070418548553],[0.014780880342811,-0.021932866908163],[0.014825069641213,-0.021924172849365],[0.014958886171399,-0.021926746243988],[0.014966606355833,-0.022078576526657],[0.014848629008979,-0.022080646304519],[0.014820058743621,-0.022077005214652]]]]}},
{"type":"Feature","properties":{"fid":129},"geometry":{"type":"MultiPolygon","coordinates":[[[[0.024333762427979,-0.017032148872569],[0.024241120218735,-0.017581568616208],[0.023897572026125,-0.017540394302923],[0.024021094971783,-0.017082330067018],[0.024333762427979,-0.017032148872569]]]]}},
{"type":"Feature","properties":{"fid":130},"geometry":{"type":"MultiPolygon","coordinates":[[[[0.014606331082256,-0.025447150044404],[0.014683532926594,-0.02549347114643],[0.014629491635557,-0.025604127112313],[0.014572876949709,-0.025550085826661],[0.014606331082256,-0.025447150044404]]]]}},
{"type":"Feature","properties":{"fid":131},"geometry":{"type":"MultiPolygon","coordinates":[[[[0.019737680335917,-0.0194537139918],[0.019732533546294,-0.019466580965114],[0.019977006053364,-0.019471727754439],[0.0200078867911,-0.019489741517077],[0.020036194134023,-0.019551502988963],[0.020036194134023,-0.019687892905963],[0.020010460185911,-0.019767668140384],[0.019884363840159,-0.019896337873239],[0.019572983067996,-0.01950518188505],[0.019629597753844,-0.019461434175788],[0.019737680335917,-0.0194537139918]]]]}},
{"type":"Feature","properties":{"fid":132},"geometry":{"type":"MultiPolygon","coordinates":[[[[0.021000512105781,-0.016171138448739],[0.020972908948208,-0.016217669483931],[0.020876406646913,-0.01611859379188],[0.020948461698547,-0.015730011207007],[0.020853246094602,-0.015468811654516],[0.020918867659483,-0.015340141924107],[0.021095145196515,-0.015564027254969],[0.021267562641496,-0.01570813735287],[0.021162767457219,-0.015890463926712],[0.021000512105781,-0.016171138448739]]]]}},
{"type":"Feature","properties":{"fid":133},"geometry":{"type":"MultiPolygon","coordinates":[[[[0.018232419820484,-0.004963005891346],[0.018353035703416,-0.004958931030452],[0.018355364389154,-0.004968058407848],[0.01835629165535,-0.004971692864993],[0.018401522260205,-0.005148976039652],[0.018404816171969,-0.005161886659276],[0.018307207012857,-0.005171409504029],[0.018319110568847,-0.005245211550857],[0.018645863180751,-0.005208905705241],[0.01863574515816,-0.00513272294722],[0.018499533160644,-0.005136521688172],[0.018456129719907,-0.004960354782338],[0.018700602226977,-0.004968074966743],[0.018826698572729,-0.005464740163257],[0.018332606768966,-0.005539368612439],[0.018167909501046,-0.004960354782338],[0.018232419820484,-0.004963005891346]]]]}},
{"type":"Feature","properties":{"fid":134},"geometry":{"type":"MultiPolygon","coordinates":[[[[0.018963088497726,-0.014296631015446],[0.018983675656216,-0.014332658541679],[0.018973382076971,-0.014842190697794],[0.018736629754335,-0.014739254908773],[0.018654281120375,-0.014656906277522],[0.018577079276037,-0.01449220901493],[0.018587372855282,-0.014466475067639],[0.018963088497726,-0.014296631015446]]]]}},
{"type":"Feature","properties":{"fid":135},"geometry":{"type":"MultiPolygon","coordinates":[[[[0.014935725618098,-0.010428818704886],[0.01522651923177,-0.010475139810718],[0.015244532995449,-0.010516314127008],[0.015236812811015,-0.010590942575268],[0.015275413733184,-0.010588369180501],[0.01530629447092,-0.010508593942704],[0.015470991738841,-0.010552341653756],[0.015478711923274,-0.01069645176071],[0.015519886240255,-0.010747919656034],[0.015790092695437,-0.010856002236186],[0.015736051404401,-0.01098981876394],[0.015697450482232,-0.010997538948232],[0.01492028524923,-0.010724759103139],[0.014904844880362,-0.010570355417129],[0.014912565064796,-0.010467419626413],[0.014935725618098,-0.010428818704886]],[[0.015221372442148,-0.010608956338639],[0.015208505468092,-0.010632116891542],[0.015162184361489,-0.010614103128173],[0.015146743992621,-0.01064241047061],[0.015208505468092,-0.010657850839211],[0.015208505468092,-0.010634690286309],[0.015223945836959,-0.010657850839211],[0.015303721076108,-0.010673291207811],[0.015301147681297,-0.010619249917707],[0.015259973364317,-0.010629543496775],[0.015221372442148,-0.010608956338639]]]]}},
{"type":"Feature","properties":{"fid":136},"geometry":{"type":"MultiPolygon","coordinates":[[[[0.016204409260051,-0.006447776975836],[0.016464322135989,-0.00677459811469],[0.016551817559572,-0.006944442171017],[0.016554390954383,-0.007008777040821],[0.016415427634575,-0.007019070619989],[0.016204409260051,-0.006818345826174],[0.016204409260051,-0.006447776975836]]]]}},
{"type":"Feature","properties":{"fid":137},"geometry":{"type":"MultiPolygon","coordinates":[[[[0.01597795051666,-0.023692094944556],[0.016034565202507,-0.023746136230962],[0.016091179888355,-0.023766723387683],[0.0161014734676,-0.023892819722529],[0.015887881698265,-0.023895393117116],[0.015872441329398,-0.023710108706694],[0.01597795051666,-0.023692094944556]]]]}},
{"type":"Feature","properties":{"fid":138},"geometry":{"type":"MultiPolygon","coordinates":[[[[0.014832789825647,-0.02549347114643],[0.014974326540267,-0.025586113350431],[0.014935725618098,-0.02574309041817],[0.014889404511495,-0.025830585832892],[0.014724707243574,-0.025704489499892],[0.014832789825647,-0.02549347114643]]]]}},
{"type":"Feature","properties":{"fid":139},"geometry":{"type":"MultiPolygon","coordinates":[[[[0.01669078087938,-0.024713732593465],[0.017012455230788,-0.024682851858599],[0.017007308441165,-0.024909310580783],[0.016688207484569,-0.024971072050402],[0.01669078087938,-0.024713732593465]]]]}},
{"type":"Feature","properties":{"fid":140},"geometry":{"type":"MultiPolygon","coordinates":[[[[0.021176208035414,-0.013030520804331],[0.021315171355222,-0.013079415304476],[0.021312597960411,-0.013249259357536],[0.02143354751654,-0.013370208910402],[0.021423253937295,-0.013576080489611],[0.02135119888258,-0.013576080489611],[0.021284290617487,-0.013429396989443],[0.021199368588715,-0.013354768541955],[0.021176208035414,-0.013030520804331]]]]}},
{"type":"Feature","properties":{"fid":141},"geometry":{"type":"MultiPolygon","coordinates":[[[[0.01557135413648,-0.025928374825745],[0.015743771588835,-0.025918081247553],[0.015741198194023,-0.0260081500567],[0.015663996349685,-0.026013296845792],[0.015661422954874,-0.026049324369432],[0.01573347800959,-0.026054471158522],[0.01573347800959,-0.026103365654871],[0.015540473398745,-0.026087925287605],[0.01557135413648,-0.025928374825745]]]]}},
{"type":"Feature","properties":{"fid":142},"geometry":{"type":"MultiPolygon","coordinates":[[[[0.019503501408092,-0.00809217624694],[0.019567836278373,-0.008184818459211],[0.019691359229314,-0.008246579934047],[0.019331083955737,-0.008570827676774],[0.019212707794419,-0.008424144174145],[0.019248735321777,-0.008267167092323],[0.019246161926965,-0.008169378090501],[0.019320790376492,-0.008102469826082],[0.019503501408092,-0.00809217624694]]]]}},
{"type":"Feature","properties":{"fid":143},"geometry":{"type":"MultiPolygon","coordinates":[[[[0.018287504444011,-0.011717697238348],[0.018302790796269,-0.012133825707457],[0.018350348336626,-0.012541461758208],[0.018802144970017,-0.01247352241646],[0.018761381363997,-0.011743174491577],[0.018287504444011,-0.011717697238348]]]]}},
{"type":"Feature","properties":{"fid":144},"geometry":{"type":"MultiPolygon","coordinates":[[[[0.014341271416695,-0.023007571981608],[0.014361858575186,-0.023113081160324],[0.014256349387924,-0.023131094922536],[0.014225468650189,-0.023089920608905],[0.014197161307265,-0.02309506739811],[0.014189441122831,-0.02313881510634],[0.014135399831794,-0.023156828868549],[0.014060771382268,-0.023149108684746],[0.014060771382268,-0.023041026111453],[0.014341271416695,-0.023007571981608]]]]}},
{"type":"Feature","properties":{"fid":145},"geometry":{"type":"MultiPolygon","coordinates":[[[[0.015247106390261,-0.021623085678189],[0.015314014655353,-0.021692567333129],[0.015396363289314,-0.021841824221411],[0.015437537606294,-0.021996227898788],[0.01542981742186,-0.022034828818107],[0.015308867865731,-0.02204254900197],[0.01528570731243,-0.02197049395257],[0.01530629447092,-0.021957626979459],[0.015303721076108,-0.021913879270873],[0.015332028419032,-0.021862411378404],[0.015265120153939,-0.021867558167651],[0.015208505468092,-0.021764622382663],[0.015247106390261,-0.021623085678189]]]]}},
{"type":"Feature","properties":{"fid":146},"geometry":{"type":"MultiPolygon","coordinates":[[[[0.017220007511355,-0.012706214661874],[0.017350790747337,-0.013122343129426],[0.017668407177578,-0.012983067479138],[0.017542719392349,-0.012646767737883],[0.017496860335576,-0.012560145077186],[0.017220007511355,-0.012706214661874]]]]}},
{"type":"Feature","properties":{"fid":147},"geometry":{"type":"MultiPolygon","coordinates":[[[[0.012913037296444,-0.022317902226143],[0.013036560247384,-0.022351356356148],[0.013041707037007,-0.022433704983819],[0.012990239140782,-0.022433704983819],[0.01298766574597,-0.022472305903024],[0.0129259042705,-0.02246201232457],[0.012913037296444,-0.022317902226143]]]]}},
{"type":"Feature","properties":{"fid":148},"geometry":{"type":"MultiPolygon","coordinates":[[[[0.012961761409594,-0.00922321393373],[0.012964079140588,-0.009223234160261],[0.012966396165579,-0.009223294833695],[0.012968711778778,-0.009223395935549],[0.012971025274827,-0.009223537435028],[0.012973335949013,-0.009223719289028],[0.012975643097482,-0.009223941442155],[0.012977946017455,-0.00922420382674],[0.012980244007439,-0.009224506362856],[0.012982536367445,-0.00922484895835],[0.012984822399197,-0.009225231508863],[0.012987101406349,-0.009225653897867],[0.012989372694692,-0.009226115996697],[0.012991635572371,-0.009226617664594],[0.01299388935009,-0.009227158748745],[0.012996133341327,-0.00922773908433],[0.01299836686254,-0.009228358494574],[0.013000589233378,-0.009229016790799],[0.013002799776885,-0.00922971377248],[0.013004997819708,-0.009230449227311],[0.013007182692301,-0.009231222931265],[0.013009353729131,-0.009232034648664],[0.01301151026888,-0.009232884132251],[0.013013651654645,-0.009233771123266],[0.013015777234138,-0.009234695351521],[0.013017886359888,-0.009235656535489],[0.013019978389434,-0.009236654382383],[0.013022052685524,-0.00923768858825],[0.013024108616307,-0.00923875883806],[0.013026145555528,-0.009239864805806],[0.013028162882714,-0.009241006154597],[0.013030159983367,-0.009242182536769],[0.013032136249153,-0.009243393593984],[0.013034091078081,-0.009244638957343],[0.013036023874691,-0.009245918247495],[0.013037934050235,-0.009247231074757],[0.013039821022854,-0.009248577039228],[0.01304168421776,-0.009249955730916],[0.013043523067403,-0.009251366729856],[0.013045337011654,-0.009252809606245],[0.013047125497966,-0.009254283920568],[0.013048887981551,-0.009255789223736],[0.013050623925537,-0.009257325057219],[0.01305233280114,-0.009258890953187],[0.013054014087821,-0.009260486434652],[0.013055667273441,-0.009262111015615],[0.013057291854426,-0.009263764201214],[0.013058887335912,-0.009265445487872],[0.0130604532319,-0.009267154363453],[0.013061989065402,-0.009268890307417],[0.01306349436859,-0.009270652790978],[0.013064968682933,-0.009272441277267],[0.013066411559341,-0.009274255221494],[0.013067822558299,-0.009276094071114],[0.013069201250004,-0.009277957265995],[0.013070547214493,-0.009279844238589],[0.013071860041772,-0.009281754414108],[0.013073139331941,-0.009283687210693],[0.013074384695316,-0.009285642039595],[0.013075595752547,-0.009287618305355],[0.013076772134734,-0.009289615405982],[0.013077913483541,-0.009291632733142],[0.0130790194513,-0.009293669672335],[0.013080089701124,-0.009295725603091],[0.013081123907005,-0.009297799899154],[0.013082121753912,-0.009299891928673],[0.013083082937892,-0.009302001054395],[0.01308400716616,-0.00930412663386],[0.013084894157186,-0.009306268019596],[0.013085743640784,-0.009308424559317],[0.013086555358193,-0.009310595596119],[0.013087329062157,-0.009312780468683],[0.013088064516998,-0.009314978511477],[0.013088761498688,-0.009317189054954],[0.013089419794921,-0.009319411425763],[0.013090039205173,-0.009321644946947],[0.013090619540766,-0.009323888938154],[0.013091160624924,-0.009326142715843],[0.013091662292828,-0.009328405593492],[0.013092124391664,-0.009330676881805],[0.013092546780673,-0.009332955888926],[0.013092929331191,-0.009335241920648],[0.013093271926689,-0.009337534280624],[0.01309357446281,-0.009339832270578],[0.013093836847398,-0.00934213519052],[0.013094059000528,-0.009344442338958],[0.01309424085453,-0.009346753013114],[0.013094382354011,-0.009349066509132],[0.013094483455866,-0.0093513821223],[0.013094544129301,-0.00935369914726],[0.013094564355833,-0.009356016878223],[0.013094544129301,-0.009358334609185],[0.013094483455866,-0.009360651634145],[0.013094382354011,-0.009362967247313],[0.01309424085453,-0.009365280743331],[0.013094059000528,-0.009367591417487],[0.013093836847398,-0.009369898565925],[0.01309357446281,-0.009372201485867],[0.013093271926689,-0.00937449947582],[0.013092929331191,-0.009376791835796],[0.013092546780673,-0.009379077867517],[0.013092124391664,-0.009381356874639],[0.013091662292828,-0.009383628162951],[0.013091160624924,-0.009385891040599],[0.013090619540766,-0.009388144818288],[0.013090039205173,-0.009390388809495],[0.013089419794921,-0.009392622330679],[0.013088761498688,-0.009394844701487],[0.013088064516998,-0.009397055244964],[0.013087329062157,-0.009399253287757],[0.013086555358193,-0.009401438160321],[0.013085743640784,-0.009403609197122],[0.013084894157186,-0.009405765736842],[0.01308400716616,-0.009407907122577],[0.013083082937892,-0.009410032702042],[0.013082121753912,-0.009412141827763],[0.013081123907005,-0.009414233857281],[0.013080089701124,-0.009416308153343],[0.0130790194513,-0.009418364084099],[0.013077913483541,-0.009420401023292],[0.013076772134734,-0.00942241835045],[0.013075595752547,-0.009424415451077],[0.013074384695316,-0.009426391716836],[0.013073139331941,-0.009428346545737],[0.013071860041772,-0.009430279342321],[0.013070547214493,-0.009432189517839],[0.013069201250004,-0.009434076490433],[0.013067822558299,-0.009435939685313],[0.013066411559341,-0.009437778534932],[0.013064968682933,-0.009439592479158],[0.01306349436859,-0.009441380965446],[0.013061989065402,-0.009443143449006],[0.0130604532319,-0.009444879392969],[0.013058887335912,-0.00944658826855],[0.013057291854426,-0.009448269555207],[0.013055667273441,-0.009449922740805],[0.013054014087821,-0.009451547321768],[0.01305233280114,-0.009453142803232],[0.013050623925537,-0.009454708699198],[0.013048887981551,-0.00945624453268],[0.013047125497966,-0.009457749835847],[0.013045337011654,-0.00945922415017],[0.013043523067403,-0.009460667026558],[0.01304168421776,-0.009462078025497],[0.013039821022854,-0.009463456717184],[0.013037934050235,-0.009464802681654],[0.013036023874691,-0.009466115508915],[0.013034091078081,-0.009467394799067],[0.013032136249153,-0.009468640162424],[0.013030159983367,-0.009469851219639],[0.013028162882714,-0.00947102760181],[0.013026145555528,-0.009472168950601],[0.013024108616307,-0.009473274918346],[0.013022052685524,-0.009474345168155],[0.013019978389434,-0.009475379374021],[0.013017886359888,-0.009476377220915],[0.013015777234138,-0.009477338404882],[0.013013651654645,-0.009478262633137],[0.01301151026888,-0.009479149624151],[0.013009353729131,-0.009479999107737],[0.013007182692301,-0.009480810825136],[0.013004997819708,-0.009481584529089],[0.013002799776885,-0.009482319983919],[0.013000589233378,-0.0094830169656],[0.01299836686254,-0.009483675261824],[0.012996133341327,-0.009484294672068],[0.01299388935009,-0.009484875007653],[0.012991635572371,-0.009485416091804],[0.012989372694692,-0.0094859177597],[0.012987101406349,-0.00948637985853],[0.012984822399197,-0.009486802247533],[0.012982536367445,-0.009487184798046],[0.012980244007439,-0.009487527393539],[0.012977946017455,-0.009487829929656],[0.012975643097482,-0.00948809231424],[0.012973335949013,-0.009488314467368],[0.012971025274827,-0.009488496321367],[0.012968711778778,-0.009488637820846],[0.012966396165579,-0.0094887389227],[0.012964079140588,-0.009488799596134],[0.012961761409594,-0.009488819822665],[0.0129594436786,-0.009488799596134],[0.01295712665361,-0.0094887389227],[0.012954811040411,-0.009488637820846],[0.012952497544362,-0.009488496321367],[0.012950186870176,-0.009488314467368],[0.012947879721707,-0.00948809231424],[0.012945576801734,-0.009487829929656],[0.01294327881175,-0.009487527393539],[0.012940986451744,-0.009487184798046],[0.012938700419991,-0.009486802247533],[0.012936421412839,-0.00948637985853],[0.012934150124496,-0.0094859177597],[0.012931887246818,-0.009485416091804],[0.012929633469099,-0.009484875007653],[0.012927389477862,-0.009484294672068],[0.012925155956648,-0.009483675261824],[0.01292293358581,-0.0094830169656],[0.012920723042303,-0.009482319983919],[0.012918524999481,-0.009481584529089],[0.012916340126888,-0.009480810825136],[0.012914169090057,-0.009479999107737],[0.012912012550308,-0.009479149624151],[0.012909871164544,-0.009478262633137],[0.012907745585051,-0.009477338404882],[0.012905636459301,-0.009476377220915],[0.012903544429755,-0.009475379374021],[0.012901470133665,-0.009474345168155],[0.012899414202881,-0.009473274918346],[0.012897377263661,-0.009472168950601],[0.012895359936475,-0.00947102760181],[0.012893362835821,-0.009469851219639],[0.012891386570035,-0.009468640162424],[0.012889431741108,-0.009467394799067],[0.012887498944498,-0.009466115508915],[0.012885588768954,-0.009464802681654],[0.012883701796334,-0.009463456717184],[0.012881838601429,-0.009462078025497],[0.012879999751785,-0.009460667026558],[0.012878185807535,-0.00945922415017],[0.012876397321222,-0.009457749835847],[0.012874634837638,-0.00945624453268],[0.012872898893651,-0.009454708699198],[0.012871190018048,-0.009453142803232],[0.012869508731368,-0.009451547321768],[0.012867855545747,-0.009449922740805],[0.012866230964763,-0.009448269555207],[0.012864635483277,-0.009446588268549],[0.012863069587289,-0.009444879392969],[0.012861533753786,-0.009443143449006],[0.012860028450598,-0.009441380965446],[0.012858554136255,-0.009439592479158],[0.012857111259848,-0.009437778534932],[0.012855700260889,-0.009435939685313],[0.012854321569184,-0.009434076490433],[0.012852975604695,-0.009432189517839],[0.012851662777416,-0.009430279342321],[0.012850383487247,-0.009428346545737],[0.012849138123873,-0.009426391716836],[0.012847927066642,-0.009424415451077],[0.012846750684454,-0.00942241835045],[0.012845609335648,-0.009420401023292],[0.012844503367888,-0.009418364084099],[0.012843433118064,-0.009416308153343],[0.012842398912184,-0.009414233857281],[0.012841401065277,-0.009412141827763],[0.012840439881296,-0.009410032702042],[0.012839515653029,-0.009407907122577],[0.012838628662003,-0.009405765736842],[0.012837779178405,-0.009403609197122],[0.012836967460995,-0.009401438160321],[0.012836193757031,-0.009399253287757],[0.012835458302191,-0.009397055244964],[0.0128347613205,-0.009394844701487],[0.012834103024267,-0.009392622330679],[0.012833483614015,-0.009390388809495],[0.012832903278422,-0.009388144818288],[0.012832362194264,-0.009385891040599],[0.012831860526361,-0.009383628162951],[0.012831398427524,-0.009381356874639],[0.012830976038516,-0.009379077867517],[0.012830593487998,-0.009376791835796],[0.012830250892499,-0.00937449947582],[0.012829948356378,-0.009372201485867],[0.012829685971791,-0.009369898565925],[0.01282946381866,-0.009367591417487],[0.012829281964658,-0.009365280743331],[0.012829140465178,-0.009362967247313],[0.012829039363322,-0.009360651634145],[0.012828978689888,-0.009358334609185],[0.012828958463356,-0.009356016878223],[0.012828978689888,-0.00935369914726],[0.012829039363322,-0.0093513821223],[0.012829140465178,-0.009349066509132],[0.012829281964658,-0.009346753013114],[0.01282946381866,-0.009344442338958],[0.012829685971791,-0.00934213519052],[0.012829948356378,-0.009339832270578],[0.012830250892499,-0.009337534280624],[0.012830593487998,-0.009335241920648],[0.012830976038516,-0.009332955888926],[0.012831398427524,-0.009330676881805],[0.012831860526361,-0.009328405593492],[0.012832362194264,-0.009326142715843],[0.012832903278422,-0.009323888938154],[0.012833483614015,-0.009321644946947],[0.012834103024267,-0.009319411425763],[0.0128347613205,-0.009317189054954],[0.012835458302191,-0.009314978511477],[0.012836193757031,-0.009312780468683],[0.012836967460995,-0.009310595596119],[0.012837779178405,-0.009308424559317],[0.012838628662003,-0.009306268019596],[0.012839515653029,-0.00930412663386],[0.012840439881296,-0.009302001054395],[0.012841401065277,-0.009299891928673],[0.012842398912184,-0.009297799899154],[0.012843433118064,-0.009295725603091],[0.012844503367888,-0.009293669672335],[0.012845609335648,-0.009291632733142],[0.012846750684454,-0.009289615405982],[0.012847927066642,-0.009287618305355],[0.012849138123873,-0.009285642039595],[0.012850383487247,-0.009283687210693],[0.012851662777416,-0.009281754414108],[0.012852975604695,-0.009279844238589],[0.012854321569184,-0.009277957265995],[0.012855700260889,-0.009276094071114],[0.012857111259848,-0.009274255221494],[0.012858554136255,-0.009272441277267],[0.012860028450598,-0.009270652790978],[0.012861533753786,-0.009268890307417],[0.012863069587289,-0.009267154363453],[0.012864635483277,-0.009265445487872],[0.012866230964763,-0.009263764201214],[0.012867855545747,-0.009262111015615],[0.012869508731368,-0.009260486434652],[0.012871190018048,-0.009258890953187],[0.012872898893651,-0.009257325057219],[0.012874634837638,-0.009255789223736],[0.012876397321222,-0.009254283920568],[0.012878185807535,-0.009252809606245],[0.012879999751785,-0.009251366729856],[0.012881838601429,-0.009249955730916],[0.012883701796334,-0.009248577039228],[0.012885588768954,-0.009247231074757],[0.012887498944498,-0.009245918247495],[0.012889431741108,-0.009244638957343],[0.012891386570035,-0.009243393593984],[0.012893362835821,-0.009242182536769],[0.012895359936475,-0.009241006154597],[0.012897377263661,-0.009239864805806],[0.012899414202881,-0.00923875883806],[0.012901470133665,-0.00923768858825],[0.012903544429755,-0.009236654382383],[0.012905636459301,-0.009235656535489],[0.012907745585051,-0.009234695351521],[0.012909871164544,-0.009233771123266],[0.012912012550308,-0.009232884132251],[0.012914169090057,-0.009232034648664],[0.012916340126888,-0.009231222931265],[0.012918524999481,-0.009230449227311],[0.012920723042303,-0.00922971377248],[0.01292293358581,-0.009229016790799],[0.012925155956648,-0.009228358494574],[0.012927389477862,-0.00922773908433],[0.012929633469099,-0.009227158748745],[0.012931887246818,-0.009226617664594],[0.012934150124496,-0.009226115996697],[0.012936421412839,-0.009225653897867],[0.012938700419991,-0.009225231508863],[0.012940986451744,-0.00922484895835],[0.01294327881175,-0.009224506362856],[0.012945576801734,-0.00922420382674],[0.012947879721707,-0.009223941442155],[0.012950186870176,-0.009223719289028],[0.012952497544362,-0.009223537435028],[0.012954811040411,-0.009223395935549],[0.01295712665361,-0.009223294833695],[0.0129594436786,-0.009223234160261],[0.012961761409594,-0.00922321393373]]]]}},
{"type":"Feature","properties":{"fid":149},"geometry":{"type":"MultiPolygon","coordinates":[[[[0.013422569469074,-0.018668828617805],[0.013651601607277,-0.018733163484659],[0.013582119947373,-0.018903007533042],[0.013504918103035,-0.018890140559685],[0.013396835520961,-0.018818085508871],[0.013422569469074,-0.018668828617805]]]]}},
{"type":"Feature","properties":{"fid":150},"geometry":{"type":"MultiPolygon","coordinates":[[[[0.000000154689959,-0.000000114141868],[0.000000155864805,-0.000000117880014],[0.000000158718002,-0.00000011662888],[0.00000015758893,-0.000000113607848],[0.000000157176971,-0.000000112829703],[0.000000154689959,-0.000000114141868]]]]}},
{"type":"Feature","properties":{"fid":151},"geometry":{"type":"MultiPolygon","coordinates":[[[[0.016176101917127,-0.024000902295162],[0.016430868003442,-0.024042076608523],[0.016451455161932,-0.024103838078542],[0.016335652395425,-0.024188760099773],[0.016196689075617,-0.024245374780563],[0.016176101917127,-0.024000902295162]]]]}},
{"type":"Feature","properties":{"fid":152},"geometry":{"type":"MultiPolygon","coordinates":[[[[0.018001710595497,-0.015996545893691],[0.018046959944916,-0.015344002668578],[0.01831973979491,-0.015333709089701],[0.018330033374155,-0.015356869642172],[0.018353193927457,-0.01554730085128],[0.018167909501046,-0.015573034798444],[0.018175629685479,-0.01572743848136],[0.01823739116095,-0.016164915582331],[0.018260551714251,-0.016190649529417],[0.018417528797738,-0.016211236687084],[0.018438115956228,-0.016471149552451],[0.018263125109062,-0.016499456894203],[0.018242537950572,-0.016360493580108],[0.018230061762325,-0.016355055241863],[0.018116639591549,-0.016319375884151],[0.018132270460927,-0.016218087854661],[0.018115389121998,-0.016163067196645],[0.018063494635661,-0.016144935388886],[0.017987841227869,-0.016146185858387],[0.018001710595497,-0.015996545893691]]]]}},
{"type":"Feature","properties":{"fid":153},"geometry":{"type":"MultiPolygon","coordinates":[[[[0.015139023808187,-0.021319425111782],[0.015200785283658,-0.021435227870228],[0.015216225652525,-0.021530443471552],[0.015100422886018,-0.021533016866182],[0.015028367831303,-0.02138890676686],[0.015038661410548,-0.021365746215171],[0.015139023808187,-0.021319425111782]]]]}},
{"type":"Feature","properties":{"fid":154},"geometry":{"type":"MultiPolygon","coordinates":[[[[0.015121010044509,-0.007873437690106],[0.015370629341201,-0.007986667060717],[0.015239386205827,-0.008184818459211],[0.015028367831303,-0.008079309273012],[0.015121010044509,-0.007873437690106]]]]}},
{"type":"Feature","properties":{"fid":155},"geometry":{"type":"MultiPolygon","coordinates":[[[[0.01510299628083,-0.022202099468376],[0.015360335761956,-0.022315328831527],[0.015108143070452,-0.022505760032993],[0.015028367831303,-0.022521200400669],[0.01510299628083,-0.022202099468376]]]]}},
{"type":"Feature","properties":{"fid":156},"geometry":{"type":"MultiPolygon","coordinates":[[[[0.017015028625599,-0.008128203773937],[0.017295528660027,-0.00821055240706],[0.017133404786917,-0.008452451516762],[0.017051056152957,-0.008431864358495],[0.017061349732202,-0.00840613041066],[0.016991868072298,-0.008408703805444],[0.017015028625599,-0.008128203773937]]]]}},
{"type":"Feature","properties":{"fid":157},"geometry":{"type":"MultiPolygon","coordinates":[[[[0.000000128002269,-0.000000101382943],[0.000000128185362,-0.000000105212635],[0.000000130001033,-0.000000105166862],[0.000000131938765,-0.000000105365213],[0.000000132594848,-0.000000101566036],[0.000000130260414,-0.000000101306654],[0.000000128002269,-0.000000101382943]]]]}},
{"type":"Feature","properties":{"fid":158},"geometry":{"type":"MultiPolygon","coordinates":[[[[0.020011746027309,-0.01706817639679],[0.020359154311972,-0.017070749791377],[0.020428635968904,-0.017093910342659],[0.020254931826573,-0.017369263563234],[0.020168723104083,-0.017447752097998],[0.020096668052449,-0.017446465400707],[0.019922963910118,-0.017351249801153],[0.019989872172349,-0.017091336948072],[0.020011746027309,-0.01706817639679]]]]}},
{"type":"Feature","properties":{"fid":159},"geometry":{"type":"MultiPolygon","coordinates":[[[[0.020883277566016,-0.019878586034082],[0.020869974052873,-0.019870603926676],[0.020810785972214,-0.019873177321332],[0.020808212577403,-0.020097062656293],[0.020818506156648,-0.020120223208168],[0.020867400658062,-0.02013309018143],[0.020918868554287,-0.020079048893721],[0.021019230951926,-0.020084195683027],[0.021034671320794,-0.020102209445598],[0.021029524531172,-0.020187131469121],[0.021078419032586,-0.020192278258424],[0.021086139217019,-0.020091915866987],[0.021176208035414,-0.02008676907768],[0.021171061245791,-0.020441897539423],[0.020936882317966,-0.020421310382242],[0.020911148369853,-0.020326094780245],[0.020862253868439,-0.020328668174894],[0.020857107078817,-0.020400723225058],[0.020826226341082,-0.020418736987594],[0.020597194202879,-0.020408443409002],[0.020460804277882,-0.020115076418862],[0.020486538225995,-0.020037874579264],[0.020458230883071,-0.019994126870142],[0.020386175828355,-0.019983833291523],[0.020170010664209,-0.019754801167093],[0.020123689557606,-0.019734214009825],[0.020123689557606,-0.019525769042346],[0.020170010664209,-0.019528342437008],[0.020177730848643,-0.019551502988963],[0.020221478560435,-0.019536062620993],[0.020797918998158,-0.019577236935575],[0.021003570854066,-0.019722745315632],[0.021071465031778,-0.019772233612352],[0.021126374670968,-0.019812257434834],[0.021133570010756,-0.01981750214244],[0.021180158266411,-0.019851460480195],[0.021171061245791,-0.020012140632723],[0.020932851596692,-0.01999257846087],[0.020889424095969,-0.019989012122413],[0.020883277566016,-0.019878586034082]]]]}},
{"type":"Feature","properties":{"fid":160},"geometry":{"type":"MultiPolygon","coordinates":[[[[0.022030574170402,-0.017730825501791],[0.022241592535901,-0.017891662662845],[0.022170824181618,-0.018073086980344],[0.022181117760423,-0.018121981477228],[0.022232585654447,-0.018150288817523],[0.022269899877614,-0.018139995239234],[0.022232585654447,-0.018129701660945],[0.02230335400873,-0.017946990646215],[0.022486065032515,-0.018105254412506],[0.022381842547117,-0.018336859923902],[0.022362542086858,-0.01834715350218],[0.022320081074288,-0.018321419556485],[0.022305927403431,-0.018340720015756],[0.022305927403431,-0.018383181026146],[0.022358681994806,-0.018407628274547],[0.022358681994806,-0.018426928733809],[0.022275046667017,-0.018617359931747],[0.021770661305581,-0.018338146621187],[0.021995833341936,-0.017777146604189],[0.022030574170402,-0.017730825501791]]]]}},
{"type":"Feature","properties":{"fid":161},"geometry":{"type":"MultiPolygon","coordinates":[[[[0.013600133711051,-0.0202772002819],[0.013664468581333,-0.0202823470712],[0.013672188765767,-0.020333814964193],[0.013695349319068,-0.020328668174894],[0.013705642898313,-0.0202874938605],[0.013785418137462,-0.02029521404445],[0.01378027134784,-0.020447044328718],[0.013700496108691,-0.020449617723365],[0.013685055739823,-0.020516525984183],[0.013636161238409,-0.020516525984183],[0.013548665814826,-0.020565420482454],[0.013551239209637,-0.020457337907307],[0.013600133711051,-0.0202772002819]]]]}},
{"type":"Feature","properties":{"fid":162},"geometry":{"type":"MultiPolygon","coordinates":[[[[0.014997487093568,-0.023697241733739],[0.015015500857247,-0.023712682101285],[0.015023221041681,-0.023805324306525],[0.014907418275174,-0.023864512382063],[0.014848230194515,-0.023720402285057],[0.014997487093568,-0.023697241733739]]]]}},
{"type":"Feature","properties":{"fid":163},"geometry":{"type":"MultiPolygon","coordinates":[[[[0.014930578828475,-0.026013296845792],[0.014953739381776,-0.02602101702943],[0.014951165986965,-0.026188287674801],[0.01500263388319,-0.026283503272836],[0.014989766909134,-0.026304090429158],[0.014848230194515,-0.026247475749264],[0.014930578828475,-0.026013296845792]]]]}},
{"type":"Feature","properties":{"fid":164},"geometry":{"type":"MultiPolygon","coordinates":[[[[0.017451830771375,-0.007464523816233],[0.017128257997295,-0.007441107365675],[0.016932679991639,-0.007345891758451],[0.016811730435509,-0.007214648624136],[0.016819450619943,-0.007160607333525],[0.01689407906947,-0.007083405489784],[0.016994441467109,-0.007019070619989],[0.017128257997295,-0.006988189882485],[0.017223473605312,-0.006993336672069],[0.017449584185818,-0.007063508920664],[0.017522170837388,-0.007087996658231],[0.017575007245627,-0.007105821479612],[0.017617203011435,-0.007119433016865],[0.017563161720398,-0.007471988103149],[0.017519454575804,-0.007469057717031],[0.017451830771375,-0.007464523816233]]]]}},
{"type":"Feature","properties":{"fid":165},"geometry":{"type":"MultiPolygon","coordinates":[[[[0.022058882104478,-0.011421034364106],[0.021970099394924,-0.011418288507164],[0.021800255344645,-0.01114036188482],[0.022006126920741,-0.01105286646662],[0.022179831063072,-0.010951217377797],[0.022408863191479,-0.011063160045233],[0.022363828784208,-0.011240724276253],[0.022191411339228,-0.011444022453664],[0.022150738227975,-0.011440454636959],[0.022117959314022,-0.011433524500692],[0.022058882104478,-0.011421034364106]]]]}},
{"type":"Feature","properties":{"fid":166},"geometry":{"type":"MultiPolygon","coordinates":[[[[0.023659533016264,-0.015865114423685],[0.023958046801603,-0.015921729104933],[0.024290014718058,-0.016088999753985],[0.024282294533955,-0.016301304808353],[0.023987640840667,-0.016411960775995],[0.023835810553296,-0.016226676365025],[0.023618358701044,-0.016139180948674],[0.023659533016264,-0.015865114423685]]]]}},
{"type":"Feature","properties":{"fid":167},"geometry":{"type":"MultiPolygon","coordinates":[[[[0.015519886240255,-0.016996122071558],[0.015766932142136,-0.017304929435074],[0.015211078862903,-0.01786850287219],[0.014848230194515,-0.017523667983928],[0.015519886240255,-0.016996122071558]]]]}},
{"type":"Feature","properties":{"fid":168},"geometry":{"type":"MultiPolygon","coordinates":[[[[0.021400093383994,-0.013115442830892],[0.021729487919835,-0.013233818989081],[0.021734634709458,-0.013570933700133],[0.0215158961505,-0.013568360305394],[0.021510749360878,-0.013362488726179],[0.021394946594371,-0.013249259357536],[0.021400093383994,-0.013115442830892]]]]}},
{"type":"Feature","properties":{"fid":169},"geometry":{"type":"MultiPolygon","coordinates":[[[[0.013389115336528,-0.023300938966136],[0.01351521168228,-0.023285498598545],[0.013517785077091,-0.023303512360735],[0.013489477734167,-0.023728122468829],[0.013474037365299,-0.02373326925801],[0.01337367496766,-0.023676654577008],[0.013368528178038,-0.023643200447314],[0.013389115336528,-0.023300938966136]]]]}},
{"type":"Feature","properties":{"fid":170},"geometry":{"type":"MultiPolygon","coordinates":[[[[0.020769611655234,-0.011301199530211],[0.020795345603346,-0.0113217866883],[0.020931735528343,-0.011329506872583],[0.020998643793436,-0.011360387609713],[0.021065552058529,-0.011718089481224],[0.020785052024101,-0.011527658269108],[0.020731010733065,-0.011324360083061],[0.020769611655234,-0.011301199530211]]]]}},
{"type":"Feature","properties":{"fid":171},"geometry":{"type":"MultiPolygon","coordinates":[[[[0.018613106803394,-0.014736681514047],[0.018649134330752,-0.014757268671855],[0.018659427909997,-0.014798442987466],[0.018649134330752,-0.015256507248114],[0.018499877431699,-0.015264227432274],[0.018435542561417,-0.014831897118894],[0.018613106803394,-0.014736681514047]]]]}},
{"type":"Feature","properties":{"fid":172},"geometry":{"type":"MultiPolygon","coordinates":[[[[0.018641414146318,-0.021417214107809],[0.018916767391124,-0.021548457233958],[0.018860152705276,-0.021664259992231],[0.018741776543958,-0.022145484786768],[0.01854362514349,-0.022114604051336],[0.018435542561417,-0.021965347163325],[0.018641414146318,-0.021417214107809]]]]}},
{"type":"Feature","properties":{"fid":173},"geometry":{"type":"MultiPolygon","coordinates":[[[[0.020592047413257,-0.008426717568928],[0.02070012999533,-0.008596561624597],[0.020612634571747,-0.008689203836749],[0.020610061176935,-0.008851327707959],[0.0205791804392,-0.008877061655764],[0.020532859332598,-0.008877061655764],[0.020399042802412,-0.008642882730676],[0.020458230883071,-0.008552813913296],[0.020592047413257,-0.008426717568928]]]]}},
{"type":"Feature","properties":{"fid":174},"geometry":{"type":"MultiPolygon","coordinates":[[[[0.015257399969506,-0.026144539967572],[0.015252253179883,-0.026250049143805],[0.01520593207328,-0.026316957401858],[0.015151890782244,-0.026283503272836],[0.015167331151111,-0.026134246389398],[0.015257399969506,-0.026144539967572]]]]}},
{"type":"Feature","properties":{"fid":175},"geometry":{"type":"MultiPolygon","coordinates":[[[[0.018968596361267,-0.011877354691876],[0.01900256603295,-0.012425964877225],[0.01986030024296,-0.012354628568358],[0.019782169998088,-0.011746571458674],[0.018968596361267,-0.011877354691876]]]]}},
{"type":"Feature","properties":{"fid":176},"geometry":{"type":"MultiPolygon","coordinates":[[[[0.013906367693592,-0.021756902198786],[0.013968129169062,-0.021764622382663],[0.014042757618589,-0.021947333400969],[0.013785418137462,-0.021926746243988],[0.013785418137462,-0.021767195777288],[0.013672188765767,-0.021581911364135],[0.013692775924257,-0.021481548973582],[0.013757110794538,-0.021502136130624],[0.013782844742651,-0.021476402184322],[0.013726230056803,-0.021406920529283],[0.013813725480386,-0.021342585663478],[0.013947542010572,-0.021489269157473],[0.013921808062459,-0.021576764574877],[0.013934675036516,-0.021718301279395],[0.013862410458124,-0.021714034752737],[0.013867412336325,-0.021814072309543],[0.013913679709686,-0.021819074187381],[0.013906367693592,-0.021756902198786]]]]}},
{"type":"Feature","properties":{"fid":177},"geometry":{"type":"MultiPolygon","coordinates":[[[[0.014691253111027,-0.019628704828788],[0.014704120085084,-0.019695613089941],[0.014516262263861,-0.019741934193801],[0.014487954920938,-0.019657012170048],[0.014691253111027,-0.019628704828788]]]]}},
{"type":"Feature","properties":{"fid":178},"geometry":{"type":"MultiPolygon","coordinates":[[[[0.014639785214802,-0.021638526045956],[0.014686106321405,-0.021852117799908],[0.014487954920938,-0.021849544405283],[0.014526555843107,-0.021715727884768],[0.014639785214802,-0.021638526045956]]]]}},
{"type":"Feature","properties":{"fid":179},"geometry":{"type":"MultiPolygon","coordinates":[[[[0.019462327091112,-0.005755533775535],[0.019575556462807,-0.006156983363923],[0.019148372924137,-0.006169850337905],[0.019071171079799,-0.005902217279018],[0.019462327091112,-0.005755533775535]]]]}},
{"type":"Feature","properties":{"fid":180},"geometry":{"type":"MultiPolygon","coordinates":[[[[0.013111188696911,-0.027091549155911],[0.01317037677757,-0.02708382897234],[0.013224418068607,-0.027341168424441],[0.013033986852573,-0.027346315213478],[0.013008252904461,-0.027263966588869],[0.013103468512477,-0.027235659249146],[0.013111188696911,-0.027091549155911]]]]}},
{"type":"Feature","properties":{"fid":181},"geometry":{"type":"MultiPolygon","coordinates":[[[[0.013448303417187,-0.024070383948952],[0.013615574079919,-0.024281402304691],[0.013589840131806,-0.024356030747495],[0.013340220835114,-0.024283975699271],[0.013350514414359,-0.024119278446043],[0.013448303417187,-0.024070383948952]]]]}},
{"type":"Feature","properties":{"fid":182},"geometry":{"type":"MultiPolygon","coordinates":[[[[0.012231087671459,-0.020575714061036],[0.012287702357307,-0.020593727823552],[0.012305716120985,-0.020686370030747],[0.012364904201644,-0.020776438843245],[0.012292849146929,-0.020920548943135],[0.01219248674929,-0.020732691134324],[0.012231087671459,-0.020575714061036]]]]}},
{"type":"Feature","properties":{"fid":183},"geometry":{"type":"MultiPolygon","coordinates":[[[[0.014155986990284,-0.025089448200424],[0.014233188834622,-0.025267012425257],[0.014333551232262,-0.02540340233692],[0.014179147543586,-0.025568099588547],[0.014163707174718,-0.025534645459328],[0.014155986990284,-0.025089448200424]]]]}},
{"type":"Feature","properties":{"fid":184},"geometry":{"type":"MultiPolygon","coordinates":[[[[0.016178675311938,-0.020300360833749],[0.016402560660518,-0.020308081017698],[0.016441161582687,-0.020516525984183],[0.016119487231279,-0.020439324144776],[0.016178675311938,-0.020300360833749]]]]}},
{"type":"Feature","properties":{"fid":185},"geometry":{"type":"MultiPolygon","coordinates":[[[[0.016204409260051,-0.014860204460867],[0.016629019403909,-0.014921965934252],[0.016585271692118,-0.014978580618172],[0.016510643242591,-0.014996594381235],[0.016464322135989,-0.015037768696801],[0.016472042320422,-0.015086663196525],[0.01650806984778,-0.015112397143744],[0.016688207484569,-0.014999167775958],[0.01675254235485,-0.015207612748428],[0.016626446009098,-0.015354296247453],[0.016158088153448,-0.015212759537869],[0.016173528522316,-0.015055782459858],[0.016279037709578,-0.015063502644026],[0.016291904683634,-0.015040342091523],[0.016286757894011,-0.014991447591788],[0.016119487231279,-0.014973433828725],[0.016124634020902,-0.01489623198701],[0.016204409260051,-0.014860204460867]]]]}},
{"type":"Feature","properties":{"fid":186},"geometry":{"type":"MultiPolygon","coordinates":[[[[0.015918762436001,-0.025887200512974],[0.015911042251567,-0.02610851244396],[0.015787519300626,-0.026116232627592],[0.015792666090249,-0.025905214274813],[0.015918762436001,-0.025887200512974]]]]}},
{"type":"Feature","properties":{"fid":187},"geometry":{"type":"MultiPolygon","coordinates":[[[[0.016603285455797,-0.016267851370658],[0.016806583645887,-0.016267851370658],[0.016804010251075,-0.016427401842462],[0.016603285455797,-0.016419681658346],[0.016603285455797,-0.016267851370658]]]]}},
{"type":"Feature","properties":{"fid":188},"geometry":{"type":"MultiPolygon","coordinates":[[[[0.00000011211946,-0.000000128881494],[0.00000011443873,-0.000000133172839],[0.000000116799664,-0.000000131964596],[0.000000116424693,-0.000000131339643],[0.000000116716337,-0.000000131172989],[0.00000011502202,-0.000000128103774],[0.000000114730375,-0.000000128228765],[0.000000114397067,-0.000000127576036],[0.00000011211946,-0.000000128881494]]]]}},
{"type":"Feature","properties":{"fid":189},"geometry":{"type":"MultiPolygon","coordinates":[[[[0.005108333383027,-0.01242366927056],[0.005013218302313,-0.012396493533851],[0.004938485024609,-0.012630884262877],[0.004975851663461,-0.012654663032477],[0.004928294123104,-0.012793938682945],[0.004952072893282,-0.012858481057526],[0.004924897155936,-0.012956993102909],[0.004975851663461,-0.012953596135827],[0.004973273620469,-0.0129633409069],[0.004970864440792,-0.012973128793401],[0.004968624844614,-0.012982956869398],[0.004966555501428,-0.012992822196943],[0.00496465702983,-0.013002721826953],[0.004962929997339,-0.013012652800092],[0.004961374920223,-0.013022612147652],[0.004959992263349,-0.013032596892446],[0.004958782440039,-0.013042604049693],[0.004957745811951,-0.013052630627912],[0.004956882688967,-0.013062673629817],[0.004956193329107,-0.013072730053213],[0.004955677938441,-0.013082796891891],[0.004955336671039,-0.01309287113653],[0.004955169628916,-0.013102949775596],[0.004955176862007,-0.013113029796238],[0.004955358368151,-0.013123108185196],[0.004955714093088,-0.013133181929695],[0.00495624393048,-0.013143248018349],[0.004956947721941,-0.013153303442062],[0.004957825257084,-0.013163345194924],[0.004958876273583,-0.013173370275113],[0.004960100457254,-0.013183375685791],[0.004961497442147,-0.013193358435999],[0.004963066810654,-0.013203315541554],[0.004964808093639,-0.013213244025935],[0.004966720770572,-0.013223140921182],[0.00496880426969,-0.013233003268774],[0.004971057968162,-0.01324282812052],[0.004973481192283,-0.013252612539437],[0.004976073217667,-0.013262353600627],[0.00497883326947,-0.013272048392157],[0.004981760522618,-0.013281694015921],[0.004984854102055,-0.013291287588514],[0.004988113083006,-0.013300826242091],[0.004991536491249,-0.013310307125222],[0.004995123303411,-0.013319727403748],[0.004998872447272,-0.013329084261627],[0.005002782802084,-0.013338374901774],[0.00500685319891,-0.013347596546902],[0.005011082420969,-0.013356746440345],[0.005015469204001,-0.013365821846889],[0.00502001223665,-0.013374820053584],[0.005023995664929,-0.013379543986391],[0.005028060628363,-0.013384197943239],[0.00503220589792,-0.013388780517013],[0.005036430220286,-0.013393290322184],[0.005040732318247,-0.013397725995222],[0.005045110891074,-0.013402086195011],[0.005049564614914,-0.013406369603255],[0.005054092143196,-0.013410574924875],[0.005058692107031,-0.013414700888403],[0.00506336311563,-0.013418746246361],[0.005068103756724,-0.013422709775645],[0.005072912596993,-0.013426590277892],[0.005077788182493,-0.013430386579841],[0.005082729039102,-0.013434097533687],[0.005087733672964,-0.013437722017433],[0.005092800570939,-0.013441258935224],[0.005097928201062,-0.013444707217681],[0.005103115013006,-0.013448065822224],[0.00510835943855,-0.013451333733387],[0.005113659892054,-0.013454509963123],[0.005119014770938,-0.013457593551108],[0.005124422456165,-0.013460583565025],[0.005129881312736,-0.01346347910085],[0.005135389690178,-0.013466279283125],[0.005140945923043,-0.013468983265221],[0.00514654833142,-0.013471590229595],[0.005152195221431,-0.013474099388038],[0.005157884885754,-0.013476509981911],[0.00516361560413,-0.013478821282376],[0.00516938564389,-0.013481032590617],[0.005175193260475,-0.013483143238051],[0.005181036697967,-0.013485152586527],[0.005186914189614,-0.013487060028524],[0.005192823958372,-0.013488864987331],[0.005198764217434,-0.013490566917222],[0.005204733170776,-0.013492165303624],[0.005210729013701,-0.013493659663268],[0.005216749933377,-0.013495049544337],[0.005222794109394,-0.013496334526604],[0.005228859714308,-0.013497514221558],[0.005234944914199,-0.01349858827252],[0.005241047869219,-0.013499556354754],[0.005247166734154,-0.013500418175562],[0.005253299658979,-0.013501173474375],[0.005259444789418,-0.01350182202283],[0.005265600267506,-0.013502363624839],[0.005271764232147,-0.013502798116651],[0.005277934819681,-0.013503125366898],[0.005284110164444,-0.013503345276636],[0.005290288399335,-0.013503457779377],[0.00529646765638,-0.013503462841105],[0.005302646067293,-0.01350336046029],[0.005308821764046,-0.013503150667887],[0.005314992879431,-0.013502833527325],[0.005321157547626,-0.013502409134492],[0.005327313904757,-0.013501877617702],[0.005333460089464,-0.013501239137658],[0.005339594243461,-0.013500493887402],[0.005345714512102,-0.01349964209226],[0.005351819044937,-0.013498684009769],[0.005357905996274,-0.013497619929604],[0.005363973525738,-0.013496450173487],[0.005370019798824,-0.013495175095091],[0.005376042987456,-0.013493795079933],[0.005382041270537,-0.013492310545258],[0.005388012834499,-0.013490721939911],[0.005393955873853,-0.013489029744203],[0.005399868591736,-0.013487234469766],[0.005405749200449,-0.013485336659398],[0.005411595922006,-0.013483336886896],[0.005417406988662,-0.013481235756887],[0.005423180643455,-0.013479033904644],[0.005428915140734,-0.013476731995891],[0.005434608746686,-0.013474330726605],[0.005440259739863,-0.013471830822804],[0.005445866411699,-0.01346923304033],[0.005451427067031,-0.013466538164614],[0.005456187428455,-0.013464942193534],[0.005460919604558,-0.01346326449455],[0.005465622192319,-0.013461505565076],[0.005470293797487,-0.01345966592661],[0.005474933034996,-0.013457746124577],[0.005479538529379,-0.013455746728173],[0.005484108915172,-0.013453668330191],[0.005488642837321,-0.013451511546844],[0.005493138951583,-0.01344927701759],[0.005497595924922,-0.013446965404933],[0.00550201243591,-0.013444577394236],[0.005506387175114,-0.013442113693508],[0.005510718845486,-0.013439575033202],[0.005515006162747,-0.013436962165996],[0.005519247855769,-0.013434275866566],[0.005523442666949,-0.013431516931363],[0.005527589352587,-0.013428686178371],[0.005531686683247,-0.013425784446869],[0.005535733444131,-0.013422812597179],[0.00553972843543,-0.013419771510412],[0.005543670472687,-0.013416662088207],[0.005547558387144,-0.013413485252464],[0.005551391026089,-0.013410241945069],[0.005555167253198,-0.013406933127618],[0.005558885948876,-0.013403559781126],[0.00556254601058,-0.013400122905745],[0.005566146353155,-0.013396623520458],[0.00556968590915,-0.013393062662783],[0.005573163629137,-0.013389441388465],[0.005576578482021,-0.013385760771159],[0.005579929455348,-0.013382021902117],[0.005583215555601,-0.013378225889859],[0.005586435808497,-0.013374373859851],[0.005589589259279,-0.013370466954163],[0.005592674972991,-0.013366506331139],[0.005595692034765,-0.013362493165045],[0.005598639550084,-0.013358428645731],[0.005601516645051,-0.013354313978266],[0.00560432246665,-0.013350150382593],[0.005607056182992,-0.013345939093158],[0.005609716983572,-0.013341681358548],[0.005612304079498,-0.013337378441121],[0.005614816703734,-0.013333031616632],[0.005617254111322,-0.013328642173852],[0.005619615579605,-0.013324211414188],[0.005621900408443,-0.013319740651298],[0.005624107920414,-0.0133152312107],[0.005626237461024,-0.013310684429378],[0.005628288398894,-0.013306101655389],[0.00563026012595,-0.013301484247461],[0.005632152057603,-0.013296833574588],[0.005633963632922,-0.01329215101563],[0.0056356943148,-0.013287437958898],[0.005637343590116,-0.013282695801748],[0.005638910969882,-0.013277925950161],[0.005640395989392,-0.013273129818331],[0.005641798208359,-0.013268308828242],[0.005643117211046,-0.01326346440925],[0.005644352606386,-0.013258597997657],[0.005645504028103,-0.013253711036283],[0.005646571134816,-0.013248804974045],[0.005647553610144,-0.013243881265519],[0.005648451162796,-0.013238941370515],[0.005659580552808,-0.01314095741583],[0.005672378166767,-0.013043177357617],[0.005686840287605,-0.012945629596095],[0.005702962714799,-0.012848342464015],[0.005720740765589,-0.012751344218428],[0.005740169276341,-0.012654663032477],[0.005740334340255,-0.012648286373937],[0.005740388744922,-0.012641907811375],[0.005740332473964,-0.012635529265004],[0.005740165544323,-0.012629152655033],[0.005739888006249,-0.012622779901087],[0.005739499943295,-0.012616412921632],[0.005739001472282,-0.012610053633394],[0.005738392743272,-0.012603703950784],[0.005737673939518,-0.012597365785322],[0.005736845277408,-0.01259104104506],[0.005735907006406,-0.012584731634009],[0.005734859408971,-0.012578439451565],[0.005733702800471,-0.012572166391937],[0.005732437529096,-0.012565914343579],[0.005731063975744,-0.012559685188618],[0.005729582553912,-0.012553480802289],[0.005727993709571,-0.012547303052372],[0.005726297921028,-0.012541153798628],[0.005724495698787,-0.012535034892238],[0.005722587585392,-0.012528948175249],[0.005720574155264,-0.012522895480017],[0.005718456014531,-0.012516878628655],[0.005716233800841,-0.012510899432487],[0.005713908183173,-0.0125049596915],[0.005711479861634,-0.012499061193805],[0.005708949567252,-0.012493205715096],[0.005706318061751,-0.012487395018115],[0.005703586137323,-0.012481630852127],[0.005700754616391,-0.012475914952384],[0.005697824351362,-0.012470249039611],[0.005694796224368,-0.012464634819485],[0.005691671147002,-0.012459073982121],[0.005688450060041,-0.012453568201561],[0.005685133933168,-0.012448119135277],[0.005681723764676,-0.012442728423665],[0.005678220581167,-0.012437397689553],[0.005674625437246,-0.012432128537716],[0.005670939415201,-0.012426922554387],[0.005667163624679,-0.012421781306786],[0.00566329920235,-0.012416706342642],[0.005659347311567,-0.012411699189732],[0.005655309142014,-0.012406761355417],[0.005651185909348,-0.012401894326191],[0.005646978854835,-0.012397099567235],[0.005642689244973,-0.012392378521969],[0.005638318371115,-0.012387732611627],[0.005633867549075,-0.01238316323482],[0.005629338118737,-0.012378671767122],[0.005624731443649,-0.012374259560653],[0.005620048910611,-0.01236992794367],[0.005615291929263,-0.012365678220172],[0.005610461931653,-0.012361511669501],[0.005605560371813,-0.012357429545965],[0.005600588725317,-0.012353433078452],[0.005595548488838,-0.012349523470066],[0.005590441179697,-0.012345701897763],[0.005585268335408,-0.012341969511995],[0.005580031513213,-0.012338327436366],[0.005574732289614,-0.012334776767292],[0.005569372259898,-0.012331318573675],[0.005563953037658,-0.012327953896573],[0.005558476254307,-0.012324683748896],[0.005552943558583,-0.012321509115094],[0.005547356616061,-0.012318430950865],[0.005541717108643,-0.012315450182865],[0.005536026734055,-0.012312567708428],[0.005530287205339,-0.012309784395301],[0.005524500250332,-0.012307101081376],[0.005518667611148,-0.012304518574444],[0.005512791043657,-0.012302037651947],[0.005506872316949,-0.012299659060745],[0.005500913212809,-0.012297383516894],[0.005494915525176,-0.012295211705428],[0.005488881059604,-0.012293144280153],[0.005482811632719,-0.012291181863449],[0.005476709071672,-0.012289325046087],[0.005470575213588,-0.012287574387046],[0.005464411905016,-0.012285930413347],[0.005458221001368,-0.012284393619895],[0.005450921843182,-0.012283621679167],[0.005443610516675,-0.012282975066898],[0.00543628917361,-0.012282453973389],[0.005428959968697,-0.012282058552001],[0.005421625058961,-0.012281788919108],[0.005414286603106,-0.012281645154065],[0.005406946760877,-0.012281627299182],[0.005399607692431,-0.012281735359715],[0.005392271557695,-0.01228196930386],[0.005384940515732,-0.012282329062766],[0.005377616724109,-0.012282814530555],[0.005370302338255,-0.012283425564351],[0.005362999510834,-0.012284161984324],[0.005355710391108,-0.01228502357374],[0.005348437124304,-0.012286010079029],[0.005341181850984,-0.012287121209858],[0.005333946706412,-0.012288356639215],[0.005326733819932,-0.012289716003506],[0.005319545314335,-0.012291198902664],[0.005312383305236,-0.012292804900262],[0.005305249900454,-0.012294533523648],[0.005298147199388,-0.012296384264077],[0.0052910772924,-0.012298356576868],[0.005284042260203,-0.012300449881557],[0.005277044173245,-0.012302663562074],[0.0052700850911,-0.012304996966922],[0.005263167061863,-0.012307449409365],[0.005256292121549,-0.012310020167638],[0.005249462293488,-0.012312708485152],[0.005242679587735,-0.012315513570722],[0.005235946000479,-0.012318434598794],[0.005229263513449,-0.012321470709695],[0.005222634093338,-0.012324621009881],[0.005216059691219,-0.012327884572202],[0.005209542241975,-0.012331260436174],[0.005203083663726,-0.012334747608262],[0.005196685857266,-0.012338345062172],[0.005190350705504,-0.012342051739155],[0.005184080072909,-0.012345866548314],[0.005177875804963,-0.012349788366932],[0.005171739727615,-0.012353816040797],[0.005165673646745,-0.012357948384541],[0.005159679347634,-0.012362184181994],[0.005153758594436,-0.012366522186538],[0.005147913129661,-0.012370961121476],[0.00514214467366,-0.012375499680403],[0.005136454924121,-0.012380136527599],[0.005130845555568,-0.012384870298414],[0.005125318218869,-0.012389699599673],[0.005108333383027,-0.01242366927056]]]]}},
{"type":"Feature","properties":{"fid":190},"geometry":{"type":"MultiPolygon","coordinates":[[[[0.018530758169434,-0.018316273547025],[0.018386648060003,-0.018071801052281],[0.01858479946047,-0.017621456982157],[0.018865299494898,-0.017786154242216],[0.018735698408412,-0.018085639250672],[0.018664421644046,-0.018044373757563],[0.018706885403519,-0.017930627329586],[0.018708322411411,-0.017922544160591],[0.018665480316914,-0.017910859953572],[0.018597666434527,-0.018074374446964],[0.018698184321904,-0.018139409438648],[0.018530758169434,-0.018316273547025]]]]}},
{"type":"Feature","properties":{"fid":191},"geometry":{"type":"MultiPolygon","coordinates":[[[[0.000000151485834,-0.000000115835477],[0.000000152813258,-0.000000120351767],[0.000000155452846,-0.000000119375272],[0.000000153927073,-0.00000011453857],[0.000000151485834,-0.000000115835477]]]]}},
{"type":"Feature","properties":{"fid":192},"geometry":{"type":"MultiPolygon","coordinates":[[[[0.012516734495509,-0.019445993807811],[0.012344317043154,-0.019389379125214],[0.012421518887492,-0.01922725526131],[0.012521881285132,-0.019276149759964],[0.012740619844089,-0.019330191047934],[0.012725179475221,-0.019471727754439],[0.012560050289976,-0.019451341436449],[0.01258818198638,-0.019393788651631],[0.012669462507149,-0.019406293346417],[0.012669462507149,-0.019367528792577],[0.012554419308522,-0.019343769872478],[0.012516734495509,-0.019445993807811]]]]}},
{"type":"Feature","properties":{"fid":193},"geometry":{"type":"MultiPolygon","coordinates":[[[[0.015316588050165,-0.009242483714394],[0.015470991738841,-0.009335125926382],[0.015597088084592,-0.009332552531605],[0.015687156902987,-0.009512690165958],[0.015579074320914,-0.009597612193549],[0.01542981742186,-0.009656800273372],[0.015275413733184,-0.00967224064202],[0.01512358343932,-0.009638786509949],[0.015316588050165,-0.009242483714394]]]]}},
{"type":"Feature","properties":{"fid":194},"geometry":{"type":"MultiPolygon","coordinates":[[[[0.020694983205707,-0.021787782934291],[0.021055258479284,-0.022168645338337],[0.021310024565599,-0.022518627006056],[0.021034671320794,-0.022696191234211],[0.021011510767493,-0.022698764628821],[0.020960042871267,-0.022544360952179],[0.020862253868439,-0.022449145351502],[0.020779905234479,-0.022428558194591],[0.020545726306654,-0.022428558194591],[0.020417056566091,-0.022364223329224],[0.02031412077364,-0.02227672791228],[0.020329561142508,-0.022225260019936],[0.020597194202879,-0.021857264589156],[0.020656382283538,-0.021790356328916],[0.020694983205707,-0.021787782934291]]]]}},
{"type":"Feature","properties":{"fid":195},"geometry":{"type":"MultiPolygon","coordinates":[[[[0.015437537606294,-0.016244690818289],[0.015540473398745,-0.016350200001283],[0.015651129375629,-0.016409388079523],[0.015844133986474,-0.016296158712439],[0.015875014724209,-0.01653291102536],[0.01597795051666,-0.016720768838672],[0.015802959669494,-0.017096484464755],[0.015779799116192,-0.017093911070058],[0.01565370277044,-0.016931787204096],[0.015635689006761,-0.016877745915411],[0.015581647715725,-0.016831424810813],[0.015275413733184,-0.016360493580108],[0.015288280707241,-0.016332186238336],[0.015437537606294,-0.016244690818289]]]]}},
{"type":"Feature","properties":{"fid":196},"geometry":{"type":"MultiPolygon","coordinates":[[[[0.015288280707241,-0.01935592499458],[0.015370629341201,-0.019358498389244],[0.015375776130824,-0.019438273623821],[0.015298574286486,-0.019443420413147],[0.015275413733184,-0.019371365362566],[0.015288280707241,-0.01935592499458]]]]}},
{"type":"Feature","properties":{"fid":197},"geometry":{"type":"MultiPolygon","coordinates":[[[[0.016742248775605,-0.007477134892728],[0.01679371667183,-0.007881157874467],[0.016783423092585,-0.008346942330634],[0.016757689144473,-0.008352089120201],[0.016515790032214,-0.008249153328831],[0.016266170735521,-0.008236286354908],[0.016188968891183,-0.008123056984366],[0.016091179888355,-0.008058722114726],[0.016091179888355,-0.008025267982509],[0.016188968891183,-0.007899171637975],[0.016291904683634,-0.007891451453614],[0.01648748268929,-0.007806529425639],[0.016618725824664,-0.007659845922733],[0.016742248775605,-0.007477134892728]]]]}},
{"type":"Feature","properties":{"fid":198},"geometry":{"type":"MultiPolygon","coordinates":[[[[0.015916189041189,-0.015748025639073],[0.01632535881618,-0.015971910979076],[0.016021698228451,-0.016625553234687],[0.015988244095905,-0.016602392682359],[0.015949643173736,-0.016517470657134],[0.015895601882699,-0.016195796318834],[0.015838987196851,-0.016108300898728],[0.015759211957702,-0.016041392636268],[0.015916189041189,-0.015748025639073]]]]}},
{"type":"Feature","properties":{"fid":199},"geometry":{"type":"MultiPolygon","coordinates":[[[[0.012689151947864,-0.01885153963961],[0.012874436374275,-0.018908154322384],[0.012786940950692,-0.019201521314645],[0.012647977630884,-0.018975062583821],[0.012689151947864,-0.01885153963961]]]]}},
{"type":"Feature","properties":{"fid":200},"geometry":{"type":"MultiPolygon","coordinates":[[[[0.015594514689781,-0.022225260019936],[0.015609955058649,-0.022243273782259],[0.015609955058649,-0.022505760032993],[0.015514739450632,-0.022557227925239],[0.015427244027049,-0.022335915988454],[0.015594514689781,-0.022225260019936]]]]}},
{"type":"Feature","properties":{"fid":201},"geometry":{"type":"MultiPolygon","coordinates":[[[[0.023726442293377,-0.010379924204278],[0.023765043215546,-0.010426245310118],[0.023865405613185,-0.010747919656034],[0.023348153256121,-0.010621823312474],[0.02324521746367,-0.010565208627594],[0.023252937648104,-0.010547194864221],[0.023726442293377,-0.010379924204278]]]]}},
{"type":"Feature","properties":{"fid":202},"geometry":{"type":"MultiPolygon","coordinates":[[[[0.014279509941225,-0.021118700330268],[0.014433913629901,-0.021141860881995],[0.014449353998769,-0.021262810429843],[0.014323257653017,-0.021273104008379],[0.014279509941225,-0.021118700330268]]]]}},
{"type":"Feature","properties":{"fid":203},"geometry":{"type":"MultiPolygon","coordinates":[[[[0.016428294608631,-0.016013085294452],[0.016798863461453,-0.016110874293438],[0.016814303830321,-0.016211236687084],[0.016551817559572,-0.016221530265917],[0.016564684533628,-0.016265277975951],[0.016544097375138,-0.016314172475389],[0.016544097375138,-0.016442842210695],[0.016559537744005,-0.016473722947156],[0.016876065305791,-0.01648144313127],[0.016883785490225,-0.016128888056403],[0.017120537812861,-0.016118594477566],[0.017151418550596,-0.016136608240531],[0.017153991945407,-0.016267851370658],[0.017128257997295,-0.01632961284363],[0.017027895599655,-0.016525190841247],[0.016966134124185,-0.016602392682359],[0.016927533202016,-0.016707901865163],[0.016912092833149,-0.016705328470461],[0.016729381801549,-0.017024429413234],[0.01624301018222,-0.016427401842462],[0.016428294608631,-0.016013085294452]]]]}},
{"type":"Feature","properties":{"fid":204},"geometry":{"type":"MultiPolygon","coordinates":[[[[0.019084038053856,-0.017544255141454],[0.019372258272717,-0.017701232217516],[0.019359391298661,-0.017781007452841],[0.019434019748188,-0.017909677187163],[0.019405712405264,-0.017974012054291],[0.019351671114227,-0.017976585448975],[0.019228148163286,-0.017883943240306],[0.018986249051028,-0.017755273505966],[0.019084038053856,-0.017544255141454]]]]}},
{"type":"Feature","properties":{"fid":205},"geometry":{"type":"MultiPolygon","coordinates":[[[[0.000000078021735,-0.000000111733411],[0.000000077136786,-0.000000117531351],[0.000000076862147,-0.000000124244755],[0.000000082385448,-0.000000124855065],[0.000000082599056,-0.000000115944546],[0.000000080112045,-0.000000112465782],[0.000000079509364,-0.000000111947019],[0.000000078685447,-0.000000111687637],[0.000000078021735,-0.000000111733411]]]]}},
{"type":"Feature","properties":{"fid":206},"geometry":{"type":"MultiPolygon","coordinates":[[[[0.020437643724581,-0.005804428276701],[0.020581753834012,-0.005899643884221],[0.020877694237307,-0.006172423732701],[0.021201941983526,-0.006512111845706],[0.021374359435881,-0.006725703613616],[0.021083565822208,-0.006977896303316],[0.020772185050045,-0.006638208190628],[0.020743877707121,-0.006584166899951],[0.020795345603346,-0.006524978819679],[0.020785052024101,-0.006496671476938],[0.020746451101932,-0.006455497160221],[0.020687263021273,-0.006494098082143],[0.020622928150992,-0.006558432952008],[0.020669249257595,-0.006640781585422],[0.020592047413257,-0.006759157745931],[0.020604914387313,-0.006900694459544],[0.020553446491088,-0.007006203646029],[0.020548299701465,-0.007067965121034],[0.020594620808068,-0.007199208255391],[0.020689836416085,-0.00732015781055],[0.020393896012789,-0.007587790868656],[0.020285813430716,-0.007415373417779],[0.020363015275054,-0.0071966348606],[0.020401616197223,-0.006985616487693],[0.020406762986846,-0.00674371737717],[0.020347574906186,-0.006393735685139],[0.020342428116564,-0.006244478786993],[0.02037588224911,-0.005976845728144],[0.020437643724581,-0.005804428276701]]]]}},
{"type":"Feature","properties":{"fid":207},"geometry":{"type":"MultiPolygon","coordinates":[[[[0.017694404855773,-0.011548245427181],[0.017946597547277,-0.01165375461228],[0.017882262676995,-0.01179271792918],[0.017861675518505,-0.01179271792918],[0.017841088360015,-0.011836465640041],[0.017673817697283,-0.01193682803552],[0.017542574561908,-0.011679488559859],[0.017694404855773,-0.011548245427181]]]]}},
{"type":"Feature","properties":{"fid":208},"geometry":{"type":"MultiPolygon","coordinates":[[[[0.015231666021393,-0.021975640741814],[0.015259973364317,-0.021991081109545],[0.01530629447092,-0.022109457262097],[0.015440111001105,-0.022088870105138],[0.015422097237427,-0.022248420571493],[0.015100422886018,-0.022119750840575],[0.015095276096396,-0.022014241661138],[0.015231666021393,-0.021975640741814]]]]}},
{"type":"Feature","properties":{"fid":209},"geometry":{"type":"MultiPolygon","coordinates":[[[[0.01532688162941,-0.020477925064484],[0.015393789894503,-0.020562847087809],[0.015514739450632,-0.020604021402132],[0.015566207346857,-0.020825333341437],[0.015370629341201,-0.020794452605739],[0.015357762367145,-0.020694090214677],[0.015319161444976,-0.020660636084309],[0.015223945836959,-0.020629755348579],[0.015095276096396,-0.020629755348579],[0.015157037571866,-0.02051137919489],[0.01532688162941,-0.020477925064484]]]]}},
{"type":"Feature","properties":{"fid":210},"geometry":{"type":"MultiPolygon","coordinates":[[[[0.017452505743514,-0.02013309018143],[0.017269794711914,-0.020107356234904],[0.017161712129841,-0.020145957154692],[0.017058776337391,-0.020081622288374],[0.017213180026067,-0.019976113107559],[0.01738302408361,-0.019909204846519],[0.017427234340436,-0.019873620983413],[0.017488784241446,-0.019826374244179],[0.01754514795672,-0.019783108508332],[0.017897703045863,-0.020251466335397],[0.017761313120866,-0.020362122305331],[0.017637790169925,-0.020210292020983],[0.017648391705025,-0.020192350962698],[0.017671244302472,-0.020153677338648],[0.017632643380303,-0.020102209445598],[0.017576028694455,-0.020048168157879],[0.017560706358681,-0.020056418645867],[0.017452505743514,-0.02013309018143]]]]}},
{"type":"Feature","properties":{"fid":211},"geometry":{"type":"MultiPolygon","coordinates":[[[[0.012877009769086,-0.019119172685289],[0.013124055670967,-0.019180934157309],[0.013118908881345,-0.019294163522623],[0.013041707037007,-0.019348204810586],[0.012977372166725,-0.019427980045168],[0.012799807924748,-0.019363645178573],[0.012877009769086,-0.019119172685289]]]]}},
{"type":"Feature","properties":{"fid":212},"geometry":{"type":"MultiPolygon","coordinates":[[[[0.024350489493536,-0.014164100584659],[0.024130830372835,-0.014180891074651],[0.024124345253695,-0.014094422822089],[0.024067420319025,-0.014093702253317],[0.024070302594198,-0.014332210516557],[0.024136594923181,-0.014329328241474],[0.024138036060767,-0.014246462832823],[0.024350387718977,-0.014231381039381],[0.024350489493536,-0.014462614360683],[0.023819083487738,-0.014342951510858],[0.023812650000985,-0.01413707994112],[0.024327328941226,-0.013929921673888],[0.024344056006783,-0.0139415019497],[0.024350489493536,-0.014164100584659]]]]}},
{"type":"Feature","properties":{"fid":213},"geometry":{"type":"MultiPolygon","coordinates":[[[[0.013620720869541,-0.020838200314643],[0.013764830978972,-0.020876801234254],[0.01375968418935,-0.021005470966223],[0.013615574079919,-0.020990030598392],[0.013620720869541,-0.020838200314643]]]]}},
{"type":"Feature","properties":{"fid":214},"geometry":{"type":"MultiPolygon","coordinates":[[[[0.013615574079919,-0.02554493903755],[0.013695349319068,-0.025537218853883],[0.013692775924257,-0.025629861057853],[0.013620720869541,-0.025645301425175],[0.013615574079919,-0.02554493903755]]]]}},
{"type":"Feature","properties":{"fid":215},"geometry":{"type":"MultiPolygon","coordinates":[[[[0.02293898348113,-0.009579598430122],[0.023381607388667,-0.009574451640571],[0.023528290892909,-0.009880685618698],[0.02322463030518,-0.009927006724609],[0.022884942190093,-0.009878112223925],[0.022890088979716,-0.009744295695701],[0.022923543112262,-0.009605332377874],[0.02293898348113,-0.009579598430122]]]]}},
{"type":"Feature","properties":{"fid":216},"geometry":{"type":"MultiPolygon","coordinates":[[[[0.022872075216037,-0.019160346999972],[0.023270951411783,-0.019389379125214],[0.023124267907541,-0.019613264460826],[0.023003318351411,-0.019533489226332],[0.022975011008487,-0.019538636015655],[0.022954423849997,-0.019615837855486],[0.02306250643207,-0.019700759879259],[0.023008465141034,-0.019783108508332],[0.022908102743395,-0.01981656263888],[0.022717671527361,-0.0197728149297],[0.02255297425944,-0.019690466300623],[0.022872075216037,-0.019160346999972]]]]}},
{"type":"Feature","properties":{"fid":217},"geometry":{"type":"MultiPolygon","coordinates":[[[[0.017931157178409,-0.005696345695172],[0.017990345259068,-0.005745240196342],[0.01811644160482,-0.005945964990576],[0.018124161789254,-0.00605147417726],[0.018044386550105,-0.006162130153515],[0.017694404855773,-0.005768400749527],[0.017931157178409,-0.005696345695172]]]]}},
{"type":"Feature","properties":{"fid":218},"geometry":{"type":"MultiPolygon","coordinates":[[[[0.015157037571866,-0.004605226299621],[0.01514417059781,-0.004643827221665],[0.015167331151111,-0.004654120800876],[0.01518534491479,-0.004705588696929],[0.015239386205827,-0.005042703415985],[0.015252253179883,-0.005269162158459],[0.014691253111027,-0.005230561236452],[0.014583170528954,-0.004875432753879],[0.015012927462435,-0.004664414380087],[0.015105569675641,-0.004651547406073],[0.015100422886018,-0.004628386852848],[0.015157037571866,-0.004605226299621]]]]}},
{"type":"Feature","properties":{"fid":219},"geometry":{"type":"MultiPolygon","coordinates":[[[[0.022905528368811,-0.014553969869647],[0.022991737091302,-0.015033907965422],[0.022969863236341,-0.015050635030403],[0.022864354053592,-0.015039054754647],[0.022622454951679,-0.015059641911546],[0.022497645308671,-0.01460029097277],[0.022857920566839,-0.014562976750811],[0.022870787540345,-0.01461058455124],[0.022873360935046,-0.014561690053502],[0.022905528368811,-0.014553969869647]]]]}},
{"type":"Feature","properties":{"fid":220},"geometry":{"type":"MultiPolygon","coordinates":[[[[0.015074688937906,-0.006676809112536],[0.015651129375629,-0.006738570587583],[0.015440111001105,-0.007075685305409],[0.015301147681297,-0.007253249545998],[0.015277987127996,-0.007245529361626],[0.014915138459607,-0.006702543060473],[0.015074688937906,-0.006676809112536]]]]}},
{"type":"Feature","properties":{"fid":221},"geometry":{"type":"MultiPolygon","coordinates":[[[[0.014469941157259,-0.02038270946252],[0.014508542079428,-0.020436750750128],[0.014495675105371,-0.020580860850327],[0.014261496177546,-0.020575714061036],[0.014251202598301,-0.020501085616304],[0.014372152154431,-0.020490792037718],[0.014469941157259,-0.02038270946252]]]]}},
{"type":"Feature","properties":{"fid":222},"geometry":{"type":"MultiPolygon","coordinates":[[[[0.013947542010572,-0.021252516851306],[0.013988716327552,-0.021316851717149],[0.014047904408211,-0.021321998506415],[0.014078785145947,-0.021368319609803],[0.013980996143118,-0.021450668238015],[0.013919234667648,-0.021309131533249],[0.013947542010572,-0.021252516851306]]]]}},
{"type":"Feature","properties":{"fid":223},"geometry":{"type":"MultiPolygon","coordinates":[[[[0.017797340648224,-0.022364223329224],[0.018170482895857,-0.022328195804607],[0.018173056290668,-0.022359076539994],[0.018036666365671,-0.022637003158184],[0.017882262676995,-0.022868608672936],[0.017658377328415,-0.023131094922536],[0.017514267218984,-0.022840301332264],[0.017655803933604,-0.022683324261164],[0.017696978250584,-0.022683324261164],[0.017761313120866,-0.022734792153347],[0.017802487437846,-0.022706484812648],[0.017799914043035,-0.022660163709676],[0.017714992014263,-0.022595828844411],[0.017797340648224,-0.022364223329224]]]]}},
{"type":"Feature","properties":{"fid":224},"geometry":{"type":"MultiPolygon","coordinates":[[[[0.019802015206198,-0.012973906119941],[0.020141703321285,-0.013172057515251],[0.02015199690053,-0.013545199752741],[0.020136556531663,-0.013606961226478],[0.019565262883562,-0.013617254805432],[0.019802015206198,-0.012973906119941]]]]}},
{"type":"Feature","properties":{"fid":225},"geometry":{"type":"MultiPolygon","coordinates":[[[[0.021832423712286,-0.013079415304476],[0.022321368726426,-0.013154043752047],[0.022352249464161,-0.013352195147213],[0.022305928357559,-0.013390796068331],[0.02230850175237,-0.01355034654222],[0.021847864081154,-0.013565786910655],[0.021832423712286,-0.013079415304476]]]]}},
{"type":"Feature","properties":{"fid":226},"geometry":{"type":"MultiPolygon","coordinates":[[[[0.023795923953281,-0.011033566474923],[0.023983781774503,-0.011082460975427],[0.024163919411292,-0.011839039034797],[0.023849965244317,-0.011571405980011],[0.023819084506582,-0.011308919714495],[0.02385511203394,-0.011301199530211],[0.02385511203394,-0.011265172003552],[0.023852538639129,-0.011247158240221],[0.023801070742903,-0.011239438055936],[0.023795923953281,-0.011033566474923]]]]}},
{"type":"Feature","properties":{"fid":227},"geometry":{"type":"MultiPolygon","coordinates":[[[[0.000000164279448,-0.000000105261865],[0.000000164416767,-0.000000109000011],[0.000000164843984,-0.000000112661868],[0.000000168902542,-0.000000112051558],[0.000000168536356,-0.000000105490731],[0.000000164279448,-0.000000105261865]]]]}},
{"type":"Feature","properties":{"fid":228},"geometry":{"type":"MultiPolygon","coordinates":[[[[0.01581582664355,-0.022786260045511],[0.015885308303454,-0.022793980229334],[0.015941922989302,-0.022845448121477],[0.015918762436001,-0.022945810511103],[0.015841560591663,-0.022999851797796],[0.015748918378457,-0.022981838035567],[0.015702597271854,-0.022907209592025],[0.015736051404401,-0.022811993991586],[0.01581582664355,-0.022786260045511]]]]}},
{"type":"Feature","properties":{"fid":229},"geometry":{"type":"MultiPolygon","coordinates":[[[[0.013154936408703,-0.020779012237887],[0.013252725411531,-0.020779012237887],[0.013281032754455,-0.02079702600038],[0.013288752938888,-0.021141860881995],[0.013239858437474,-0.021195902169343],[0.013165229987948,-0.021195902169343],[0.013075161169553,-0.021090392989265],[0.013116335486534,-0.021038925096518],[0.013111188696911,-0.020894814996736],[0.013154936408703,-0.020779012237887]]]]}},
{"type":"Feature","properties":{"fid":230},"geometry":{"type":"MultiPolygon","coordinates":[[[[0.013075161169553,-0.022366796723839],[0.013154936408703,-0.022397677459218],[0.01312920246059,-0.022456865535343],[0.013075161169553,-0.022446571956888],[0.013075161169553,-0.022366796723839]]]]}},
{"type":"Feature","properties":{"fid":231},"geometry":{"type":"MultiPolygon","coordinates":[[[[0.020004025843206,-0.014683926297828],[0.020287099260338,-0.015275807058873],[0.020046486855775,-0.015467524957212],[0.019808447845914,-0.014784288687856],[0.020004025843206,-0.014683926297828]]]]}},
{"type":"Feature","properties":{"fid":232},"geometry":{"type":"MultiPolygon","coordinates":[[[[0.017956891126522,-0.016324466054216],[0.018173056290668,-0.016422255053051],[0.018191070054347,-0.016594672498249],[0.018448409535473,-0.016553498182991],[0.018468996693964,-0.016677021128738],[0.017817927806714,-0.016803117469108],[0.017884836071806,-0.016574085340621],[0.018041813155294,-0.016561218367103],[0.01803409297086,-0.016494310104794],[0.017998065443502,-0.016476296341861],[0.017941450757654,-0.016489163315385],[0.017931157178409,-0.016463429368336],[0.017956891126522,-0.016324466054216]]]]}},
{"type":"Feature","properties":{"fid":233},"geometry":{"type":"MultiPolygon","coordinates":[[[[0.01483793661527,-0.019802066935916],[0.014855908515828,-0.01981207069172],[0.014897174010988,-0.019835829611754],[0.014902175889189,-0.019959626089767],[0.014987207818608,-0.02000464299084],[0.014988458288159,-0.020074669281373],[0.015029723783318,-0.020072168342425],[0.015022220966016,-0.01996337749819],[0.014945942323449,-0.01995212327292],[0.014943441384348,-0.019863339940209],[0.014984706879508,-0.019889599799185],[0.015022220966016,-0.019824575386475],[0.01484497485867,-0.01971975584088],[0.014830216430836,-0.019685319511304],[0.014827643036024,-0.019548929594301],[0.014925432038852,-0.019528342437008],[0.014984620119512,-0.019703333273919],[0.015056675174227,-0.019734214009825],[0.015072115543095,-0.019770241535042],[0.015110716465264,-0.019965819528939],[0.015100422886018,-0.0202977874391],[0.01508240912234,-0.020318374596297],[0.015048954989793,-0.020318374596297],[0.015005207278002,-0.02027977367655],[0.014904844880362,-0.02026948009795],[0.014943445802531,-0.020140810365387],[0.014930578828475,-0.02011250302421],[0.014845656799703,-0.020091915866987],[0.014804482482723,-0.02022573238889],[0.014706693479895,-0.020181984679818],[0.014783895324233,-0.020019860816686],[0.014807055877534,-0.020009567238069],[0.01483793661527,-0.019891191083927],[0.01483793661527,-0.019802066935916]]]]}},
{"type":"Feature","properties":{"fid":234},"geometry":{"type":"MultiPolygon","coordinates":[[[[0.012146165642687,-0.020220585599588],[0.012108001679069,-0.02013844322451],[0.012153179583705,-0.020148108213563],[0.012229093184271,-0.020164348544413],[0.012491000547396,-0.020246319546096],[0.01249872073183,-0.020351828726736],[0.012352037227588,-0.020372415883926],[0.012241381250704,-0.02047277827519],[0.012153885827121,-0.020354402121385],[0.012169326195988,-0.02028492046585],[0.012146165642687,-0.020220585599588]]]]}},
{"type":"Feature","properties":{"fid":235},"geometry":{"type":"MultiPolygon","coordinates":[[[[0.017262074527481,-0.021756902198786],[0.017449932348703,-0.021831530642913],[0.017511693824173,-0.02188042514077],[0.017287808475593,-0.022199526073758],[0.017153991945407,-0.022150631576006],[0.017205459841633,-0.021952480190214],[0.017285235080782,-0.021960200374081],[0.017287808475593,-0.021913879270873],[0.017226047000123,-0.021875278351523],[0.017262074527481,-0.021756902198786]]]]}},
{"type":"Feature","properties":{"fid":236},"geometry":{"type":"MultiPolygon","coordinates":[[[[0.0196424647279,-0.021121273724905],[0.019735106941106,-0.021208769142518],[0.019848336312801,-0.02138890676686],[0.019686212439692,-0.021525296682293],[0.019627024359032,-0.021545883839329],[0.01948034085479,-0.021309131533249],[0.019524088566582,-0.021198475563978],[0.0196424647279,-0.021121273724905]]]]}},
{"type":"Feature","properties":{"fid":237},"geometry":{"type":"MultiPolygon","coordinates":[[[[0.01272260608041,-0.011900800508942],[0.012848702426162,-0.011980575746359],[0.012961931797858,-0.012019176667681],[0.012992812535593,-0.01211696566834],[0.012444679440794,-0.012325410643311],[0.012411225308247,-0.011993442720134],[0.01272260608041,-0.011900800508942]]]]}},
{"type":"Feature","properties":{"fid":238},"geometry":{"type":"MultiPolygon","coordinates":[[[[0.013229564858229,-0.021934466427856],[0.013592413526618,-0.022027108634244],[0.013607853895485,-0.022045122396591],[0.013525505261525,-0.022155778365243],[0.013347941019547,-0.022166071943718],[0.013226991463418,-0.022070856342796],[0.013229564858229,-0.021934466427856]]]]}},
{"type":"Feature","properties":{"fid":239},"geometry":{"type":"MultiPolygon","coordinates":[[[[0.023732874765248,-0.018321419556485],[0.023956760104252,-0.01846681634961],[0.023961906893655,-0.018492550295284],[0.023927166065189,-0.018650814061094],[0.023904005512878,-0.018653387455659],[0.02382294357979,-0.018590339288809],[0.02375989540961,-0.018580045710546],[0.02369427384473,-0.018609639748051],[0.023653099529511,-0.018679121401305],[0.023579757780526,-0.018993075537885],[0.023813936698336,-0.019056123704589],[0.023676260081821,-0.019442132887985],[0.023433074282558,-0.019309603068451],[0.023415060519649,-0.019281295728343],[0.023499982544789,-0.019005942510684],[0.023463955018972,-0.018710002136076],[0.023590051359331,-0.018527291121937],[0.023654386226861,-0.018559458554017],[0.023691700450029,-0.018514424149103],[0.023645379345407,-0.018450089284921],[0.023732874765248,-0.018321419556485]]]]}},
{"type":"Feature","properties":{"fid":240},"geometry":{"type":"MultiPolygon","coordinates":[[[[0.012938771244556,-0.02103635170188],[0.013057147405875,-0.021167594828353],[0.013075161169553,-0.021206195747883],[0.012949064823801,-0.021198475563978],[0.012895023532765,-0.021110980146359],[0.012938771244556,-0.02103635170188]]]]}},
{"type":"Feature","properties":{"fid":241},"geometry":{"type":"MultiPolygon","coordinates":[[[[0.013746817215293,-0.019880897505302],[0.013849753007744,-0.019898911267895],[0.013914087878026,-0.019981259896869],[0.013860046586989,-0.019999273659451],[0.013754537399727,-0.019986406686178],[0.013710789687936,-0.019898911267895],[0.013746817215293,-0.019880897505302]]]]}},
{"type":"Feature","properties":{"fid":242},"geometry":{"type":"MultiPolygon","coordinates":[[[[0.016057725755809,-0.012019176667681],[0.016397413870896,-0.012479814328369],[0.016363959738349,-0.01251584185487],[0.016006257859584,-0.012701126276794],[0.01567428992893,-0.012327984038063],[0.016057725755809,-0.012019176667681]]]]}},
{"type":"Feature","properties":{"fid":243},"geometry":{"type":"MultiPolygon","coordinates":[[[[0.014771353747986,-0.021834129068137],[0.01473757421763,-0.021831530642913],[0.01467581274216,-0.021525296682293],[0.014547143001597,-0.021507282919884],[0.014526555843107,-0.021352879242009],[0.014662945768104,-0.021337438874212],[0.014807055877534,-0.0216333792567],[0.014918431993343,-0.021827827473598],[0.014804532734927,-0.021832707508324],[0.014771353747986,-0.021834129068137]]]]}},
{"type":"Feature","properties":{"fid":244},"geometry":{"type":"MultiPolygon","coordinates":[[[[0.022407576494129,-0.01461058455124],[0.022540106321241,-0.015067362095383],[0.02217468427367,-0.015161290998709],[0.022040867749207,-0.014683926297828],[0.022407576494129,-0.01461058455124]]]]}},
{"type":"Feature","properties":{"fid":245},"geometry":{"type":"MultiPolygon","coordinates":[[[[0.020819791963487,-0.016648713078652],[0.021181353919006,-0.017132511261455],[0.021263702549444,-0.017272761266349],[0.021052684183946,-0.01746576586007],[0.020814645174084,-0.017792586971652],[0.020552158914562,-0.017663917242752],[0.020565025888068,-0.017599582378268],[0.02054829882251,-0.017548114486665],[0.020939454817093,-0.016885465381025],[0.020917580962132,-0.016821130516278],[0.020898280501873,-0.016824990608164],[0.020489110744382,-0.017517233751696],[0.02046337679737,-0.01752881402731],[0.020365587798725,-0.017485066319432],[0.020341140549063,-0.017432311730506],[0.020819791963487,-0.016648713078652]]]]}},
{"type":"Feature","properties":{"fid":246},"geometry":{"type":"MultiPolygon","coordinates":[[[[0.013255534515435,-0.011498208047807],[0.013381222300664,-0.011956798605927],[0.013980787005879,-0.011705423040828],[0.013911149178928,-0.011290993054635],[0.013255534515435,-0.011498208047807]]]]}},
{"type":"Feature","properties":{"fid":247},"geometry":{"type":"MultiPolygon","coordinates":[[[[0.013386541941716,-0.016900906467707],[0.013461170391243,-0.016916346835902],[0.013499771313412,-0.017099057859452],[0.013113762091722,-0.017088764280665],[0.01304685382663,-0.016918920230601],[0.013386541941716,-0.016900906467707]]]]}},
{"type":"Feature","properties":{"fid":248},"geometry":{"type":"MultiPolygon","coordinates":[[[[0.013926954852082,-0.020006993843414],[0.013952688800195,-0.020032727789956],[0.013939821826138,-0.02022573238889],[0.013872913561045,-0.020228305783541],[0.0138626199818,-0.020043021368572],[0.013926954852082,-0.020006993843414]]]]}},
{"type":"Feature","properties":{"fid":249},"geometry":{"type":"MultiPolygon","coordinates":[[[[0.021940506294359,-0.008835887339275],[0.022102630167469,-0.009160135081496],[0.021907052161813,-0.009237336924839],[0.021747501683514,-0.008920809367028],[0.021940506294359,-0.008835887339275]]]]}},
{"type":"Feature","properties":{"fid":250},"geometry":{"type":"MultiPolygon","coordinates":[[[[0.019609010595354,-0.017333236776705],[0.020036194134023,-0.017575135877739],[0.020056781292514,-0.017613736798088],[0.019922964762328,-0.017832475346581],[0.019645038122711,-0.018200470786398],[0.019457180301489,-0.018053787289497],[0.019516368382148,-0.017953424896812],[0.019529235356204,-0.017889090029678],[0.019452033511866,-0.017762993690029],[0.019452033511866,-0.017708952401582],[0.019609010595354,-0.017333236776705]]]]}},
{"type":"Feature","properties":{"fid":251},"geometry":{"type":"MultiPolygon","coordinates":[[[[0.016683060694946,-0.019708480063237],[0.016891505674658,-0.020063608525801],[0.016662473536456,-0.020199998442378],[0.016590418481741,-0.020254039730047],[0.016600712060986,-0.02026948009795],[0.016541523980327,-0.0202823470712],[0.016309918447313,-0.019394525914542],[0.016412854239763,-0.019345631415922],[0.016420574424197,-0.019314750679944],[0.016448881767121,-0.019330191047934],[0.016500349663346,-0.019276149759964],[0.016536377190704,-0.019283869943961],[0.016585271692118,-0.019234975445309],[0.016618725824664,-0.019240122234641],[0.016613579035042,-0.019224681866644],[0.016779375180601,-0.019150073605326],[0.016980456281768,-0.019046158136211],[0.017070441470132,-0.019165129212545],[0.01714688787013,-0.01925067636964],[0.017240017469763,-0.019378354881638],[0.017258021071746,-0.019403037400621],[0.017313044608566,-0.019478473387981],[0.017331415170691,-0.019503659000756],[0.017462532377443,-0.019683417637041],[0.017480813086438,-0.019708480063237],[0.017409903160954,-0.019753341442005],[0.017395132236119,-0.019762686312263],[0.017369728210418,-0.019778758245934],[0.01735312394474,-0.019789262984818],[0.017306117107427,-0.019819002002566],[0.017305808047757,-0.019819197530101],[0.017291201544307,-0.019828438378669],[0.017263202001461,-0.019846152374102],[0.017249835092045,-0.019854608989755],[0.017057667641602,-0.019976184308201],[0.017048482758146,-0.019981995152484],[0.017025132674948,-0.0199967676532],[0.017003223176902,-0.020010628763364],[0.01697642770343,-0.020027581000648],[0.016790384910124,-0.019736417288433],[0.016994441467109,-0.019600397487523],[0.016953267150129,-0.01953091583167],[0.016923177788232,-0.019550688839767],[0.016683060694946,-0.019708480063237]]]]}},
{"type":"Feature","properties":{"fid":252},"geometry":{"type":"MultiPolygon","coordinates":[[[[0.015162184361489,-0.020230879178192],[0.015334601813844,-0.0202720534926],[0.015329455024221,-0.02042388377689],[0.015288280707241,-0.020459911301954],[0.015193065099224,-0.020465058091249],[0.015162184361489,-0.020431603960833],[0.015162184361489,-0.020230879178192]]]]}},
{"type":"Feature","properties":{"fid":253},"geometry":{"type":"MultiPolygon","coordinates":[[[[0.014155986990284,-0.021442948054122],[0.014230615439811,-0.021638526045956],[0.01420745488651,-0.021682273754621],[0.01420745488651,-0.021756902198786],[0.014091652120003,-0.021800649907417],[0.014029890644532,-0.021692567333129],[0.014014450275665,-0.021581911364135],[0.014047904408211,-0.021507282919884],[0.014155986990284,-0.021442948054122]]]]}},
{"type":"Feature","properties":{"fid":254},"geometry":{"type":"MultiPolygon","coordinates":[[[[0.017900276440674,-0.014018704384314],[0.017907996625108,-0.014412433778318],[0.017609482827001,-0.014363539278446],[0.017650657143981,-0.014296631015446],[0.017900276440674,-0.014018704384314]]]]}},
{"type":"Feature","properties":{"fid":255},"geometry":{"type":"MultiPolygon","coordinates":[[[[0.02171919434059,-0.010704171945009],[0.021909625556624,-0.010763360024629],[0.022076896219356,-0.010915190315777],[0.021832423712286,-0.011046433448741],[0.021773235631627,-0.011051580238268],[0.02171919434059,-0.010704171945009]]]]}},
{"type":"Feature","properties":{"fid":256},"geometry":{"type":"MultiPolygon","coordinates":[[[[0.024006941300926,-0.015503552481713],[0.024338909217381,-0.015549873584634],[0.024309315178317,-0.016010511218678],[0.02401594818238,-0.015868974515589],[0.024006941300926,-0.015503552481713]]]]}},
{"type":"Feature","properties":{"fid":257},"geometry":{"type":"MultiPolygon","coordinates":[[[[0.016551817559572,-0.01572743848136],[0.01669078087938,-0.015742878849645],[0.016685634089757,-0.015760892612643],[0.016814303830321,-0.015796920138635],[0.016809157040698,-0.016023378873295],[0.016461748741177,-0.015938456847826],[0.016551817559572,-0.01572743848136]]]]}},
{"type":"Feature","properties":{"fid":258},"geometry":{"type":"MultiPolygon","coordinates":[[[[0.013363381388415,-0.020351828726736],[0.013481757549733,-0.020362122305331],[0.013468890575677,-0.020547406719935],[0.013371101572849,-0.020537113141351],[0.013350514414359,-0.020449617723365],[0.013363381388415,-0.020351828726736]]]]}},
{"type":"Feature","properties":{"fid":259},"geometry":{"type":"MultiPolygon","coordinates":[[[[0.013350514414359,-0.020910255364576],[0.01355638599926,-0.020995177387669],[0.013561532788882,-0.021116126935632],[0.01335308780917,-0.021059512253619],[0.013350514414359,-0.020910255364576]]]]}},
{"type":"Feature","properties":{"fid":260},"geometry":{"type":"MultiPolygon","coordinates":[[[[0.020926588738721,-0.009134401133711],[0.020954896081645,-0.009139547923268],[0.021055258479284,-0.009288804820391],[0.021201941983526,-0.009409754374911],[0.02125083648494,-0.009499823192079],[0.021253409879752,-0.009571878245796],[0.021078419032586,-0.009543570903266],[0.020864827263251,-0.00954099750849],[0.020813359367025,-0.009486956218199],[0.020725863943442,-0.009342846110714],[0.020694983205707,-0.009250203898728],[0.020926588738721,-0.009134401133711]]]]}},
{"type":"Feature","properties":{"fid":261},"geometry":{"type":"MultiPolygon","coordinates":[[[[0.022964716446939,-0.015158717604098],[0.023178308207139,-0.01573773139082],[0.022662342569548,-0.015730011207007],[0.022763991660245,-0.015513846060141],[0.022854060474787,-0.015544726795421],[0.022839906803931,-0.015627075422813],[0.022911961855564,-0.015654096066169],[0.022975010025744,-0.015504839179017],[0.022811599462217,-0.015425063946186],[0.022964716446939,-0.015158717604098]]]]}},
{"type":"Feature","properties":{"fid":262},"geometry":{"type":"MultiPolygon","coordinates":[[[[0.013834312638876,-0.019389379125214],[0.013939821826138,-0.019394525914542],[0.013932101641704,-0.019466580965114],[0.013854899797367,-0.019469154359776],[0.013834312638876,-0.019389379125214]]]]}},
{"type":"Feature","properties":{"fid":263},"geometry":{"type":"MultiPolygon","coordinates":[[[[0.013669615370955,-0.006730850403203],[0.013751964004916,-0.00673599719279],[0.014202308096887,-0.006972749513732],[0.014212601676132,-0.006993336672069],[0.014122532857738,-0.00717090091269],[0.013502344708223,-0.006766877930311],[0.013669615370955,-0.006730850403203]]]]}},
{"type":"Feature","properties":{"fid":264},"geometry":{"type":"MultiPolygon","coordinates":[[[[0.015545620188367,-0.019368791967901],[0.015555913767612,-0.019572090146253],[0.015468418344029,-0.019584957119558],[0.015465844949218,-0.019487168122414],[0.015545620188367,-0.019368791967901]]]]}},
{"type":"Feature","properties":{"fid":265},"geometry":{"type":"MultiPolygon","coordinates":[[[[0.019660478491579,-0.006259919155769],[0.019753120704784,-0.006262492550565],[0.019768561073652,-0.006283079708932],[0.019781428047708,-0.006535272398857],[0.019765987678841,-0.00669996966568],[0.019727386756672,-0.006810625641795],[0.019647611517523,-0.00692642840747],[0.019565262883562,-0.006998483461653],[0.019485487644413,-0.007013923830405],[0.019462327091112,-0.007001056856445],[0.019462327091112,-0.00692642840747],[0.019405712405264,-0.006898121064752],[0.019395418826019,-0.006862093537654],[0.019464900485923,-0.006630488006246],[0.019660478491579,-0.006259919155769]]]]}},
{"type":"Feature","properties":{"fid":266},"geometry":{"type":"MultiPolygon","coordinates":[[[[0.012300569331363,-0.011360387609713],[0.012323729884664,-0.011383548162558],[0.01227483538325,-0.011777277560639],[0.011950587637031,-0.01174125003404],[0.011870812397882,-0.01166662158607],[0.011891399556372,-0.011450456426323],[0.012146165642687,-0.011388694952079],[0.012161606011555,-0.011419575689202],[0.012174472985611,-0.011383548162558],[0.012300569331363,-0.011360387609713]]]]}},
{"type":"Feature","properties":{"fid":267},"geometry":{"type":"MultiPolygon","coordinates":[[[[0.020798139818798,-0.019454436421335],[0.020988211190442,-0.019206843464469],[0.020918184895626,-0.019166828441104],[0.020960700860336,-0.0190567871268],[0.021105755328169,-0.019121811539806],[0.021225800404997,-0.018896727033143],[0.020963201799436,-0.018766678206937],[0.020810644514301,-0.019004267408585],[0.020322961389689,-0.018721661305536],[0.020450509283818,-0.018409043934375],[0.020192912556459,-0.018411544873347],[0.020037854332223,-0.018449058957915],[0.019947820524602,-0.018494075859386],[0.019865289534283,-0.018574105906417],[0.019825274508674,-0.018669141587219],[0.020798139818798,-0.019454436421335]]]]}},
{"type":"Feature","properties":{"fid":268},"geometry":{"type":"MultiPolygon","coordinates":[[[[0.013183243751627,-0.020547406719935],[0.013304193307756,-0.020565420482454],[0.013319633676624,-0.02070438379325],[0.01317037677757,-0.020709530582537],[0.013183243751627,-0.020547406719935]]]]}},
{"type":"Feature","properties":{"fid":269},"geometry":{"type":"MultiPolygon","coordinates":[[[[0.015234239416204,-0.020863934261051],[0.015270266943562,-0.021051792069706],[0.015133877018565,-0.021087819594628],[0.015139023808187,-0.020969443441282],[0.015234239416204,-0.020863934261051]]]]}},
{"type":"Feature","properties":{"fid":270},"geometry":{"type":"MultiPolygon","coordinates":[[[[0.013988716327552,-0.019538636015655],[0.014143120016228,-0.019543782804978],[0.01408650533038,-0.019657012170048],[0.013986142932741,-0.019651865380729],[0.013988716327552,-0.019538636015655]]]]}},
{"type":"Feature","properties":{"fid":271},"geometry":{"type":"MultiPolygon","coordinates":[[[[0.016047432176564,-0.022518627006056],[0.016188968891183,-0.022675604077335],[0.016116913836468,-0.022863461883723],[0.01608088630911,-0.022855741699904],[0.015949643173736,-0.022750232520998],[0.015965083542603,-0.022572668292909],[0.016047432176564,-0.022518627006056]]]]}},
{"type":"Feature","properties":{"fid":272},"geometry":{"type":"MultiPolygon","coordinates":[[[[0.017931157178409,-0.008565680887209],[0.018046959944916,-0.00874324512716],[0.018044386550105,-0.008913089182687],[0.017923436993975,-0.009162708476274],[0.017817927806714,-0.009317112162942],[0.017581175484077,-0.009157561686717],[0.017931157178409,-0.008565680887209]]]]}},
{"type":"Feature","properties":{"fid":273},"geometry":{"type":"MultiPolygon","coordinates":[[[[0.019073744474611,-0.02290978298663],[0.01917410687225,-0.022920076565052],[0.019328510560926,-0.023010145376211],[0.019421152774131,-0.023154255473948],[0.019436593142999,-0.023270058230951],[0.019248735321777,-0.023450195852768],[0.019145799529326,-0.023344686674303],[0.019099478422723,-0.023264911441753],[0.018973382076971,-0.023342113279706],[0.018965661892538,-0.02336784722568],[0.01892963436518,-0.023352406858096],[0.018883313258577,-0.02336784722568],[0.018885886653388,-0.02340902153923],[0.018957941708104,-0.023514530717646],[0.019009409604329,-0.023481076587913],[0.018983675656216,-0.023437328879789],[0.019084038053856,-0.023370420620278],[0.019184400451495,-0.023504237139268],[0.018934781154802,-0.023735842652601],[0.018703175621789,-0.023360127041889],[0.01897080868216,-0.023174842630755],[0.019053157316121,-0.023035879322246],[0.019073744474611,-0.02290978298663]]]]}},
{"type":"Feature","properties":{"fid":274},"geometry":{"type":"MultiPolygon","coordinates":[[[[0.02350255593949,-0.012970045476798],[0.023584904569929,-0.013031806948037],[0.023682693568574,-0.013200364296549],[0.023708427515586,-0.013381788618102],[0.023692987147379,-0.013504024863045],[0.023191175180645,-0.013527185414711],[0.023165441233633,-0.01309356841926],[0.02350255593949,-0.012970045476798]]]]}},
{"type":"Feature","properties":{"fid":275},"geometry":{"type":"MultiPolygon","coordinates":[[[[0.019995018961751,-0.015630935514721],[0.020190596959043,-0.016011797915978],[0.020310259812649,-0.016154621316268],[0.020136555670318,-0.016396520408421],[0.020050346947827,-0.016472435548983],[0.019782713898902,-0.016348912608393],[0.019774993714799,-0.016315458478636],[0.019765986833344,-0.015768612126067],[0.019995018961751,-0.015630935514721]]]]}},
{"type":"Feature","properties":{"fid":276},"geometry":{"type":"MultiPolygon","coordinates":[[[[0.01469639990065,-0.019749654377776],[0.01471698705914,-0.019767668140384],[0.014711840269518,-0.019947805766353],[0.01463463842518,-0.020079048893721],[0.014526555843107,-0.019973539712904],[0.014469941157259,-0.019834576401481],[0.01469639990065,-0.019749654377776]]]]}},
{"type":"Feature","properties":{"fid":277},"geometry":{"type":"MultiPolygon","coordinates":[[[[0.013350514414359,-0.024518154605859],[0.013445730022375,-0.024528448184161],[0.013419996074263,-0.024618516994271],[0.013322207071435,-0.024621090388845],[0.013324780466246,-0.024536168367887],[0.013350514414359,-0.024518154605859]]]]}},
{"type":"Feature","properties":{"fid":278},"geometry":{"type":"MultiPolygon","coordinates":[[[[0.01799291865388,-0.017665204691874],[0.018028946181237,-0.017690938638762],[0.018407235218493,-0.018313700152345],[0.018121588394443,-0.018684268985852],[0.018005785627936,-0.018496411174518],[0.017910570019919,-0.018239071706615],[0.017884836071806,-0.01810525518316],[0.017902849835485,-0.017860782688132],[0.01799291865388,-0.017665204691874]]]]}},
{"type":"Feature","properties":{"fid":279},"geometry":{"type":"MultiPolygon","coordinates":[[[[0.019058304105743,-0.00627793291934],[0.019094331633101,-0.006512111845706],[0.018903900417067,-0.006591887084334],[0.018821551783107,-0.006648501769804],[0.018646560935941,-0.006344841184027],[0.019058304105743,-0.00627793291934]]]]}},
{"type":"Feature","properties":{"fid":280},"geometry":{"type":"MultiPolygon","coordinates":[[[[0.014328404442639,-0.018326567125744],[0.014415899866222,-0.018342007493821],[0.014498248500183,-0.018743457063354],[0.014035037434155,-0.018689415775201],[0.013957835589817,-0.018421782728864],[0.014071064961513,-0.018336860704462],[0.014328404442639,-0.018326567125744]]]]}},
{"type":"Feature","properties":{"fid":281},"geometry":{"type":"MultiPolygon","coordinates":[[[[0.014253775993112,-0.026553709699294],[0.014372152154431,-0.026805902363457],[0.014037610828966,-0.026813622547045],[0.013957835589817,-0.026594884011846],[0.014253775993112,-0.026553709699294]]]]}},
{"type":"Feature","properties":{"fid":282},"geometry":{"type":"MultiPolygon","coordinates":[[[[0.022048588876432,-0.019312177285279],[0.022082043008979,-0.019325044258604],[0.022395997175953,-0.019638998407429],[0.0222467402769,-0.019904058057207],[0.021940506294359,-0.019862883742706],[0.021909625556624,-0.019554076383624],[0.021953373268415,-0.019510328674375],[0.022048588876432,-0.019312177285279]]]]}},
{"type":"Feature","properties":{"fid":283},"geometry":{"type":"MultiPolygon","coordinates":[[[[0.024212812877022,-0.012087371115397],[0.024284867928656,-0.012563449124102],[0.024184505535309,-0.012634217476675],[0.023942606433396,-0.012750020235387],[0.023862831197659,-0.012526134901829],[0.023727727975845,-0.01231640323861],[0.024212812877022,-0.012087371115397]]]]}},
{"type":"Feature","properties":{"fid":284},"geometry":{"type":"MultiPolygon","coordinates":[[[[0.011685527971471,-0.019677599327326],[0.011875959187504,-0.019716200247214],[0.011873385792693,-0.019762521351067],[0.011662367418169,-0.019788255297647],[0.011685527971471,-0.019677599327326]]]]}},
{"type":"Feature","properties":{"fid":285},"geometry":{"type":"MultiPolygon","coordinates":[[[[0.022271186574965,-0.011541811450343],[0.022478344848412,-0.01159713943529],[0.022610874675524,-0.011703935313182],[0.022487351729866,-0.012280375713623],[0.022205565010084,-0.012195453690421],[0.022223578772993,-0.01177084357401],[0.022251886114706,-0.011564972002183],[0.022271186574965,-0.011541811450343]]]]}},
{"type":"Feature","properties":{"fid":286},"geometry":{"type":"MultiPolygon","coordinates":[[[[0.015908468856755,-0.026754434472853],[0.015913615646378,-0.026942292273451],[0.015893028487888,-0.027001480347552],[0.015784945905815,-0.026903691355543],[0.015741198194023,-0.026834209703279],[0.015908468856755,-0.026754434472853]]]]}},
{"type":"Feature","properties":{"fid":287},"geometry":{"type":"MultiPolygon","coordinates":[[[[0.021258556669374,-0.020537113141351],[0.021724341130213,-0.020544833325289],[0.021273997038242,-0.021041498491155],[0.021245689695318,-0.020580860850327],[0.021258556669374,-0.020537113141351]]]]}},
{"type":"Feature","properties":{"fid":288},"geometry":{"type":"MultiPolygon","coordinates":[[[[0.018955368313292,-0.023874805960415],[0.019248735321777,-0.023959727981788],[0.019006836209518,-0.024371471114967],[0.018618253593017,-0.024129572024375],[0.018955368313292,-0.023874805960415]]]]}},
{"type":"Feature","properties":{"fid":289},"geometry":{"type":"MultiPolygon","coordinates":[[[[0.015589367900159,-0.019664732354028],[0.015651129375629,-0.019775388324358],[0.01557135413648,-0.019875750715989],[0.015504445871387,-0.019829429612167],[0.01540923026337,-0.019690466300623],[0.015589367900159,-0.019664732354028]]]]}},
{"type":"Feature","properties":{"fid":290},"geometry":{"type":"MultiPolygon","coordinates":[[[[0.017982625074635,-0.024510434422132],[0.017995492048691,-0.024528448184161],[0.017385597478421,-0.025012246363465],[0.017372730504365,-0.024590209653958],[0.017707271829829,-0.024525874789586],[0.017982625074635,-0.024510434422132]]]]}},
{"type":"Feature","properties":{"fid":291},"geometry":{"type":"MultiPolygon","coordinates":[[[[0.016376780719579,-0.012178775617686],[0.016582544750973,-0.012520042783778],[0.016953923734464,-0.012361955787775],[0.016793327417278,-0.012003123399676],[0.016376780719579,-0.012178775617686]]]]}},
{"type":"Feature","properties":{"fid":292},"geometry":{"type":"MultiPolygon","coordinates":[[[[0.016394840476084,-0.021139287487359],[0.016564684533628,-0.021201048958613],[0.01656983132325,-0.021234503088865],[0.016266170735521,-0.021414640713177],[0.016224996418541,-0.021283397586914],[0.016338225790237,-0.021234503088865],[0.016394840476084,-0.021139287487359]]]]}},
{"type":"Feature","properties":{"fid":293},"geometry":{"type":"MultiPolygon","coordinates":[[[[0.018239964555761,-0.019502608490388],[0.018770083886881,-0.01937393875723],[0.018188496659536,-0.019996700264796],[0.018239964555761,-0.019502608490388]]]]}},
{"type":"Feature","properties":{"fid":294},"geometry":{"type":"MultiPolygon","coordinates":[[[[0.022545254075006,-0.009947593882789],[0.022794873371699,-0.009965607646196],[0.022882368795282,-0.010256401255341],[0.023103680749051,-0.010554915048524],[0.022596721971232,-0.010423671915349],[0.022545254075006,-0.009947593882789]]]]}},
{"type":"Feature","properties":{"fid":295},"geometry":{"type":"MultiPolygon","coordinates":[[[[0.021078419032586,-0.021435227870228],[0.021400093383994,-0.021476402184322],[0.02139237319956,-0.021671980176113],[0.021335758513712,-0.021862411378404],[0.021245689695318,-0.022024535239623],[0.021178781430225,-0.022099163683617],[0.020885414421741,-0.02177748935579],[0.020908574975042,-0.021751755409534],[0.020908574975042,-0.021615365494304],[0.021078419032586,-0.021435227870228]]]]}},
{"type":"Feature","properties":{"fid":296},"geometry":{"type":"MultiPolygon","coordinates":[[[[0.019817454727368,-0.014053444615862],[0.019845762069082,-0.01408046525941],[0.019974431804142,-0.014613157945858],[0.019548534981093,-0.014801015752856],[0.019428872127487,-0.014481914820327],[0.019346523497048,-0.014327511143134],[0.019279615234817,-0.014260602882985],[0.019594856085714,-0.014115206086825],[0.019817454727368,-0.014053444615862]]]]}},
{"type":"Feature","properties":{"fid":297},"geometry":{"type":"MultiPolygon","coordinates":[[[[0.013121482276156,-0.023704961917512],[0.01327073917521,-0.023712682101285],[0.013268165780398,-0.023828484857826],[0.013134349250213,-0.023825911463237],[0.013113762091722,-0.023771870176862],[0.013121482276156,-0.023704961917512]]]]}},
{"type":"Feature","properties":{"fid":298},"geometry":{"type":"MultiPolygon","coordinates":[[[[0.013937248431327,-0.025339067472946],[0.014076211751135,-0.025398255547803],[0.014076211751135,-0.025635007846961],[0.014009303486042,-0.025632434452407],[0.014006730091231,-0.025506338119212],[0.013929528246893,-0.025426562887943],[0.013937248431327,-0.025339067472946]]]]}},
{"type":"Feature","properties":{"fid":299},"geometry":{"type":"MultiPolygon","coordinates":[[[[0.014639785214802,-0.025809998676492],[0.01483793661527,-0.025956682165767],[0.014789042113855,-0.026118806022136],[0.014698973295461,-0.026069911525792],[0.01469639990065,-0.026044177580341],[0.01463463842518,-0.025987562900329],[0.014567730160087,-0.025984989505783],[0.014608904477067,-0.026129099600311],[0.014678386136971,-0.026170273913003],[0.014735000822819,-0.026144539967572],[0.014773601744988,-0.026177994096631],[0.014693826505839,-0.026332397769096],[0.014647505399236,-0.026311810612778],[0.014413326471411,-0.026077631709427],[0.014575450344521,-0.025915507853005],[0.014639785214802,-0.025809998676492]]]]}},
{"type":"Feature","properties":{"fid":300},"geometry":{"type":"MultiPolygon","coordinates":[[[[0.016634166193532,-0.018591626777548],[0.016904372648715,-0.018946755242447],[0.016868345121357,-0.018985356162501],[0.01675254235485,-0.019041970845232],[0.016675340510512,-0.018957048821129],[0.016585271692118,-0.018910727717055],[0.016577551507684,-0.018843819455594],[0.016523510216648,-0.018841246060922],[0.016510643242591,-0.018903007533042],[0.016477189110045,-0.018903007533042],[0.016397413870896,-0.018869553402313],[0.016376826712406,-0.018828379087561],[0.016379400107217,-0.018733163484659],[0.016634166193532,-0.018591626777548]]]]}},
{"type":"Feature","properties":{"fid":301},"geometry":{"type":"MultiPolygon","coordinates":[[[[0.014176574148775,-0.019726493825849],[0.014243482413867,-0.01981656263888],[0.014101945699248,-0.019870603926676],[0.014081358540758,-0.019837149796138],[0.01408650533038,-0.019775388324358],[0.014127679647361,-0.019731640615166],[0.014176574148775,-0.019726493825849]]]]}},
{"type":"Feature","properties":{"fid":302},"geometry":{"type":"MultiPolygon","coordinates":[[[[0.020602340992502,-0.010392791178123],[0.020738730917499,-0.010475139810718],[0.020785052024101,-0.010709318734541],[0.020676969442028,-0.01071703891884],[0.020628074940614,-0.010629543496775],[0.020553446491088,-0.010567782022362],[0.020602340992502,-0.010392791178123]]]]}},
{"type":"Feature","properties":{"fid":303},"geometry":{"type":"MultiPolygon","coordinates":[[[[0.00000004588894,-0.00000011160372],[0.000000045034506,-0.000000111359596],[0.000000044363166,-0.000000113465164],[0.000000044698836,-0.000000113678772],[0.000000044271619,-0.000000114929907],[0.000000044485228,-0.000000115509701],[0.000000044241104,-0.000000116394649],[0.000000044698836,-0.000000116364134],[0.000000044556369,-0.00000011707381],[0.000000044513046,-0.000000117705801],[0.000000044546343,-0.000000118338399],[0.000000044677542,-0.000000119050244],[0.000000045095537,-0.000000120148053],[0.000000045484965,-0.000000120542648],[0.000000045936788,-0.000000120863919],[0.000000046489552,-0.000000121121136],[0.000000047081134,-0.000000121268578],[0.000000047689957,-0.000000121300866],[0.000000048347699,-0.000000121203488],[0.000000049264589,-0.000000120856359],[0.000000049799639,-0.000000120523926],[0.000000050266957,-0.000000120037318],[0.000000050610756,-0.000000119405424],[0.0000000507409,-0.000000118927434],[0.000000051085755,-0.000000116292569],[0.000000051564818,-0.000000113678772],[0.000000051469716,-0.000000112769837],[0.000000051129152,-0.000000111921766],[0.000000050569205,-0.0000001111995],[0.000000049832752,-0.000000110658348],[0.000000049032033,-0.000000110352585],[0.000000048111165,-0.000000110358244],[0.000000047156722,-0.000000110606942],[0.00000004624449,-0.000000111130235],[0.000000046041517,-0.000000111298565],[0.00000004588894,-0.00000011160372]]]]}},
{"type":"Feature","properties":{"fid":304},"geometry":{"type":"MultiPolygon","coordinates":[[[[0.015563633952046,-0.003310808712671],[0.016013978044017,-0.003418891294558],[0.016464322135989,-0.003568148193334],[0.0164668955308,-0.003696817933639],[0.016430868003442,-0.003910409702503],[0.016124634020902,-0.00382806106873],[0.016096326677978,-0.004298992318006],[0.016106620257223,-0.004324726266046],[0.016412854239763,-0.004407074899767],[0.016515790032214,-0.004798230909816],[0.016042285386941,-0.004798230909816],[0.01601912483364,-0.0047802171462],[0.015561060557235,-0.003372570188037],[0.015563633952046,-0.003310808712671]]]]}},
{"type":"Feature","properties":{"fid":305},"geometry":{"type":"MultiPolygon","coordinates":[[[[0.013517193657637,-0.019472150735992],[0.013510064892657,-0.019482021333089],[0.013265592385587,-0.019458860781125],[0.013265592385587,-0.019415113071851],[0.013463743786054,-0.019291590127957],[0.01357697315775,-0.019389379125214],[0.013541489248667,-0.01943851068881],[0.013488647548416,-0.019380683925817],[0.013459483836242,-0.019405681391962],[0.013517193657637,-0.019472150735992]]]]}},
{"type":"Feature","properties":{"fid":306},"geometry":{"type":"MultiPolygon","coordinates":[[[[0.021270136036197,-0.014467761149922],[0.021604677347354,-0.01471223363861],[0.021527475506317,-0.014997880440842],[0.021225101628926,-0.01484605015862],[0.021097718591217,-0.01470451345476],[0.021270136036197,-0.014467761149922]]]]}},
{"type":"Feature","properties":{"fid":307},"geometry":{"type":"MultiPolygon","coordinates":[[[[0.014428987186301,-0.018071389772298],[0.01456455885616,-0.018075698797015],[0.014626918240746,-0.018082094631013],[0.014904844880362,-0.01825708546938],[0.014580597134143,-0.018702282748572],[0.014428987186301,-0.018071389772298]]]]}},
{"type":"Feature","properties":{"fid":308},"geometry":{"type":"MultiPolygon","coordinates":[[[[0.020234345534491,-0.023800177517347],[0.020478818041561,-0.023759003203913],[0.020483964831183,-0.023836205041592],[0.020442790514203,-0.023970021560132],[0.020324414352885,-0.024016342662674],[0.020221478560435,-0.024016342662674],[0.020234345534491,-0.023800177517347]]]]}},
{"type":"Feature","properties":{"fid":309},"geometry":{"type":"MultiPolygon","coordinates":[[[[0.013749390610105,-0.007881157874467],[0.014022170460099,-0.007937772559775],[0.014042757618589,-0.008048428535583],[0.014011876880854,-0.008164231300931],[0.013772551163406,-0.008112763405224],[0.013749390610105,-0.007881157874467]]]]}},
{"type":"Feature","properties":{"fid":310},"geometry":{"type":"MultiPolygon","coordinates":[[[[0.015779799116192,-0.020881948023535],[0.015939349594491,-0.020928269127054],[0.015934202804868,-0.021062085648256],[0.015728331219967,-0.021116126935632],[0.015712890851099,-0.021062085648256],[0.015779799116192,-0.020881948023535]]]]}},
{"type":"Feature","properties":{"fid":311},"geometry":{"type":"MultiPolygon","coordinates":[[[[0.013168911852642,-0.011051506873818],[0.013279313285613,-0.011382711166385],[0.013788858360867,-0.011216259778372],[0.013800110814612,-0.011209890465054],[0.013807966301189,-0.011200548805519],[0.013817095650454,-0.011188022489325],[0.01381964337583,-0.011171674585139],[0.013817944892246,-0.011159148268943],[0.013743636235438,-0.01079163889016],[0.013734506886173,-0.010774441744175],[0.013718158981676,-0.010760429254853],[0.013694167901049,-0.010758093839966],[0.013670813751767,-0.010762976980184],[0.013508183948582,-0.010812657624141],[0.013257657619915,-0.010833888668564],[0.013250014443786,-0.01088059696629],[0.013230481882568,-0.010945139341318],[0.013193964485508,-0.011018174134097],[0.013168911852642,-0.011051506873818]]]]}},
{"type":"Feature","properties":{"fid":312},"geometry":{"type":"MultiPolygon","coordinates":[[[[0.017406048685875,-0.02590033297972],[0.017344423161441,-0.025866613356583],[0.017467946112382,-0.025722503261757],[0.017678964486905,-0.025804851887392],[0.017900276440674,-0.025529498670216],[0.018350620532645,-0.025552659221216],[0.01876751049207,-0.025483177568203],[0.018795817834994,-0.025508911513768],[0.018883313258577,-0.026026163818522],[0.018353193927457,-0.026275783089214],[0.018134455368499,-0.026355558319949],[0.018062400313784,-0.026360705109027],[0.018000638838313,-0.026337544558174],[0.017771606700111,-0.026144539967572],[0.018066489086193,-0.025852463371981],[0.01827031562289,-0.026028779560501],[0.018361599900062,-0.025918738251382],[0.018302827831198,-0.025869969943902],[0.018240304353684,-0.025929992476183],[0.018040229225637,-0.025747423940406],[0.017699551645395,-0.026095645471239],[0.017562139560564,-0.026001063136908],[0.017406048685875,-0.02590033297972]]]]}},
{"type":"Feature","properties":{"fid":313},"geometry":{"type":"MultiPolygon","coordinates":[[[[0.018649134330752,-0.022217539836083],[0.018834418757163,-0.022227833414554],[0.018939927944425,-0.022402824248448],[0.019099478422723,-0.022590682055189],[0.019089184843478,-0.022709058207258],[0.019040290342064,-0.022804273807764],[0.018561638907169,-0.022652443525845],[0.018649134330752,-0.022217539836083]]]]}},
{"type":"Feature","properties":{"fid":314},"geometry":{"type":"MultiPolygon","coordinates":[[[[0.015622822032705,-0.023190282998359],[0.015609955058649,-0.023396154566247],[0.015380922920446,-0.023506810533862],[0.015406656868559,-0.023167122446953],[0.015622822032705,-0.023190282998359]]]]}},
{"type":"Feature","properties":{"fid":315},"geometry":{"type":"MultiPolygon","coordinates":[[[[0.0235231430971,-0.014999167138149],[0.023555310530865,-0.015174157971764],[0.02339447336204,-0.015229485955892],[0.023326278402458,-0.015271946966958],[0.023319844915705,-0.015302827702273],[0.023310838034251,-0.015279667150787],[0.023317271521004,-0.015432784130009],[0.023189888483294,-0.015521566243962],[0.023089526089947,-0.015259079993909],[0.023063792142935,-0.015181878155597],[0.023063792142935,-0.015161290998709],[0.023102393063453,-0.015196031825956],[0.023086952695246,-0.015160004301403],[0.023102393063453,-0.015150997420264],[0.023077945813792,-0.015147137328347],[0.023089526089947,-0.015135557052596],[0.023319844915705,-0.015109823106481],[0.0235231430971,-0.014999167138149]]]]}},
{"type":"Feature","properties":{"fid":316},"geometry":{"type":"MultiPolygon","coordinates":[[[[0.01332050151253,-0.00955875213796],[0.013323898479698,-0.009616500579013],[0.013274642455757,-0.009645374799536],[0.013305215160272,-0.009726902010412],[0.013383345405144,-0.009711615658374],[0.013410521142491,-0.009621596029694],[0.013500540772453,-0.00959611877629],[0.01354809831281,-0.009157910017441],[0.013463174133601,-0.009005046496785],[0.013460377833318,-0.009007400188759],[0.013457540969501,-0.009009704828617],[0.013454664402502,-0.009011959717416],[0.013451749004716,-0.009014164171304],[0.01344879566031,-0.009016317521724],[0.013445805264964,-0.009018419115615],[0.013442778725592,-0.009020468315616],[0.01343971696007,-0.009022464500253],[0.013436620896957,-0.009024407064133],[0.013433491475215,-0.009026295418122],[0.013430329643921,-0.009028128989529],[0.013427136361982,-0.009029907222276],[0.013423912597844,-0.009031629577067],[0.013420659329196,-0.009033295531554],[0.013417377542675,-0.009034904580494],[0.013414068233569,-0.0090364562359],[0.013410732405511,-0.009037950027194],[0.013407371070177,-0.009039385501344],[0.013403985246977,-0.009040762223007],[0.013400575962752,-0.009042079774654],[0.013397144251453,-0.009043337756706],[0.013393691153836,-0.009044535787646],[0.013390217717143,-0.009045673504141],[0.013386724994782,-0.009046750561149],[0.013383214046011,-0.009047766632024],[0.013379685935617,-0.009048721408617],[0.013376141733589,-0.009049614601367],[0.0133725825148,-0.00905044593939],[0.013369009358672,-0.009051215170562],[0.01336542334886,-0.009051922061594],[0.013361825572912,-0.009052566398101],[0.013358217121946,-0.009053147984674],[0.01335459909032,-0.00905366664493],[0.013350972575293,-0.009054122221573],[0.013347338676701,-0.009054514576437],[0.013343698496618,-0.009054843590531],[0.01334005313902,-0.009055109164072],[0.013336403709458,-0.009055311216518],[0.013332751314716,-0.009055449686592],[0.013329097062475,-0.009055524532299],[0.013325442060982,-0.009055535730941],[0.013321787418712,-0.00905548327912],[0.013318134244028,-0.009055367192745],[0.01331448364485,-0.009055187507021],[0.013310836728316,-0.009054944276443],[0.013307194600448,-0.009054637574777],[0.013303558365816,-0.009054267495038],[0.0132999291272,-0.009053834149463],[0.013296307985263,-0.009053337669473],[0.013292696038207,-0.009052778205641],[0.01328909438145,-0.009052155927637],[0.013285504107287,-0.009051471024184],[0.013281926304561,-0.009050723702996],[0.013278362058333,-0.009049914190718],[0.013274812449552,-0.009049042732855],[0.01327127855473,-0.009048109593699],[0.013267761445611,-0.009047115056249],[0.013264262188849,-0.009046059422124],[0.013260781845685,-0.009044943011472],[0.013257321471621,-0.009043766162873],[0.013253882116106,-0.009042529233238],[0.013250464822213,-0.009041232597697],[0.013247070626325,-0.009039876649488],[0.013243700557819,-0.009038461799837],[0.013240355638755,-0.009036988477835],[0.013237036883566,-0.009035457130304],[0.013233745298752,-0.009033868221665],[0.013230481882568,-0.009032222233796],[0.013227526997599,-0.009031007292656],[0.013224593654471,-0.009029741225816],[0.013221682737687,-0.009028424415038],[0.013218795124988,-0.009027057257387],[0.013215931687088,-0.009025640165106],[0.013213093287411,-0.009024173565497],[0.013210280781832,-0.00902265790079],[0.013207495018418,-0.009021093628011],[0.01320473683717,-0.00901948121884],[0.013202007069776,-0.009017821159475],[0.013199306539354,-0.009016113950479],[0.013196636060205,-0.009014360106635],[0.01319399643757,-0.009012560156786],[0.013191388467386,-0.009010714643679],[0.013188812936046,-0.0090088241238],[0.013186270620158,-0.009006889167204],[0.01318376228632,-0.009004910357347],[0.013181288690879,-0.009002888290909],[0.013178850579708,-0.00900082357761],[0.013176448687982,-0.008998716840033],[0.013174083739954,-0.008996568713431],[0.013171756448735,-0.008994379845537],[0.013169467516083,-0.008992150896371],[0.013167217632191,-0.008989882538037],[0.013165007475474,-0.008987575454521],[0.013162837712371,-0.008985230341489],[0.01316070899714,-0.008982847906072],[0.01315862197166,-0.008980428866657],[0.013156577265242,-0.008977973952665],[0.013154575494434,-0.008975483904338],[0.013152617262838,-0.008972959472511],[0.013150703160929,-0.008970401418385],[0.013148833765873,-0.008967810513301],[0.013147009641357,-0.008965187538507],[0.013145231337417,-0.008962533284918],[0.013143499390272,-0.008959848552883],[0.013141814322163,-0.008957134151939],[0.013140176641197,-0.008954390900573],[0.01313858684119,-0.008951619625967],[0.01313704540152,-0.008948821163756],[0.013135552786985,-0.008945996357773],[0.01313410944766,-0.008943146059791],[0.013132715818759,-0.008940271129274],[0.01313137232051,-0.008937372433112],[0.013130079358024,-0.00893445084536],[0.013128837321173,-0.008931507246977],[0.013127646584473,-0.008928542525558],[0.013126507506972,-0.008925557575069],[0.013125420432142,-0.008922553295574],[0.013124385687772,-0.008919530592966],[0.013123403585873,-0.008916490378693],[0.013122474422582,-0.008913433569483],[0.013121598478074,-0.00891036108707],[0.013120776016476,-0.008907273857911],[0.013120007285789,-0.008904172812911],[0.01311929251781,-0.008901058887142],[0.013118631928068,-0.008897933019559],[0.013118025715751,-0.008894796152718],[0.013117474063655,-0.008891649232491],[0.013116977138121,-0.008888493207782],[0.013116535088989,-0.00888532903024],[0.013116148049551,-0.008882157653974],[0.013115816136515,-0.008878980035261],[0.013115539449962,-0.008875797132262],[0.013115318073323,-0.008872609904732],[0.01311515207335,-0.008869419313727],[0.0131150415001,-0.008866226321322],[0.013114986386912,-0.008863031890311],[0.013114986750406,-0.008859836983925],[0.013115042590472,-0.008856642565538],[0.013115153890272,-0.008853449598375],[0.013115320616246,-0.008850259045226],[0.013115542718119,-0.008847071868151],[0.013115820128922,-0.008843889028193],[0.013116152765004,-0.008840711485088],[0.013116540526065,-0.008837540196972],[0.013116983295181,-0.008834376120099],[0.013117480938843,-0.008831220208544],[0.013118033306994,-0.008828073413924],[0.013118640233075,-0.008824936685104],[0.013119301534079,-0.008821810967916],[0.0131200170106,-0.00881869720487],[0.013120786446898,-0.008815596334871],[0.01312160961096,-0.008812509292939],[0.013122486254576,-0.008809437009922],[0.013123416113407,-0.008806380412218],[0.013124398907069,-0.008803340421496],[0.013125434339216,-0.008800317954417],[0.01312652209763,-0.008797313922358],[0.013127661854314,-0.008794329231137],[0.013128853265593,-0.008791364780742],[0.013130095972216,-0.008788421465054],[0.013131389599464,-0.008785500171585],[0.013132733757264,-0.008782601781204],[0.013134128040308,-0.008779727167875],[0.01313557202817,-0.008776877198391],[0.013137065285439,-0.008774052732118],[0.013138307907256,-0.008770809970901],[0.013139606852391,-0.008767589357476],[0.013140961726318,-0.008764391870034],[0.013142372117523,-0.008761218479742],[0.013143837597632,-0.008758070150446],[0.013145357721538,-0.008754947838382],[0.013146932027535,-0.008751852491885],[0.013148560037463,-0.008748785051096],[0.01315024125685,-0.008745746447684],[0.013151975175063,-0.008742737604558],[0.013153761265462,-0.008739759435588],[0.013155598985562,-0.008736812845326],[0.013157487777195,-0.008733898728735],[0.013159427066683,-0.008731017970913],[0.013161416265009,-0.008728171446828],[0.013163454767998,-0.008725360021047],[0.013165541956499,-0.008722584547481],[0.013167677196576,-0.008719845869117],[0.013169859839695,-0.00871714481777],[0.013172089222927,-0.008714482213823],[0.013174364669147,-0.008711858865985],[0.013176685487237,-0.008709275571039],[0.013179050972299,-0.008706733113605],[0.013181460405871,-0.008704232265897],[0.01318391305614,-0.008701773787494],[0.013186408178166,-0.008699358425104],[0.013188945014112,-0.00869698691234],[0.013191522793469,-0.008694659969496],[0.013194140733295,-0.008692378303331],[0.013196798038447,-0.008690142606851],[0.013199493901827,-0.008687953559099],[0.013202227504626,-0.008685811824949],[0.013204998016573,-0.008683718054908],[0.013207804596186,-0.00868167288491],[0.013210646391027,-0.008679676936132],[0.013213522537965,-0.008677730814799],[0.013216432163433,-0.008675835112002],[0.013219374383696,-0.00867399040352],[0.013222348305119,-0.008672197249642],[0.01322535302444,-0.008670456194999],[0.013228387629041,-0.008668767768398],[0.013231451197228,-0.008667132482662],[0.01323454279851,-0.008665550834472],[0.01323766149388,-0.008664023304219],[0.013240806336104,-0.008662550355858],[0.013243976370004,-0.008661132436763],[0.013247170632754,-0.008659769977596],[0.013250388154166,-0.008658463392175],[0.013253627956989,-0.008657213077346],[0.013256889057203,-0.008656019412864],[0.013260170464322,-0.008654882761279],[0.013263471181691,-0.008653803467824],[0.013266790206789,-0.00865278186031],[0.013270126531535,-0.008651818249028],[0.013273479142595,-0.008650912926653],[0.013276847021686,-0.008650066168159],[0.01328022914589,-0.008649278230728],[0.01328362448796,-0.008648549353679],[0.013287032016636,-0.008647879758394],[0.013290450696957,-0.008647269648245],[0.013293879490573,-0.008646719208542],[0.013297317356065,-0.008646228606468],[0.013300763249255,-0.008645797991033],[0.01330421612353,-0.008645427493026],[0.013307674930156,-0.008645117224979],[0.013311138618596,-0.008644867281127],[0.01331460613683,-0.008644677737387],[0.013318076431677,-0.008644548651328],[0.013321548449112,-0.008644480062157],[0.013325021134584,-0.008644471990707],[0.013328493433342,-0.008644524439428],[0.013331964290753,-0.008644637392391],[0.013335432652619,-0.00864481081529],[0.013338897465502,-0.008645044655449],[0.013342357677042,-0.008645338841846],[0.013345812236275,-0.008645693285129],[0.013349260093955,-0.008646107877642],[0.013352700202871,-0.008646582493462],[0.013356131518166,-0.008647116988436],[0.013359552997654,-0.008647711200222],[0.013362963602134,-0.008648364948341],[0.013364662085719,-0.008561742286525],[0.013252562169163,-0.008520978680958],[0.01324746671841,-0.008577028638612],[0.013169336473538,-0.008582124089307],[0.013162542539201,-0.008492104460345],[0.013116683482428,-0.008475119624689],[0.013101397130171,-0.008575330155046],[0.012875498813475,-0.008495501427476],[0.01288568971498,-0.008412275732757],[0.012549389965313,-0.008271301596764],[0.012534103613055,-0.008288286432429],[0.012505229392124,-0.008271301596764],[0.012525611195134,-0.008206759221233],[0.01297910631211,-0.008317160653057],[0.013427505978333,-0.008470024173992],[0.013429204461917,-0.00830187430096],[0.013306913643856,-0.008257713728232],[0.013306913643856,-0.00812523201002],[0.013398631757402,-0.00813712139499],[0.01341391810966,-0.007994448775333],[0.013264451554252,-0.007950288202571],[0.013138763769023,-0.007946891235436],[0.013109889548092,-0.008055594183763],[0.013233878849737,-0.008092960822244],[0.013189718276548,-0.008232236474733],[0.01291796090308,-0.008162598648495],[0.013004583565873,-0.007863665540603],[0.012877197297059,-0.007670038413786],[0.012936644222506,-0.007630973291698],[0.01297910631211,-0.007698912634457],[0.013033457786804,-0.007681927798769],[0.01307252290924,-0.007763455010069],[0.013509033190374,-0.007853474639194],[0.013624530074098,-0.007807615582849],[0.013677086498925,-0.00799399888476],[0.013548947554602,-0.008038184727197],[0.013497993047076,-0.008802502331818],[0.01359310812779,-0.008921396181288],[0.013695017142841,-0.008870441674377],[0.013783338289218,-0.009006320359458],[0.014078874432866,-0.009019908227963],[0.014211356152431,-0.008901014378525],[0.014394792379523,-0.009074259701979],[0.014254667483828,-0.009178291820191],[0.014220697812144,-0.009630088447495],[0.014302225024185,-0.009699726273456],[0.014227491746481,-0.009844097376011],[0.014132376665767,-0.009799936803471],[0.014045754002974,-0.009808429221268],[0.013678881548792,-0.009769364099402],[0.01358886191883,-0.009855986760925],[0.013449586264927,-0.009726902010412],[0.012925024217764,-0.009936726826188],[0.012924901013296,-0.009937662657024],[0.012924749508615,-0.0099386763985],[0.01292458033478,-0.009939687341456],[0.012924393543324,-0.009940695177951],[0.012924189191145,-0.009941699600986],[0.01292396734049,-0.009942700304606],[0.012923728058938,-0.009943696983987],[0.012923471419375,-0.009944689335529],[0.012923197499977,-0.009945677056954],[0.012922906384183,-0.009946659847391],[0.012922598160668,-0.009947637407473],[0.012922272923321,-0.009948609439426],[0.012921930771213,-0.00994957564716],[0.012921571808565,-0.009950535736358],[0.012921196144722,-0.009951489414568],[0.012920803894115,-0.00995243639129],[0.012920395176226,-0.009953376378066],[0.012919970115555,-0.009954309088567],[0.012919528841581,-0.00995523423868],[0.012919071488718,-0.009956151546596],[0.012918598196282,-0.009957060732893],[0.012918109108441,-0.009957961520625],[0.012917604374177,-0.009958853635403],[0.012917084147237,-0.00995973680548],[0.012916548586086,-0.009960610761834],[0.012915997853862,-0.00996147523825],[0.012915432118324,-0.009962329971399],[0.012914851551799,-0.009963174700922],[0.012914256331133,-0.009964009169505],[0.012913646637638,-0.009964833122963],[0.012913022657031,-0.009965646310309],[0.012912384579384,-0.009966448483841],[0.012911732599059,-0.009967239399207],[0.012911066914658,-0.009968018815487],[0.012910387728954,-0.009968786495264],[0.012909695248834,-0.009969542204695],[0.012908989685233,-0.009970285713583],[0.012908271253074,-0.009971016795449],[0.012907540171197,-0.009971735227597],[0.012906796662297,-0.009972440791187],[0.012906040952855,-0.009973133271297],[0.012905273273067,-0.009973812456991],[0.012904493856775,-0.009974478141382],[0.012903702941396,-0.009975130121696],[0.012902900767853,-0.009975768199334],[0.012902087580494,-0.009976392179932],[0.012901263627025,-0.009977001873418],[0.012900429158428,-0.009977597094074],[0.012899584428893,-0.00997817766059],[0.01289872969573,-0.00997874339612],[0.012897865219302,-0.009979294128336],[0.012896991262934,-0.009979829689478],[0.012896108092844,-0.009980349916411],[0.012895215978052,-0.009980854650667],[0.012894315190307,-0.0099813437385],[0.012893406003996,-0.009981817030929],[0.012892488696066,-0.009982274383785],[0.012891563545939,-0.009982715657753],[0.012890630835424,-0.009983140718417],[0.012889690848634,-0.0099835494363],[0.012888743871898,-0.009983941686901],[0.012887790193674,-0.009984317350738],[0.012886830104461,-0.00998467631338],[0.012885863896713,-0.009985018465484],[0.012884891864745,-0.009985343702826],[0.012883914304648,-0.009985651926336],[0.012882931514196,-0.009985943042126],[0.012881943792757,-0.009986216961519],[0.012880951441199,-0.009986473601078],[0.012879954761804,-0.009986712882627],[0.012878954058169,-0.009986934733278],[0.012877949635118,-0.009987139085454],[0.012876941798608,-0.009987325876908],[0.012875930855637,-0.00998749505074],[0.012874917114146,-0.009987646555418],[0.012873900882932,-0.009987780344794],[0.012872882471548,-0.009987896378113],[0.012871862190212,-0.00998799462003],[0.012870840349713,-0.00998807504062],[0.012869817261311,-0.009988137615386],[0.012868793236651,-0.009988182325268],[0.01286776858766,-0.009988209156646],[0.012866743626455,-0.009988218101346],[0.012865718665251,-0.009988209156646],[0.01286469401626,-0.009988182325268],[0.012863669991599,-0.009988137615386],[0.012862646903198,-0.00998807504062],[0.012861625062698,-0.00998799462003],[0.012860604781363,-0.009987896378113],[0.012859586369979,-0.009987780344794],[0.012858570138765,-0.009987646555418],[0.012857556397274,-0.00998749505074],[0.012856545454302,-0.009987325876908],[0.012855537617793,-0.009987139085454],[0.012854533194742,-0.009986934733278],[0.012853532491107,-0.009986712882627],[0.012852535811711,-0.009986473601078],[0.012851543460154,-0.009986216961519],[0.012850555738715,-0.009985943042126],[0.012849572948263,-0.009985651926336],[0.012848595388166,-0.009985343702826],[0.012847623356198,-0.009985018465484],[0.01284665714845,-0.00998467631338],[0.012845697059237,-0.009984317350738],[0.012844743381013,-0.009983941686901],[0.012843796404276,-0.0099835494363],[0.012842856417486,-0.009983140718417],[0.012841923706971,-0.009982715657753],[0.012840998556844,-0.009982274383785],[0.012840081248915,-0.009981817030929],[0.012839172062604,-0.0099813437385],[0.012838271274858,-0.009980854650667],[0.012837379160067,-0.009980349916411],[0.012836495989976,-0.009979829689478],[0.012835622033609,-0.009979294128336],[0.01283475755718,-0.00997874339612],[0.012833902824018,-0.00997817766059],[0.012833058094482,-0.009977597094074],[0.012832223625886,-0.009977001873418],[0.012831399672416,-0.009976392179932],[0.012830586485057,-0.009975768199334],[0.012829784311514,-0.009975130121696],[0.012828993396136,-0.009974478141382],[0.012828213979844,-0.009973812456991],[0.012827446300055,-0.009973133271297],[0.012826690590613,-0.009972440791187],[0.012825947081714,-0.009971735227597],[0.012825215999837,-0.009971016795449],[0.012824497567677,-0.009970285713583],[0.012823792004077,-0.009969542204695],[0.012823099523956,-0.009968786495264],[0.012822420338252,-0.009968018815487],[0.012821754653851,-0.009967239399207],[0.012821102673527,-0.009966448483841],[0.012820464595879,-0.009965646310309],[0.012819840615272,-0.009964833122963],[0.012819230921777,-0.009964009169505],[0.012818635701112,-0.009963174700922],[0.012818055134587,-0.009962329971399],[0.012817489399048,-0.00996147523825],[0.012816938666824,-0.009960610761834],[0.012816403105674,-0.00995973680548],[0.012815882878733,-0.009958853635403],[0.012815378144469,-0.009957961520625],[0.012814889056629,-0.009957060732893],[0.012814415764192,-0.009956151546596],[0.01281395841133,-0.00995523423868],[0.012813517137355,-0.009954309088567],[0.012813092076685,-0.009953376378066],[0.012812683358796,-0.00995243639129],[0.012812291108189,-0.009951489414568],[0.012811915444346,-0.009950535736358],[0.012811556481698,-0.00994957564716],[0.012811214329589,-0.009948609439426],[0.012810889092243,-0.009947637407473],[0.012810580868728,-0.009946659847391],[0.012810289752933,-0.009945677056954],[0.012810015833536,-0.009944689335529],[0.012809759193973,-0.009943696983987],[0.012809519912421,-0.009942700304606],[0.012809298061766,-0.009941699600986],[0.012809093709586,-0.009940695177951],[0.01280890691813,-0.009939687341456],[0.012808737744296,-0.0099386763985],[0.012808586239615,-0.009937662657024],[0.012808452450237,-0.009936646425825],[0.012808336416917,-0.009935628014457],[0.012808238174998,-0.009934607733136],[0.012808157754407,-0.009933585892652],[0.01280809517964,-0.009932562804266],[0.012808050469757,-0.009931538779621],[0.012808023638379,-0.009930514130645],[0.012808014693678,-0.009929489169456],[0.012808023638379,-0.009928464208267],[0.012808050469757,-0.009927439559291],[0.01280809517964,-0.009926415534647],[0.012808157754407,-0.009925392446261],[0.012808238174998,-0.009924370605776],[0.012808336416917,-0.009923350324456],[0.012808452450237,-0.009922331913087],[0.012808586239615,-0.009921315681888],[0.012808737744296,-0.009920301940413],[0.01280890691813,-0.009919290997456],[0.012809093709586,-0.009918283160962],[0.012809298061766,-0.009917278737926],[0.012809519912421,-0.009916278034306],[0.012809759193973,-0.009915281354926],[0.012810015833536,-0.009914289003383],[0.012810289752933,-0.009913301281958],[0.012810580868728,-0.009912318491521],[0.012810889092243,-0.009911340931439],[0.012811214329589,-0.009910368899486],[0.012811556481698,-0.009909402691752],[0.012811915444346,-0.009908442602554],[0.012812291108189,-0.009907488924344],[0.012812683358796,-0.009906541947621],[0.012813092076685,-0.009905601960845],[0.012813517137355,-0.009904669250344],[0.01281395841133,-0.009903744100231],[0.012814415764192,-0.009902826792315],[0.012814889056629,-0.009901917606018],[0.012815378144469,-0.009901016818286],[0.012815882878733,-0.009900124703508],[0.012816403105674,-0.00989924153343],[0.012816938666824,-0.009898367577076],[0.012817489399048,-0.00989750310066],[0.012818055134587,-0.009896648367511],[0.012818635701112,-0.009895803637988],[0.012819230921777,-0.009894969169404],[0.012819840615272,-0.009894145215946],[0.012820464595879,-0.0098933320286],[0.012821102673527,-0.009892529855068],[0.012821754653851,-0.009891738939702],[0.012822420338252,-0.009890959523421],[0.012823099523956,-0.009890191843644],[0.012823792004077,-0.009889436134213],[0.012824497567677,-0.009888692625325],[0.012825215999837,-0.009887961543459],[0.012825947081714,-0.00988724311131],[0.012826690590613,-0.00988653754772],[0.012827446300055,-0.00988584506761],[0.012828213979844,-0.009885165881916],[0.012828993396136,-0.009884500197525],[0.012829784311514,-0.00988384821721],[0.012830586485057,-0.009883210139572],[0.012831399672416,-0.009882586158975],[0.012832223625886,-0.009881976465488],[0.012833058094482,-0.009881381244832],[0.012833902824018,-0.009880800678316],[0.01283475755718,-0.009880234942785],[0.012835622033609,-0.00987968421057],[0.012836495989976,-0.009879148649427],[0.012837379160067,-0.009878628422494],[0.012838271274858,-0.009878123688238],[0.012839172062604,-0.009877634600404],[0.012840081248915,-0.009877161307975],[0.012840998556844,-0.009876703955119],[0.012841923706971,-0.009876262681151],[0.012842856417486,-0.009875837620487],[0.012843796404276,-0.009875428902604],[0.012844743381013,-0.009875036652003],[0.012845697059237,-0.009874660988166],[0.01284665714845,-0.009874302025523],[0.012847623356198,-0.00987395987342],[0.012848595388166,-0.009873634636078],[0.012849572948263,-0.009873326412568],[0.012850555738715,-0.009873035296777],[0.012851543460154,-0.009872761377384],[0.012852535811711,-0.009872504737825],[0.012853532491107,-0.009872265456276],[0.012854533194742,-0.009872043605625],[0.012855537617793,-0.009871839253448],[0.012856545454302,-0.009871652461995],[0.012857556397274,-0.009871483288163],[0.012858570138765,-0.009871331783484],[0.012859586369979,-0.009871197994109],[0.012860604781363,-0.00987108196079],[0.012861625062698,-0.009870983718873],[0.012862646903198,-0.009870903298283],[0.012863669991599,-0.009870840723516],[0.01286469401626,-0.009870796013635],[0.012865718665251,-0.009870769182257],[0.012866743626455,-0.009870760237556],[0.01286776858766,-0.009870769182257],[0.012868793236651,-0.009870796013635],[0.012869817261311,-0.009870840723516],[0.012870840349713,-0.009870903298283],[0.012871862190212,-0.009870983718873],[0.012872882471548,-0.00987108196079],[0.012873900882932,-0.009871197994109],[0.012874917114146,-0.009871331783484],[0.012875930855637,-0.009871483288163],[0.012876941798608,-0.009871652461995],[0.012877949635118,-0.009871839253448],[0.012878954058169,-0.009872043605625],[0.012879954761804,-0.009872265456276],[0.012880951441199,-0.009872504737825],[0.012881943792757,-0.009872761377384],[0.012882931514196,-0.009873035296777],[0.012883914304648,-0.009873326412568],[0.012884891864745,-0.009873634636078],[0.012885863896713,-0.00987395987342],[0.012886830104461,-0.009874302025523],[0.012887790193674,-0.009874660988166],[0.012888743871898,-0.009875036652003],[0.012889690848634,-0.009875428902604],[0.012890630835424,-0.009875837620487],[0.012891563545939,-0.009876262681151],[0.012892488696066,-0.009876703955119],[0.012893406003996,-0.009877161307975],[0.012894315190307,-0.009877634600404],[0.012895215978052,-0.009878123688238],[0.012896108092844,-0.009878628422494],[0.012896991262934,-0.009879148649427],[0.012897865219302,-0.00987968421057],[0.01289872969573,-0.009880234942785],[0.012899584428893,-0.009880800678316],[0.012900429158428,-0.009881381244832],[0.012901263627025,-0.009881976465488],[0.012902087580494,-0.009882586158975],[0.012902900767853,-0.009883210139572],[0.012903702941396,-0.00988384821721],[0.012904493856775,-0.009884500197525],[0.012905273273067,-0.009885165881916],[0.012906040952855,-0.00988584506761],[0.012906796662297,-0.00988653754772],[0.012907540171197,-0.00988724311131],[0.012908271253074,-0.009887961543459],[0.012908989685233,-0.009888692625325],[0.012909695248834,-0.009889436134213],[0.012910387728954,-0.009890191843644],[0.012911066914658,-0.009890959523421],[0.012911732599059,-0.009891738939702],[0.012912384579384,-0.009892529855068],[0.012913022657031,-0.0098933320286],[0.012913646637638,-0.009894145215946],[0.012914256331133,-0.009894969169404],[0.012914851551799,-0.009895803637988],[0.012915432118324,-0.009896648367511],[0.012915997853862,-0.00989750310066],[0.012916548586086,-0.009898367577076],[0.012916889586405,-0.009898924039014],[0.012923056353832,-0.00989505188278],[0.013060633524151,-0.009818620122623],[0.013047548166176,-0.009751739405061],[0.013047469656526,-0.00975180886453],[0.013046381662899,-0.00975273809886],[0.013045277617602,-0.009753648203556],[0.01304415785694,-0.009754538901392],[0.013043022722002,-0.009755409921052],[0.013041872558561,-0.009756260997216],[0.013040707716969,-0.009757091870637],[0.013039528552046,-0.009757902288224],[0.013038335422979,-0.009758692003114],[0.013037128693205,-0.009759460774755],[0.013035908730308,-0.009760208368969],[0.013034675905898,-0.009760934558034],[0.013033430595506,-0.009761639120743],[0.013032173178466,-0.009762321842482],[0.013030904037799,-0.009762982515286],[0.013029623560099,-0.009763620937908],[0.013028332135409,-0.009764236915878],[0.013027030157113,-0.009764830261563],[0.013025718021803,-0.009765400794225],[0.01302439612917,-0.009765948340074],[0.013023064881875,-0.009766472732322],[0.013021724685428,-0.009766973811233],[0.013020375948067,-0.009767451424175],[0.01301901908063,-0.009767905425662],[0.013017654496432,-0.009768335677401],[0.013016282611138,-0.009768742048333],[0.013014903842638,-0.009769124414673],[0.013013518610919,-0.009769482659949],[0.013012127337935,-0.009769816675035],[0.013010730447481,-0.009770126358189],[0.013009328365064,-0.009770411615076],[0.013007921517772,-0.009770672358806],[0.013006510334143,-0.009770908509953],[0.013005095244039,-0.009771119996583],[0.01300367667851,-0.009771306754275],[0.013002255069664,-0.009771468726141],[0.013000830850536,-0.009771605862843],[0.012999404454959,-0.009771718122608],[0.012997976317426,-0.009771805471241],[0.01299654687296,-0.009771867882133],[0.012995116556986,-0.009771905336274],[0.012993685805192,-0.009771917822256],[0.012992255053397,-0.009771905336274],[0.012990824737423,-0.009771867882133],[0.012989395292958,-0.009771805471241],[0.012987967155424,-0.009771718122608],[0.012986540759847,-0.009771605862843],[0.01298511654072,-0.009771468726141],[0.012983694931873,-0.009771306754275],[0.012982276366344,-0.009771119996583],[0.01298086127624,-0.009770908509953],[0.012979450092612,-0.009770672358806],[0.012978043245319,-0.009770411615076],[0.012976641162903,-0.009770126358189],[0.012975244272449,-0.009769816675035],[0.012973852999464,-0.009769482659949],[0.012972467767745,-0.009769124414673],[0.012971088999245,-0.009768742048333],[0.012969717113951,-0.009768335677401],[0.012968352529753,-0.009767905425662],[0.012966995662316,-0.009767451424175],[0.012965646924955,-0.009766973811233],[0.012964306728508,-0.009766472732322],[0.012962975481213,-0.009765948340074],[0.01296165358858,-0.009765400794225],[0.012960341453271,-0.009764830261563],[0.012959039474974,-0.009764236915878],[0.012957748050285,-0.009763620937908],[0.012956467572584,-0.009762982515286],[0.012955198431917,-0.009762321842482],[0.012953941014877,-0.009761639120743],[0.012952695704486,-0.009760934558034],[0.012951462880076,-0.009760208368969],[0.012950242917178,-0.009759460774755],[0.012949036187404,-0.009758692003114],[0.012947843058337,-0.009757902288224],[0.012946663893415,-0.009757091870637],[0.012945499051822,-0.009756260997216],[0.012944348888381,-0.009755409921052],[0.012943213753443,-0.009754538901392],[0.012942093992781,-0.009753648203556],[0.012940989947485,-0.00975273809886],[0.012939901953857,-0.00975180886453],[0.012938830343312,-0.00975086078362],[0.012937775442271,-0.009749894144926],[0.012936737572069,-0.009748909242893],[0.01293571704885,-0.009747906377534],[0.012934714183476,-0.00974688585433],[0.01293372928143,-0.009745847984143],[0.012932762642721,-0.009744793083118],[0.012931814561798,-0.009743721472588],[0.012930885327454,-0.009742633478976],[0.012929975222745,-0.009741529433695],[0.012929084524896,-0.009740409673049],[0.012928213505223,-0.009739274538128],[0.012927362429047,-0.009738124374704],[0.012926531555614,-0.009736959533128],[0.012925721138016,-0.009735780368222],[0.012924931423113,-0.009734587239172],[0.012924162651462,-0.009733380509416],[0.012923415057236,-0.009732160546536],[0.012922688868162,-0.009730927722144],[0.012921984305442,-0.00972968241177],[0.012921301583693,-0.009728424994748],[0.012920640910879,-0.0097271558541],[0.012920002488248,-0.009725875376417],[0.012919386510269,-0.009724583951747],[0.012918793164575,-0.009723281973469],[0.012918222631905,-0.009721969838178],[0.012917675086048,-0.009720647945564],[0.012917150693793,-0.009719316698288],[0.012916649614874,-0.009717976501861],[0.012916172001925,-0.009716627764519],[0.012915718000432,-0.009715270897102],[0.012915287748687,-0.009713906312923],[0.012914881377749,-0.009712534427649],[0.012914499011404,-0.009711155659169],[0.012914140766123,-0.009709770427469],[0.012913806751031,-0.009708379154505],[0.012913497067873,-0.009706982264071],[0.012913211810981,-0.009705580181674],[0.012912951067248,-0.009704173334402],[0.012912714916098,-0.009702762150794],[0.012912503429465,-0.009701347060711],[0.01291231667177,-0.009699928495202],[0.012912154699901,-0.009698506886376],[0.012912017563197,-0.009697082667269],[0.01291190530343,-0.009695656271712],[0.012911817954797,-0.009694228134199],[0.012911755543904,-0.009692798689754],[0.012911718089762,-0.009691368373801],[0.01291170560378,-0.009689937622026],[0.012911718089762,-0.009688506870252],[0.012911755543904,-0.009687076554298],[0.012911817954797,-0.009685647109854],[0.01291190530343,-0.009684218972341],[0.012912017563197,-0.009682792576784],[0.012912154699901,-0.009681368357677],[0.01291231667177,-0.009679946748851],[0.012912503429465,-0.009678528183342],[0.012912714916098,-0.009677113093258],[0.012912951067248,-0.00967570190965],[0.012913211810981,-0.009674295062378],[0.012913497067873,-0.009672892979981],[0.012913806751031,-0.009671496089547],[0.012914140766123,-0.009670104816582],[0.012914499011404,-0.009668719584882],[0.012914881377749,-0.009667340816402],[0.012915287748687,-0.009665968931128],[0.012915718000432,-0.009664604346949],[0.012916172001925,-0.009663247479531],[0.012916649614874,-0.009661898742189],[0.012917150693793,-0.009660558545762],[0.012917675086048,-0.009659227298486],[0.012918222631905,-0.009657905405872],[0.012918793164575,-0.009656593270581],[0.012919386510269,-0.009655291292302],[0.012920002488248,-0.009653999867631],[0.012920640910879,-0.009652719389949],[0.012921301583693,-0.0096514502493],[0.012921984305442,-0.009650192832278],[0.012922688868162,-0.009648947521904],[0.012923415057236,-0.009647714697512],[0.012924162651462,-0.009646494734631],[0.012924931423113,-0.009645288004875],[0.012925721138016,-0.009644094875824],[0.012926531555614,-0.009642915710918],[0.012927362429047,-0.009641750869342],[0.012928213505223,-0.009640600705918],[0.012929084524896,-0.009639465570996],[0.012929975222745,-0.009638345810349],[0.012930885327454,-0.009637241765069],[0.012931814561798,-0.009636153771457],[0.012932762642721,-0.009635082160926],[0.01293372928143,-0.009634027259901],[0.012934714183476,-0.009632989389713],[0.01293571704885,-0.009631968866509],[0.012936737572069,-0.009630966001149],[0.012937775442271,-0.009629981099116],[0.012938830343312,-0.009629014460421],[0.012939901953857,-0.009628066379511],[0.012940989947485,-0.009627137145181],[0.012942093992781,-0.009626227040485],[0.012943213753443,-0.009625336342649],[0.012944348888381,-0.009624465322988],[0.012945499051822,-0.009623614246824],[0.012946663893415,-0.009622783373402],[0.012947843058337,-0.009621972955815],[0.012949036187404,-0.009621183240924],[0.012950242917178,-0.009620414469284],[0.012951462880076,-0.009619666875069],[0.012952695704486,-0.009618940686004],[0.012953941014877,-0.009618236123294],[0.012955198431917,-0.009617553401555],[0.012956467572584,-0.009616892728751],[0.012957748050285,-0.009616254306129],[0.012959039474974,-0.009615638328158],[0.012960341453271,-0.009615044982473],[0.01296165358858,-0.009614474449811],[0.012962975481213,-0.009613926903962],[0.012964306728508,-0.009613402511714],[0.012965646924955,-0.009612901432802],[0.012966995662316,-0.00961242381986],[0.012968352529753,-0.009611969818373],[0.012969717113951,-0.009611539566634],[0.012971088999245,-0.009611133195702],[0.012972467767745,-0.009610750829362],[0.012973852999464,-0.009610392584085],[0.012975244272449,-0.009610058568999],[0.012976641162903,-0.009609748885845],[0.012978043245319,-0.009609463628957],[0.012979450092612,-0.009609202885227],[0.01298086127624,-0.009608966734081],[0.012982276366344,-0.009608755247451],[0.012983694931873,-0.009608568489758],[0.01298511654072,-0.009608406517892],[0.012986540759847,-0.00960826938119],[0.012987967155424,-0.009608157121425],[0.012989395292958,-0.009608069772792],[0.012990824737423,-0.0096080073619],[0.012992255053397,-0.009607969907759],[0.012993685805192,-0.009607957421777],[0.012995116556986,-0.009607969907759],[0.01299654687296,-0.0096080073619],[0.012997976317426,-0.009608069772792],[0.012999404454959,-0.009608157121425],[0.013000830850536,-0.00960826938119],[0.013002255069664,-0.009608406517892],[0.01300367667851,-0.009608568489758],[0.013005095244039,-0.009608755247451],[0.013006510334143,-0.009608966734081],[0.013007921517772,-0.009609202885227],[0.013009328365064,-0.009609463628957],[0.013010730447481,-0.009609748885845],[0.013012127337935,-0.009610058568999],[0.013013518610919,-0.009610392584085],[0.013014903842638,-0.009610750829362],[0.013016282611138,-0.009611133195702],[0.013017654496432,-0.009611539566634],[0.01301901908063,-0.009611969818373],[0.013020375948067,-0.00961242381986],[0.013021724685428,-0.009612901432802],[0.013023064881875,-0.009613402511714],[0.01302439612917,-0.009613926903962],[0.013025718021803,-0.009614474449811],[0.013027030157113,-0.009615044982473],[0.013028332135409,-0.009615638328158],[0.013029623560099,-0.009616254306129],[0.013030904037799,-0.009616892728751],[0.013032173178466,-0.009617553401555],[0.013033430595506,-0.009618236123294],[0.013034675905898,-0.009618940686004],[0.013035908730308,-0.009619666875069],[0.013037128693205,-0.009620414469284],[0.013038335422979,-0.009621183240924],[0.013039528552046,-0.009621972955815],[0.013040707716969,-0.009622783373402],[0.013041872558561,-0.009623614246824],[0.013043022722002,-0.009624465322988],[0.01304415785694,-0.009625336342649],[0.013045277617602,-0.009626227040485],[0.013046381662899,-0.009627137145181],[0.013047469656526,-0.009628066379511],[0.013048541267072,-0.009629014460421],[0.013049596168112,-0.009629981099116],[0.013050634038314,-0.009630966001149],[0.013051654561533,-0.009631968866509],[0.013052657426907,-0.009632989389713],[0.013053642328954,-0.009634027259901],[0.013054608967662,-0.009635082160926],[0.013055557048586,-0.009636153771457],[0.013056486282929,-0.009637241765069],[0.013057396387638,-0.009638345810349],[0.013058287085487,-0.009639465570996],[0.01305915810516,-0.009640600705918],[0.013060009181336,-0.009641750869342],[0.013060840054769,-0.009642915710918],[0.013061650472368,-0.009644094875824],[0.01306244018727,-0.009645288004875],[0.013063208958921,-0.009646494734631],[0.013063956553147,-0.009647714697512],[0.013064682742222,-0.009648947521904],[0.013065387304942,-0.009650192832278],[0.01306607002669,-0.0096514502493],[0.013066730699504,-0.009652719389949],[0.013067369122135,-0.009653999867631],[0.013067985100114,-0.009655291292302],[0.013068578445808,-0.009656593270581],[0.013069148978478,-0.009657905405872],[0.013069696524335,-0.009659227298486],[0.01307022091659,-0.009660558545762],[0.013070721995509,-0.009661898742189],[0.013071199608458,-0.009663247479531],[0.013071653609952,-0.009664604346949],[0.013072083861697,-0.009665968931128],[0.013072490232634,-0.009667340816402],[0.013072522343786,-0.009667456605474],[0.01307252290924,-0.009667455085817],[0.01332050151253,-0.00955875213796]],[[0.013692469417465,-0.009260243652066],[0.013668690647286,-0.009482744998617],[0.013757011793664,-0.009592297188279],[0.013988854802904,-0.009600789606081],[0.014072929740321,-0.009518413153395],[0.014088216092579,-0.009290816356181],[0.013993950253657,-0.009190605826018],[0.013789282981763,-0.00917107326505],[0.013692469417465,-0.009260243652066]]]]}},
{"type":"Feature","properties":{"fid":317},"geometry":{"type":"MultiPolygon","coordinates":[[[[0.014233188834622,-0.021414640713177],[0.014459647578014,-0.021368319609803],[0.014477661341692,-0.021504709525254],[0.014539422817163,-0.021576764574877],[0.014459647578014,-0.021653966413721],[0.01428980352047,-0.021579337969506],[0.014233188834622,-0.021414640713177]]]]}},
{"type":"Feature","properties":{"fid":318},"geometry":{"type":"MultiPolygon","coordinates":[[[[0.013901220903969,-0.02306418666288],[0.014009303486042,-0.023061613268277],[0.014006730091231,-0.023154255473948],[0.013906367693592,-0.023151682079347],[0.013901220903969,-0.02306418666288]]]]}},
{"type":"Feature","properties":{"fid":319},"geometry":{"type":"MultiPolygon","coordinates":[[[[0.01471698705914,-0.006118382441975],[0.01494087240772,-0.006167276943108],[0.014966606355833,-0.006285653103727],[0.015025794436492,-0.00627793291934],[0.015025794436492,-0.006187864101479],[0.015275413733184,-0.006249625576585],[0.015314014655353,-0.006599607268716],[0.014948592592154,-0.006591887084334],[0.01471698705914,-0.006118382441975]]]]}},
{"type":"Feature","properties":{"fid":320},"geometry":{"type":"MultiPolygon","coordinates":[[[[0.016698501063814,-0.021697714122382],[0.016973854308619,-0.021702860911636],[0.017197739657199,-0.021746608620282],[0.017112817628427,-0.022106883867477],[0.016878638700602,-0.02204254900197],[0.01671136803787,-0.022029682028865],[0.016680487300135,-0.021957626979459],[0.016701074458625,-0.021944760006347],[0.016698501063814,-0.021697714122382]]]]}},
{"type":"Feature","properties":{"fid":321},"geometry":{"type":"MultiPolygon","coordinates":[[[[0.021788676000495,-0.022166071943718],[0.021899331977379,-0.022312755436911],[0.021997120980207,-0.022621562790521],[0.022048588876432,-0.022994705008588],[0.021984254006151,-0.02313881510634],[0.021706327366534,-0.022860888489117],[0.021492735597199,-0.022567521503686],[0.021690886997666,-0.022343636172301],[0.021788676000495,-0.022166071943718]]]]}},
{"type":"Feature","properties":{"fid":322},"geometry":{"type":"MultiPolygon","coordinates":[[[[0.000000113053501,-0.000000192111169],[0.000000113381542,-0.000000192927458],[0.000000113846903,-0.000000193667458],[0.00000011440381,-0.000000194224365],[0.000000115304017,-0.000000194849933],[0.000000115342161,-0.000000194300654],[0.000000115548141,-0.000000193804778],[0.000000115784636,-0.000000193491994],[0.000000114457212,-0.000000191821272],[0.000000113053501,-0.000000192111169]]]]}},
{"type":"Feature","properties":{"fid":323},"geometry":{"type":"MultiPolygon","coordinates":[[[[0.023456234834869,-0.017968864500101],[0.023659533016264,-0.018257084692233],[0.023583617872578,-0.018369027356017],[0.023525716491801,-0.018330426437479],[0.02348068208453,-0.018366453961448],[0.023474248597777,-0.018385754420714],[0.023527003189152,-0.018455236074056],[0.023425354098454,-0.018585192499678],[0.023182168299191,-0.018441082403933],[0.023256796745525,-0.018006178721429],[0.023456234834869,-0.017968864500101]]]]}},
{"type":"Feature","properties":{"fid":324},"geometry":{"type":"MultiPolygon","coordinates":[[[[0.000000117717567,-0.000000128606944],[0.00000011798092,-0.000000129045865],[0.000000118454955,-0.000000131574051],[0.000000120772459,-0.000000132908372],[0.000000120403765,-0.000000129730582],[0.000000121369392,-0.000000129537457],[0.000000121070925,-0.000000128132909],[0.000000120702231,-0.000000127272623],[0.000000120193083,-0.000000126658134],[0.000000117717567,-0.000000128606944]]]]}},
{"type":"Feature","properties":{"fid":325},"geometry":{"type":"MultiPolygon","coordinates":[[[[0.018942501339236,-0.021695140727756],[0.019282189454323,-0.021924172849365],[0.019274469269889,-0.021965347163325],[0.019140652739704,-0.022130044419052],[0.018836992151974,-0.022130044419052],[0.018873019679332,-0.021906159087004],[0.018942501339236,-0.021695140727756]]]]}},
{"type":"Feature","properties":{"fid":326},"geometry":{"type":"MultiPolygon","coordinates":[[[[0.013893500719535,-0.007338171574081],[0.01402474385491,-0.007397359654251],[0.014042757618589,-0.007577497289501],[0.014251202598301,-0.007685579870615],[0.014238335624245,-0.007839983557874],[0.014027317249721,-0.007863144110958],[0.013901220903969,-0.007837410163087],[0.013731376846426,-0.007621245000908],[0.013721083267181,-0.00758007068429],[0.013811152085575,-0.007376772495932],[0.013893500719535,-0.007338171574081]]]]}},
{"type":"Feature","properties":{"fid":327},"geometry":{"type":"MultiPolygon","coordinates":[[[[0.020068138885842,-0.011607934296735],[0.019639891333089,-0.011684635349375],[0.019500928013281,-0.011195690344983],[0.020046487713269,-0.011049006843504],[0.020154892585148,-0.011276240128324],[0.020181013348266,-0.011340497996947],[0.02027296669111,-0.011566706006043],[0.020162094484513,-0.011589022661525],[0.020068138885842,-0.011607934296735]]]]}},
{"type":"Feature","properties":{"fid":328},"geometry":{"type":"MultiPolygon","coordinates":[[[[0.017323836002951,-0.013393369463072],[0.017401037847289,-0.013673869489675],[0.017004735046354,-0.013694456647578],[0.016984147887864,-0.013519465805346],[0.017323836002951,-0.013393369463072]]]]}},
{"type":"Feature","properties":{"fid":329},"geometry":{"type":"MultiPolygon","coordinates":[[[[0.013396835520961,-0.023100214187314],[0.01353579884077,-0.023115654554926],[0.01353579884077,-0.023244324284959],[0.013389115336528,-0.023254617863356],[0.013396835520961,-0.023100214187314]]]]}},
{"type":"Feature","properties":{"fid":330},"geometry":{"type":"MultiPolygon","coordinates":[[[[0.01560739950535,-0.0056654827991],[0.015733063030186,-0.005677905809099],[0.015736040667263,-0.005614969389351],[0.015745335199243,-0.005418516782513],[0.016031991807696,-0.005436432820461],[0.016119487231279,-0.005464740163257],[0.016109193652034,-0.00553679521764],[0.015885308303454,-0.006079781520025],[0.015638262401573,-0.005976845728144],[0.015357762367145,-0.005920231042601],[0.015352615577522,-0.005410698872464],[0.015386069710069,-0.005384964924465],[0.015610582911078,-0.005404971051199],[0.015663427227649,-0.005408885445002],[0.01566223687205,-0.005594580917578],[0.015642765635497,-0.005592400139094],[0.015587839647117,-0.005586248428425],[0.015576531268927,-0.005662431186389],[0.01560739950535,-0.0056654827991]]]]}},
{"type":"Feature","properties":{"fid":331},"geometry":{"type":"MultiPolygon","coordinates":[[[[0.017316115818517,-0.022397677459218],[0.017696978250584,-0.022384810486145],[0.017650657143981,-0.022516053611444],[0.017555441535965,-0.022673030682725],[0.017460225927948,-0.022765672888647],[0.017375303899176,-0.022608695817466],[0.017316115818517,-0.022397677459218]]]]}},
{"type":"Feature","properties":{"fid":332},"geometry":{"type":"MultiPolygon","coordinates":[[[[0.013136922645024,-0.023859365592887],[0.013265592385587,-0.023867085776651],[0.013260445595964,-0.024003475689747],[0.013196110725683,-0.024003475689747],[0.013185817146438,-0.023939140825096],[0.013165229987948,-0.023944287614269],[0.013162656593136,-0.023998328900576],[0.013057147405875,-0.023995755505991],[0.013057147405875,-0.023892819722529],[0.013136922645024,-0.023859365592887]]]]}},
{"type":"Feature","properties":{"fid":333},"geometry":{"type":"MultiPolygon","coordinates":[[[[0.023355873440555,-0.019435700229158],[0.023659534028284,-0.019595250698201],[0.023572038604701,-0.019801122270936],[0.023685267976396,-0.019873177321332],[0.023638946869794,-0.020032727789956],[0.023523144103287,-0.02026948009795],[0.023481969786306,-0.020318374596297],[0.023420208310836,-0.020331241569543],[0.023335286282064,-0.020310654412348],[0.023296685359895,-0.020264333308649],[0.023067653221693,-0.019880897505302],[0.023355873440555,-0.019435700229158]]]]}},
{"type":"Feature","properties":{"fid":334},"geometry":{"type":"MultiPolygon","coordinates":[[[[0.013677335555389,-0.023643200447314],[0.013793138321896,-0.023676654577008],[0.013790564927085,-0.023861938987475],[0.013682482345012,-0.023869659171239],[0.013674762160578,-0.023941714219683],[0.01359756031624,-0.023967448165546],[0.013540945630392,-0.023815617884882],[0.013677335555389,-0.023643200447314]]]]}},
{"type":"Feature","properties":{"fid":335},"geometry":{"type":"MultiPolygon","coordinates":[[[[0.015676863323742,-0.01609028713576],[0.015764358747325,-0.016131461451113],[0.015820973433172,-0.016221530265917],[0.015645982586007,-0.01632961284363],[0.015584221110536,-0.016298732107146],[0.015504445871387,-0.016198369713543],[0.015676863323742,-0.01609028713576]]]]}},
{"type":"Feature","properties":{"fid":336},"geometry":{"type":"MultiPolygon","coordinates":[[[[0.019598717016109,-0.022498039849155],[0.019807161995821,-0.022822287570015],[0.019513794987337,-0.023169695841554],[0.019457180301489,-0.023048746295262],[0.019359391298661,-0.022920076565052],[0.019140652739704,-0.022817140780801],[0.01919469403074,-0.022637003158184],[0.019598717016109,-0.022498039849155]]]]}},
{"type":"Feature","properties":{"fid":337},"geometry":{"type":"MultiPolygon","coordinates":[[[[0.017938877362843,-0.024716305988037],[0.017964611310956,-0.024783214246887],[0.017967184705767,-0.024991659206935],[0.017900276440674,-0.025282452792622],[0.017779326884545,-0.02552692527566],[0.017635216775114,-0.025686475738024],[0.017591469063322,-0.025683902343472],[0.017303248844461,-0.025496044540986],[0.017135978181729,-0.025339067472946],[0.017452505743514,-0.025122902329759],[0.017491106665683,-0.025184663799278],[0.017503973639739,-0.025174370221026],[0.017547721351531,-0.025215544534026],[0.017540001167097,-0.02525157205789],[0.017437065374646,-0.025359654629421],[0.017470519507193,-0.02540340233692],[0.017511693824173,-0.025405975731478],[0.017802487437846,-0.025092021594989],[0.017738152567564,-0.025043127098254],[0.01760690943219,-0.025171796826464],[0.017503973639739,-0.025071434438471],[0.017938877362843,-0.024716305988037]]]]}},
{"type":"Feature","properties":{"fid":338},"geometry":{"type":"MultiPolygon","coordinates":[[[[0.000000133434024,-0.000000101718613],[0.000000132808456,-0.000000105243151],[0.000000135722684,-0.000000106265419],[0.000000137538355,-0.000000102939232],[0.000000135463303,-0.000000102252634],[0.000000133434024,-0.000000101718613]]]]}},
{"type":"Feature","properties":{"fid":339},"geometry":{"type":"MultiPolygon","coordinates":[[[[0.020617781361369,-0.010819974709473],[0.020664102467972,-0.010886882973365],[0.020630648335426,-0.010966658211064],[0.020527712542975,-0.0109640848163],[0.020440217119392,-0.010871442604776],[0.020453084093448,-0.010848282051891],[0.020617781361369,-0.010819974709473]]]]}},
{"type":"Feature","properties":{"fid":340},"geometry":{"type":"MultiPolygon","coordinates":[[[[0.022885049148993,-0.010581623670259],[0.023079163017619,-0.010637912450863],[0.023178309198577,-0.010662997628744],[0.023011038535845,-0.011167383002598],[0.022403717360387,-0.010943497658186],[0.022563267838685,-0.010624396707241],[0.022586428391986,-0.010516314127008],[0.022854061452358,-0.010570355417129],[0.022885049148993,-0.010581623670259]]]]}},
{"type":"Feature","properties":{"fid":341},"geometry":{"type":"MultiPolygon","coordinates":[[[[0.0000001703978,-0.000000106696093],[0.000000170702955,-0.000000111624342],[0.000000178408113,-0.000000110983517],[0.000000177706257,-0.000000105521247],[0.0000001703978,-0.000000106696093]]]]}},
{"type":"Feature","properties":{"fid":342},"geometry":{"type":"MultiPolygon","coordinates":[[[[0.016544097375138,-0.008907942393127],[0.016631592798721,-0.008928529551368],[0.016695927669002,-0.008974850657405],[0.016742248775605,-0.009075213053799],[0.016742248775605,-0.009142121318047],[0.01669078087938,-0.009198736003169],[0.01656983132325,-0.009196162608391],[0.016544097375138,-0.009229616740505],[0.016472042320422,-0.009420047954017],[0.016497776268535,-0.009530703929388],[0.016554390954383,-0.009592465403998],[0.0166496065624,-0.009620772746524],[0.016770556118529,-0.009602758983099],[0.016863198331735,-0.009559011271919],[0.016881212095413,-0.009651653483823],[0.016878638700602,-0.009679960826344],[0.016726808406738,-0.009749442485249],[0.016567257928439,-0.009862671855286],[0.016315065236935,-0.00971856174796],[0.016140074389769,-0.009494676402527],[0.016163234943071,-0.009422621348793],[0.016320212026558,-0.009347992900268],[0.016418001029386,-0.009255350688283],[0.016484909294479,-0.009139547923268],[0.016523510216648,-0.008923382761808],[0.016544097375138,-0.008907942393127]]]]}},
{"type":"Feature","properties":{"fid":343},"geometry":{"type":"MultiPolygon","coordinates":[[[[0.013844606218121,-0.019536062620993],[0.013937248431327,-0.019543782804978],[0.013901220903969,-0.019821709428195],[0.013844606218121,-0.019667305748687],[0.013844606218121,-0.019536062620993]]]]}},
{"type":"Feature","properties":{"fid":344},"geometry":{"type":"MultiPolygon","coordinates":[[[[0.014158560385096,-0.026136819783941],[0.014235762229434,-0.026461067496003],[0.013947542010572,-0.026502241808586],[0.013844606218121,-0.026206301436597],[0.014158560385096,-0.026136819783941]]]]}},
{"type":"Feature","properties":{"fid":345},"geometry":{"type":"MultiPolygon","coordinates":[[[[0.019561401954599,-0.015811073137024],[0.019688784992308,-0.015809786439723],[0.019695218479061,-0.016316745175934],[0.019358103773204,-0.016315458478636],[0.019355530378503,-0.015964190115859],[0.019360677167905,-0.015876694699396],[0.019377404233463,-0.015868974515589],[0.019361963865256,-0.015841953872261],[0.019509934060575,-0.015829086899246],[0.019525374428782,-0.015809786439723],[0.019553681770495,-0.015827800201945],[0.019561401954599,-0.015811073137024]]]]}},
{"type":"Feature","properties":{"fid":346},"geometry":{"type":"MultiPolygon","coordinates":[[[[0.014688679716216,-0.005917657647804],[0.015151890782244,-0.006030887018884],[0.0151647577563,-0.006046327387666],[0.015146743992621,-0.006118382441975],[0.015105569675641,-0.006136396205551],[0.01467581274216,-0.006030887018884],[0.014660372373292,-0.006005153070913],[0.014688679716216,-0.005917657647804]]]]}},
{"type":"Feature","properties":{"fid":347},"geometry":{"type":"MultiPolygon","coordinates":[[[[0.02112602593293,-0.014950272640496],[0.021483727796397,-0.01514327723643],[0.021439980086477,-0.015332421740279],[0.02129715668056,-0.015618068541694],[0.021145326393189,-0.015498405692499],[0.020996069500519,-0.015311834583406],[0.02112602593293,-0.014950272640496]]]]}},
{"type":"Feature","properties":{"fid":348},"geometry":{"type":"MultiPolygon","coordinates":[[[[0.018986249051028,-0.009196162608391],[0.019037716947253,-0.009227043345727],[0.019158666503382,-0.009412327769687],[0.019421152774131,-0.00985752506574],[0.019428872958565,-0.0099089929612],[0.019127785765647,-0.009942447093244],[0.019017129788763,-0.009945020488017],[0.019001689419895,-0.009929580119381],[0.018752070123203,-0.009450928691333],[0.018806111414239,-0.009445781901781],[0.018826698572729,-0.009404607585358],[0.018811258203862,-0.009368580058483],[0.018764937097259,-0.009347992900268],[0.018772657281693,-0.009335125926382],[0.018911620601501,-0.009209029582282],[0.018965661892538,-0.009221896556172],[0.018986249051028,-0.009196162608391]]]]}},
{"type":"Feature","properties":{"fid":349},"geometry":{"type":"MultiPolygon","coordinates":[[[[0.014387592523298,-0.009167855265831],[0.014400459497355,-0.009327405742051],[0.014328404442639,-0.009335125926382],[0.01433097783745,-0.009229616740505],[0.014387592523298,-0.009167855265831]]]]}},
{"type":"Feature","properties":{"fid":350},"geometry":{"type":"MultiPolygon","coordinates":[[[[0.022991737091302,-0.014547536383102],[0.023251649956123,-0.014523089134227],[0.023279957297836,-0.014548823080411],[0.02350126924214,-0.014893657958989],[0.023297971060745,-0.015010747413907],[0.023089526089947,-0.015036481360034],[0.023070225629688,-0.015022327689665],[0.022991737091302,-0.014547536383102]]]]}},
{"type":"Feature","properties":{"fid":351},"geometry":{"type":"MultiPolygon","coordinates":[[[[0.013764830978972,-0.02430198946133],[0.013839459428499,-0.024456393136029],[0.013733950241237,-0.024500140843828],[0.013664468581333,-0.02440749863906],[0.013692775924257,-0.02434573716918],[0.013764830978972,-0.02430198946133]]]]}},
{"type":"Feature","properties":{"fid":352},"geometry":{"type":"MultiPolygon","coordinates":[[[[0.015772078931758,-0.019139759842631],[0.015797812879871,-0.019157773605304],[0.015823546827984,-0.019258135997304],[0.015692303692609,-0.019358498389244],[0.015723184430344,-0.019525769042346],[0.015627968822328,-0.019556649778285],[0.015638262401573,-0.019327617653269],[0.015772078931758,-0.019139759842631]]]]}},
{"type":"Feature","properties":{"fid":353},"geometry":{"type":"MultiPolygon","coordinates":[[[[0.015864721144964,-0.020220585599588],[0.016008831254395,-0.020333814964193],[0.015939349594491,-0.020537113141351],[0.015627968822328,-0.020416163592946],[0.015638262401573,-0.0202874938605],[0.015725757825156,-0.020349255332087],[0.015769505536947,-0.020344108542789],[0.015805533064305,-0.020328668174894],[0.015864721144964,-0.020220585599588]]]]}},
{"type":"Feature","properties":{"fid":354},"geometry":{"type":"MultiPolygon","coordinates":[[[[0.013440583232753,-0.024371471114967],[0.013582119947373,-0.024443526163144],[0.013674762160578,-0.024551608735338],[0.013530652051147,-0.024595356443106],[0.013512638287468,-0.024497567449252],[0.01333250065068,-0.024497567449252],[0.013337647440302,-0.024361177536653],[0.013440583232753,-0.024371471114967]]]]}},
{"type":"Feature","properties":{"fid":355},"geometry":{"type":"MultiPolygon","coordinates":[[[[0.000000141110573,-0.000000106894443],[0.000000139203356,-0.000000109045784],[0.000000136365417,-0.000000106772381],[0.000000138303149,-0.000000103217328],[0.000000140164593,-0.000000103995473],[0.000000139996758,-0.000000104193824],[0.000000140064284,-0.000000104357551],[0.000000140471034,-0.000000104303649],[0.000000140873536,-0.000000104371004],[0.000000141238758,-0.000000104553097],[0.00000014154945,-0.000000104853129],[0.00000014179205,-0.000000105373386],[0.000000141797264,-0.000000105970948],[0.00000014154945,-0.000000106514728],[0.000000141110573,-0.000000106894443]]]]}},
{"type":"Feature","properties":{"fid":356},"geometry":{"type":"MultiPolygon","coordinates":[[[[0.022017708138697,-0.008691777231531],[0.022269900830201,-0.008658323099368],[0.022318795331615,-0.008768979074972],[0.022401143965575,-0.008866768076642],[0.0226353228934,-0.008995437815642],[0.022707377948116,-0.00907263965902],[0.022740832080662,-0.009162708476274],[0.022352249464161,-0.009335125926382],[0.02230850175237,-0.009335125926382],[0.021986827400962,-0.008714937784565],[0.022017708138697,-0.008691777231531]]]]}},
{"type":"Feature","properties":{"fid":357},"geometry":{"type":"MultiPolygon","coordinates":[[[[0.021802828739346,-0.017200706217976],[0.021950798934665,-0.017212286493609],[0.022079468669725,-0.017253460806966],[0.021967526000223,-0.017600869075558],[0.02163941817582,-0.017527527330019],[0.021410386047413,-0.017315222276984],[0.021577656702991,-0.017234160347581],[0.021802828739346,-0.017200706217976]]]]}},
{"type":"Feature","properties":{"fid":358},"geometry":{"type":"MultiPolygon","coordinates":[[[[0.016199262470428,-0.022248420571493],[0.016279037709578,-0.022261287544579],[0.016317638631747,-0.022307608647678],[0.016320212026558,-0.0223770903023],[0.016266170735521,-0.022433704983819],[0.016155514758637,-0.022436278378433],[0.016111767046845,-0.022397677459218],[0.016124634020902,-0.02229216827998],[0.016199262470428,-0.022248420571493]]]]}},
{"type":"Feature","properties":{"fid":359},"geometry":{"type":"MultiPolygon","coordinates":[[[[0.017251780948235,-0.009170428660609],[0.017336702977007,-0.009209029582282],[0.017349569951064,-0.00924763050395],[0.017202886446821,-0.009502396586854],[0.017112817628427,-0.009643933299498],[0.016953267150129,-0.009659373668147],[0.016927533202016,-0.009551291087593],[0.016932679991639,-0.009458648875662],[0.017143698366162,-0.009350566295045],[0.017218326815689,-0.009252777293505],[0.017251780948235,-0.009170428660609]]]]}},
{"type":"Feature","properties":{"fid":360},"geometry":{"type":"MultiPolygon","coordinates":[[[[0.017331556187385,-0.013810259410749],[0.017305822239272,-0.013936355752804],[0.017238913974179,-0.014036718147453],[0.017102524049182,-0.014142227331525],[0.01693525338645,-0.01418597504198],[0.016927533202016,-0.013998117226439],[0.016953267150129,-0.01383084656864],[0.017331556187385,-0.013810259410749]]]]}},
{"type":"Feature","properties":{"fid":361},"geometry":{"type":"MultiPolygon","coordinates":[[[[0.013816298875198,-0.020881948023535],[0.014071064961513,-0.020915402153856],[0.014094225514814,-0.021049218675068],[0.013818872270009,-0.021008044360861],[0.013816298875198,-0.020881948023535]]]]}},
{"type":"Feature","properties":{"fid":362},"geometry":{"type":"MultiPolygon","coordinates":[[[[0.015941922989302,-0.021404347134651],[0.015965083542603,-0.021417214107809],[0.015995964280338,-0.021605071915791],[0.015792666090249,-0.021682273754621],[0.015779799116192,-0.021476402184322],[0.015941922989302,-0.021404347134651]]]]}},
{"type":"Feature","properties":{"fid":363},"geometry":{"type":"MultiPolygon","coordinates":[[[[0.016878638700602,-0.013835993358112],[0.016855478147301,-0.014070172278993],[0.016865771726546,-0.014252883305012],[0.016603285455797,-0.014378979646828],[0.016595565271363,-0.013856580516001],[0.016878638700602,-0.013835993358112]]]]}},
{"type":"Feature","properties":{"fid":364},"geometry":{"type":"MultiPolygon","coordinates":[[[[0.000000118298348,-0.000000099277375],[0.000000119290101,-0.000000102252634],[0.000000123867422,-0.000000100757376],[0.000000124121082,-0.000000100503716],[0.000000124128711,-0.000000100244334],[0.000000123461185,-0.000000096942942],[0.000000123232319,-0.000000096662581],[0.000000122807009,-0.000000096685467],[0.000000121346081,-0.000000097131756],[0.000000119095565,-0.000000097322478],[0.000000118851441,-0.00000009832186],[0.0000001185234,-0.000000098977942],[0.000000118298348,-0.000000099277375]]]]}},
{"type":"Feature","properties":{"fid":365},"geometry":{"type":"MultiPolygon","coordinates":[[[[0.017303248844461,-0.024937617921029],[0.017316115818517,-0.025084301411295],[0.017087083680315,-0.025225838112274],[0.017079363495881,-0.024971072050402],[0.017303248844461,-0.024937617921029]]]]}},
{"type":"Feature","properties":{"fid":366},"geometry":{"type":"MultiPolygon","coordinates":[[[[0.018363487506702,-0.008488479043726],[0.018389221454814,-0.008519359781121],[0.01854362514349,-0.009260497477838],[0.018129308578877,-0.009633639720399],[0.017895129651052,-0.009358286479376],[0.01807526728784,-0.009034038737333],[0.018134455368499,-0.008871914866203],[0.018126735184065,-0.008750965311504],[0.018041813155294,-0.008586268045468],[0.018363487506702,-0.008488479043726]]]]}},
{"type":"Feature","properties":{"fid":367},"geometry":{"type":"MultiPolygon","coordinates":[[[[0.021784814976438,-0.014291483618441],[0.021941792053211,-0.014245162515256],[0.021953372329366,-0.014409859770983],[0.022085902156478,-0.014430446927941],[0.022097482432634,-0.014575843723901],[0.021869737001577,-0.014637605194723],[0.021735920477115,-0.014650472167808],[0.021784814976438,-0.014291483618441]]]]}},
{"type":"Feature","properties":{"fid":368},"geometry":{"type":"MultiPolygon","coordinates":[[[[0.00000016898646,-0.000000099593616],[0.000000169573882,-0.000000101645781],[0.000000174456359,-0.000000100592998],[0.000000173609554,-0.00000009841877],[0.00000016898646,-0.000000099593616]]]]}},
{"type":"Feature","properties":{"fid":369},"geometry":{"type":"MultiPolygon","coordinates":[[[[0.013587266736995,-0.021229356299596],[0.01365932179171,-0.021316851717149],[0.013651601607277,-0.021404347134651],[0.013525505261525,-0.021394053556124],[0.01349462452379,-0.021329718690314],[0.013484330944544,-0.021285970981548],[0.013587266736995,-0.021229356299596]]]]}},
{"type":"Feature","properties":{"fid":370},"geometry":{"type":"MultiPolygon","coordinates":[[[[0.013206404304928,-0.022418264616134],[0.013237285042663,-0.022436278378433],[0.013224418068607,-0.022582961871355],[0.013152363013891,-0.022521200400669],[0.013206404304928,-0.022418264616134]]]]}},
{"type":"Feature","properties":{"fid":371},"geometry":{"type":"MultiPolygon","coordinates":[[[[0.017663524118038,-0.015917869690132],[0.017691831460962,-0.016121167872275],[0.017563161720398,-0.016164915582331],[0.017630069985491,-0.015951323821384],[0.017663524118038,-0.015917869690132]]]]}},
{"type":"Feature","properties":{"fid":372},"geometry":{"type":"MultiPolygon","coordinates":[[[[0.014611477871878,-0.022459438929957],[0.014619198056312,-0.022564948109074],[0.014580597134143,-0.022706484812648],[0.01447251455207,-0.022652443525845],[0.01445192739358,-0.022498039849155],[0.014611477871878,-0.022459438929957]]]]}},
{"type":"Feature","properties":{"fid":373},"geometry":{"type":"MultiPolygon","coordinates":[[[[0.01445192739358,-0.023318952728324],[0.014603757687444,-0.023331819701315],[0.014608904477067,-0.023493943560888],[0.014459647578014,-0.023491370166293],[0.01445192739358,-0.023318952728324]]]]}},
{"type":"Feature","properties":{"fid":374},"geometry":{"type":"MultiPolygon","coordinates":[[[[0.012063817008727,-0.016939507388192],[0.012102417930896,-0.016952374361686],[0.012148739037498,-0.017083617491271],[0.012297995936552,-0.017366690907718],[0.012261968409194,-0.017428452380341],[0.012110138115329,-0.017508227615782],[0.011716408709206,-0.017384704670568],[0.011672660997414,-0.017253461541189],[0.011690674761093,-0.017135085385202],[0.011775596789865,-0.017014135834443],[0.011809050922411,-0.017052736754906],[0.011839931660147,-0.017050163360209],[0.011814197712034,-0.017006415650349],[0.012063817008727,-0.016939507388192]],[[0.011845078449769,-0.017068177123089],[0.011824491291279,-0.01707589730718],[0.011932573873352,-0.017243167962411],[0.012099844536084,-0.017207140436681],[0.012086977562028,-0.01714280556929],[0.012038083060614,-0.017171112910945],[0.01194801424222,-0.017176259700336],[0.011886252766749,-0.017078470701877],[0.011857945423825,-0.017109351438238],[0.011845078449769,-0.017068177123089]]]]}},
{"type":"Feature","properties":{"fid":375},"geometry":{"type":"MultiPolygon","coordinates":[[[[0.022184977852475,-0.017281768147394],[0.022304640706081,-0.017328089249902],[0.022447464111997,-0.017422018152177],[0.022630175135783,-0.017634323205092],[0.022601867794069,-0.017766853025879],[0.022504078795424,-0.018012612207864],[0.02232394116634,-0.017853061744205],[0.022394709520623,-0.017689651188539],[0.022447464111997,-0.017674210821067],[0.022447464111997,-0.017597008983688],[0.022318794376937,-0.017585428708078],[0.022311074192834,-0.017649763572567],[0.0223458150213,-0.017678070912935],[0.02228276685112,-0.017813174128268],[0.022061454906817,-0.017658770453594],[0.022184977852475,-0.017281768147394]]]]}},
{"type":"Feature","properties":{"fid":376},"geometry":{"type":"MultiPolygon","coordinates":[[[[0.017426585577281,-0.009813100051056],[0.017538685493837,-0.009901421196126],[0.017621911189462,-0.009984646890498],[0.017674564180571,-0.010055983199942],[0.018002371512318,-0.009760447060714],[0.017908954915188,-0.009646648662207],[0.017800251965801,-0.009536247230782],[0.017715327786592,-0.009463212437666],[0.017426585577281,-0.009813100051056]]]]}},
{"type":"Feature","properties":{"fid":377},"geometry":{"type":"MultiPolygon","coordinates":[[[[0.023777909172519,-0.018670114520329],[0.023906578907579,-0.018746029659968],[0.023831950461244,-0.018994362235165],[0.02367239998977,-0.018960908105885],[0.023732874765248,-0.01871257553064],[0.023777909172519,-0.018670114520329]]]]}},
{"type":"Feature","properties":{"fid":378},"geometry":{"type":"MultiPolygon","coordinates":[[[[0.023273524806594,-0.010686158181644],[0.023906579930165,-0.01084313526236],[0.023945180852334,-0.010969231605828],[0.023934887273089,-0.010987245369176],[0.023775336794791,-0.010940924263421],[0.023705855134886,-0.010940924263421],[0.023767616610357,-0.011519938084831],[0.023564318420267,-0.011404135320641],[0.023502556944797,-0.010984671974412],[0.023420208310836,-0.010874015999541],[0.023229777094803,-0.010809681130411],[0.023273524806594,-0.010686158181644]]]]}},
{"type":"Feature","properties":{"fid":379},"geometry":{"type":"MultiPolygon","coordinates":[[[[0.022486065032515,-0.014053444615862],[0.022810312764867,-0.014071458378228],[0.022854060474787,-0.014490921701493],[0.022729250831779,-0.014506362069206],[0.022699656792715,-0.014285050131888],[0.022561980176201,-0.01426960976416],[0.022558120084149,-0.014359678575891],[0.022637895319886,-0.014369972154373],[0.022652048990743,-0.014515368950371],[0.022435883835842,-0.014520515739608],[0.022327801258391,-0.014104912508332],[0.022486065032515,-0.014053444615862]]]]}},
{"type":"Feature","properties":{"fid":380},"geometry":{"type":"MultiPolygon","coordinates":[[[[0.000000150857027,-0.000000107825892],[0.000000154181686,-0.00000010637568],[0.000000155744651,-0.000000109669444],[0.000000155515784,-0.000000109788645],[0.000000156719239,-0.000000112082074],[0.000000154400062,-0.000000113211146],[0.000000153148928,-0.000000110632589],[0.000000152299688,-0.000000111049338],[0.000000150857027,-0.000000107825892]]]]}},
{"type":"Feature","properties":{"fid":381},"geometry":{"type":"MultiPolygon","coordinates":[[[[0.017247513876818,-0.011829980498955],[0.017465824495492,-0.012299222852827],[0.017716756241094,-0.012244017870061],[0.017603836955573,-0.011952937051652],[0.017475861765316,-0.011712042581011],[0.017247513876818,-0.011829980498955]]]]}},
{"type":"Feature","properties":{"fid":382},"geometry":{"type":"MultiPolygon","coordinates":[[[[0.019827743935914,-0.023892807254104],[0.019858411951757,-0.023875471199226],[0.019853170840561,-0.023911634863329],[0.019833402560751,-0.024048035982075],[0.019864311793681,-0.024055504234722],[0.019869647101774,-0.024056793345612],[0.019915244577894,-0.024067810554368],[0.019935831736384,-0.023882526144178],[0.02008745530918,-0.023838558306511],[0.020158524643826,-0.023817949604895],[0.020147658978801,-0.023916717262752],[0.020085088635438,-0.024155305970203],[0.020064684461003,-0.024199378983058],[0.020043352064129,-0.024245456956189],[0.020020753765156,-0.024294269277591],[0.019922964762328,-0.024425512401104],[0.019897230814215,-0.024440952768567],[0.019807161995821,-0.024350883958337],[0.019592584171322,-0.024432516818956],[0.019566878225797,-0.024441575965108],[0.019313070192058,-0.024531021578736],[0.019189011483827,-0.024468992230292],[0.019079369421927,-0.024425677752474],[0.01922067248111,-0.024176834334349],[0.019365726948943,-0.024214348417513],[0.019442005591511,-0.024266868133925],[0.019396421597753,-0.024336181941645],[0.019472620670357,-0.024379191298702],[0.019569336006859,-0.024136493112395],[0.019498354618469,-0.024106411473126],[0.019472016860718,-0.024204344662004],[0.019403077327984,-0.024148684968936],[0.019376217085945,-0.024144205905467],[0.019311299687958,-0.0241333806439],[0.019249433280766,-0.024123064148463],[0.019282189454323,-0.024078104132704],[0.019346524324605,-0.023972594954718],[0.019827743935914,-0.023892807254104]]]]}},
{"type":"Feature","properties":{"fid":383},"geometry":{"type":"MultiPolygon","coordinates":[[[[0.022947989381381,-0.013673868908547],[0.023131987102517,-0.013671295513919],[0.023228489403812,-0.014007123512629],[0.022447464111997,-0.013973669382511],[0.022446177414647,-0.013688022579],[0.022619881556978,-0.013681589092431],[0.022617308162277,-0.013771657904388],[0.022639182017237,-0.013821839099607],[0.022706090279468,-0.01388360057063],[0.022791012304608,-0.013899040938384],[0.022873360935046,-0.013877167084066],[0.022920968737019,-0.013828272586172],[0.022949276078732,-0.013756217536626],[0.022947989381381,-0.013673868908547]]]]}},
{"type":"Feature","properties":{"fid":384},"geometry":{"type":"MultiPolygon","coordinates":[[[[0.015594514689781,-0.024036929819354],[0.015620248637894,-0.024217067440171],[0.015537900003933,-0.024232507807658],[0.015519886240255,-0.024209347256427],[0.01545040458035,-0.024211920651008],[0.015419523842615,-0.02407553073812],[0.015594514689781,-0.024036929819354]]]]}},
{"type":"Feature","properties":{"fid":385},"geometry":{"type":"MultiPolygon","coordinates":[[[[0.014271789756791,-0.021828957248289],[0.014343844811507,-0.021846971010659],[0.014387592523298,-0.021890718719264],[0.014305243889338,-0.021937039822479],[0.014271789756791,-0.021828957248289]]]]}},
{"type":"Feature","properties":{"fid":386},"geometry":{"type":"MultiPolygon","coordinates":[[[[0.020728437338254,-0.008663469888931],[0.02090342818542,-0.009052052500788],[0.020661529073161,-0.009175575450166],[0.020574033649578,-0.008954263499167],[0.020633221730237,-0.008931102946148],[0.020674396047217,-0.008887355234885],[0.020671822652406,-0.008732951548035],[0.020728437338254,-0.008663469888931]]]]}},
{"type":"Feature","properties":{"fid":387},"geometry":{"type":"MultiPolygon","coordinates":[[[[0.020794058016475,-0.013718903314532],[0.02172562689831,-0.013713756525277],[0.021734633779764,-0.013731770287668],[0.02168316588574,-0.014227148752903],[0.020800491503228,-0.01381926570498],[0.020776044253566,-0.013747210655432],[0.020794058016475,-0.013718903314532]]]]}},
{"type":"Feature","properties":{"fid":388},"geometry":{"type":"MultiPolygon","coordinates":[[[[0.013142069434646,-0.0230847738197],[0.013301619912945,-0.023097640792712],[0.013293899728511,-0.023329246306717],[0.013124055670967,-0.023324099517521],[0.013142069434646,-0.0230847738197]]]]}},
{"type":"Feature","properties":{"fid":389},"geometry":{"type":"MultiPolygon","coordinates":[[[[0.016008831254395,-0.02287890225136],[0.016124634020902,-0.022979264640963],[0.016132354205335,-0.0230847738197],[0.016050005571375,-0.023161975657751],[0.015967656937415,-0.023203149971361],[0.015903322067133,-0.023035879322246],[0.015975377121848,-0.022958677484127],[0.016008831254395,-0.02287890225136]]]]}},
{"type":"Feature","properties":{"fid":390},"geometry":{"type":"MultiPolygon","coordinates":[[[[0.015952216568547,-0.019348204810586],[0.016029418412885,-0.019404819493197],[0.016031991807696,-0.019422833255842],[0.015944496384113,-0.019451140597137],[0.015903322067133,-0.019371365362566],[0.015952216568547,-0.019348204810586]]]]}},
{"type":"Feature","properties":{"fid":391},"geometry":{"type":"MultiPolygon","coordinates":[[[[0.016410280844952,-0.007315011020969],[0.016608432245419,-0.007363905521982],[0.016677913905324,-0.007412800022989],[0.01656983132325,-0.00758007068429],[0.016428294608631,-0.007744767950738],[0.016353666159104,-0.007793662451702],[0.016188968891183,-0.007814249610001],[0.015903322067133,-0.007490001866674],[0.016163234943071,-0.007353611942822],[0.016410280844952,-0.007315011020969]]]]}},
{"type":"Feature","properties":{"fid":392},"geometry":{"type":"MultiPolygon","coordinates":[[[[0.020247212508547,-0.021113553540995],[0.02055859328071,-0.021538163655441],[0.020566313465144,-0.021702860911636],[0.020239492324113,-0.022160925154481],[0.020188024427888,-0.021996227898788],[0.020180304243454,-0.021867558167651],[0.02029353361515,-0.021821237064415],[0.020290960220339,-0.021774915961165],[0.020270373061849,-0.021741461831031],[0.020244639113736,-0.021741461831031],[0.02013140974204,-0.02177748935579],[0.02006964826657,-0.021666833386858],[0.020185451033077,-0.021592204942649],[0.020180304243454,-0.021414640713177],[0.020170010664209,-0.021515003103774],[0.020141703321285,-0.021504709525254],[0.020025900554778,-0.021561324207104],[0.019938405131195,-0.021417214107809],[0.020164863874587,-0.021195902169343],[0.020180304243454,-0.021229356299596],[0.020185451033077,-0.021170168222989],[0.020247212508547,-0.021113553540995]]]]}},
{"type":"Feature","properties":{"fid":393},"geometry":{"type":"MultiPolygon","coordinates":[[[[0.013741670425671,-0.026872810621209],[0.013831739244065,-0.027052948238051],[0.013898647509158,-0.027094122550434],[0.0140453310134,-0.027114709706621],[0.014104519094059,-0.027279406955987],[0.013896074114347,-0.027276833561467],[0.013607853895485,-0.026908838144598],[0.013741670425671,-0.026872810621209]]]]}},
{"type":"Feature","properties":{"fid":394},"geometry":{"type":"MultiPolygon","coordinates":[[[[0.015599661479404,-0.02044447093407],[0.015710317456288,-0.020490792037718],[0.015676863323742,-0.020557700298518],[0.01557135413648,-0.020516525984183],[0.015599661479404,-0.02044447093407]]]]}},
{"type":"Feature","properties":{"fid":395},"geometry":{"type":"MultiPolygon","coordinates":[[[[0.015645982586007,-0.003985038151852],[0.015671716534119,-0.004005625310292],[0.015761785352513,-0.004304139107614],[0.015512166055821,-0.0043607537933],[0.015247106390261,-0.004471409769855],[0.015239386205827,-0.004046799627171],[0.015645982586007,-0.003985038151852]]]]}},
{"type":"Feature","properties":{"fid":396},"geometry":{"type":"MultiPolygon","coordinates":[[[[0.016870918516168,-0.00618014391709],[0.01720031305201,-0.00627793291934],[0.017164285524652,-0.006517258635295],[0.016901799253904,-0.006499244871733],[0.016870918516168,-0.00618014391709]]]]}},
{"type":"Feature","properties":{"fid":397},"geometry":{"type":"MultiPolygon","coordinates":[[[[0.01378027134784,-0.025228411506835],[0.013885780535102,-0.025308186738227],[0.01388320714029,-0.025416269309711],[0.01384203282331,-0.025457443622633],[0.013852326402555,-0.02548575096276],[0.013947542010572,-0.025511484908324],[0.013952688800195,-0.025632434452407],[0.01375968418935,-0.025609273901421],[0.01378027134784,-0.025228411506835]]]]}},
{"type":"Feature","properties":{"fid":398},"geometry":{"type":"MultiPolygon","coordinates":[[[[0.017653230538793,-0.012991919883158],[0.017699551645395,-0.013130883199355],[0.017398464452478,-0.013254406147021],[0.017354716740686,-0.013118016225636],[0.017653230538793,-0.012991919883158]]]]}},
{"type":"Feature","properties":{"fid":399},"geometry":{"type":"MultiPolygon","coordinates":[[[[0.016518363427025,-0.012986773093667],[0.016538950585515,-0.013033094199076],[0.016515790032214,-0.013444837357886],[0.0161014734676,-0.013488585068469],[0.016086033098733,-0.013303300647122],[0.016147794574203,-0.013290433673412],[0.016152941363826,-0.013264699725991],[0.016137500994958,-0.013238965778566],[0.016073166124676,-0.013228672199596],[0.016055152360998,-0.013112869436149],[0.016227569813352,-0.013061401541266],[0.01624301018222,-0.013166910725764],[0.016358812948727,-0.013159190541534],[0.016358812948727,-0.013118016225636],[0.016276464314766,-0.013112869436149],[0.016273890919955,-0.013056254751777],[0.016518363427025,-0.012986773093667]]]]}},
{"type":"Feature","properties":{"fid":400},"geometry":{"type":"MultiPolygon","coordinates":[[[[0.01349462452379,-0.020187131469121],[0.013510064892657,-0.020218012204937],[0.013492051128978,-0.020313227806998],[0.013432863048319,-0.020320947990946],[0.013427716258697,-0.020223158994239],[0.01349462452379,-0.020187131469121]]]]}},
{"type":"Feature","properties":{"fid":401},"geometry":{"type":"MultiPolygon","coordinates":[[[[0.015473565133652,-0.026214021620223],[0.015684583508175,-0.026232035382015],[0.015648555980818,-0.026584590433709],[0.015499299081764,-0.026548562910225],[0.015391216499691,-0.026486801441369],[0.015473565133652,-0.026214021620223]]]]}},
{"type":"Feature","properties":{"fid":402},"geometry":{"type":"MultiPolygon","coordinates":[[[[0.000000118347936,-0.000000088701856],[0.000000118851441,-0.000000089518145],[0.000000121574947,-0.000000088480619],[0.000000120766287,-0.000000087633815],[0.000000118347936,-0.000000088701856]]]]}},
{"type":"Feature","properties":{"fid":403},"geometry":{"type":"MultiPolygon","coordinates":[[[[0.016075739519488,-0.022222686625319],[0.016086033098733,-0.022274154517664],[0.01603971199213,-0.022335915988454],[0.016029418412885,-0.022469732508411],[0.015944496384113,-0.022521200400669],[0.015880161513832,-0.022369370118455],[0.015875014724209,-0.022284448096131],[0.016075739519488,-0.022222686625319]]]]}},
{"type":"Feature","properties":{"fid":404},"geometry":{"type":"MultiPolygon","coordinates":[[[[0.019709372992993,-0.005734946617149],[0.01980458860101,-0.005742666801544],[0.019786574837331,-0.005848175988266],[0.019807161995821,-0.005876483331042],[0.019858629892046,-0.005868763146648],[0.019861203286858,-0.005760680565132],[0.019881790445348,-0.005758107170334],[0.020005313396288,-0.005809575066297],[0.020123689557606,-0.005927951226994],[0.019670772070824,-0.006177570522293],[0.019549822514695,-0.005770974144325],[0.019709372992993,-0.005734946617149]]]]}},
{"type":"Feature","properties":{"fid":405},"geometry":{"type":"MultiPolygon","coordinates":[[[[0.014791615508667,-0.024389484877015],[0.014709266874706,-0.024296842672171],[0.01451368886905,-0.024487273870947],[0.014454500788391,-0.024412645428216],[0.014395312707732,-0.024193906888936],[0.014485381526126,-0.024103838078542],[0.014567730160087,-0.024181039916027],[0.014760734770932,-0.024065237159784],[0.014801909087912,-0.024124425235209],[0.014824926235071,-0.02417121240762],[0.014843793128264,-0.024209563319588],[0.014930578828475,-0.024389484877015],[0.014845656799703,-0.024448672952298],[0.014791615508667,-0.024389484877015]]]]}},
{"type":"Feature","properties":{"fid":406},"geometry":{"type":"MultiPolygon","coordinates":[[[[0.014217748465755,-0.007919758796269],[0.014287230125659,-0.008156511116575],[0.014192014517642,-0.008249153328831],[0.014063344777079,-0.008187391853996],[0.014099372304437,-0.008040708351225],[0.014076211751135,-0.007937772559775],[0.014217748465755,-0.007919758796269]]]]}},
{"type":"Feature","properties":{"fid":407},"geometry":{"type":"MultiPolygon","coordinates":[[[[0.021717906714206,-0.011167382528671],[0.021887750764486,-0.011417001809839],[0.021580230097692,-0.011487770162709],[0.021515895230162,-0.011262598130791],[0.021717906714206,-0.011167382528671]]]]}},
{"type":"Feature","properties":{"fid":408},"geometry":{"type":"MultiPolygon","coordinates":[[[[0.012923330875689,-0.023416741723019],[0.013082881353987,-0.023421888512212],[0.013075161169553,-0.023607172923019],[0.012915610691255,-0.023573718793308],[0.012923330875689,-0.023416741723019]]]]}},
{"type":"Feature","properties":{"fid":409},"geometry":{"type":"MultiPolygon","coordinates":[[[[0.014083931935569,-0.025709636288996],[0.014155986990284,-0.02603903079125],[0.013834312638876,-0.02610851244396],[0.013731376846426,-0.025712209683548],[0.014083931935569,-0.025709636288996]]]]}},
{"type":"Feature","properties":{"fid":410},"geometry":{"type":"MultiPolygon","coordinates":[[[[0.01420745488651,-0.017096484464755],[0.014315537468583,-0.017176259700336],[0.014603757687444,-0.017469626695412],[0.014436487024712,-0.01759314964057],[0.01420745488651,-0.017654911113118],[0.014163707174718,-0.017629177166226],[0.014109665883682,-0.017485067063561],[0.014040184223778,-0.017485067063561],[0.014029890644532,-0.017515947799855],[0.014096798909625,-0.017683218454696],[0.014058197987456,-0.017706379006893],[0.013793138321896,-0.017755273505966],[0.013731376846426,-0.017569989088359],[0.013762257584161,-0.017531388168001],[0.013813725480386,-0.017526241378619],[0.013901220903969,-0.017438745959109],[0.013947542010572,-0.01730235604038],[0.014009303486042,-0.017209713831376],[0.01420745488651,-0.017096484464755]]]]}},
{"type":"Feature","properties":{"fid":411},"geometry":{"type":"MultiPolygon","coordinates":[[[[0.020260079482603,-0.005956258569766],[0.02027294645666,-0.005994859491725],[0.020244639113736,-0.006293373288115],[0.020278093246282,-0.006586740294745],[0.019876643655725,-0.006687102691711],[0.019853483102424,-0.006193010891071],[0.020260079482603,-0.005956258569766]]]]}},
{"type":"Feature","properties":{"fid":412},"geometry":{"type":"MultiPolygon","coordinates":[[[[0.018952794918481,-0.007381919285512],[0.019241015137343,-0.007564630315557],[0.019269322480267,-0.007603231237388],[0.019068597684988,-0.007747341345526],[0.018955368313292,-0.007747341345526],[0.018870446284521,-0.007713887213284],[0.018857579310464,-0.007695873449768],[0.018901327022256,-0.007569777105135],[0.018883313258577,-0.007438533970886],[0.018952794918481,-0.007381919285512]]]]}},
{"type":"Feature","properties":{"fid":413},"geometry":{"type":"MultiPolygon","coordinates":[[[[0.020216331770812,-0.008347704411474],[0.020081468234133,-0.008153212582729],[0.020216331770812,-0.008028384264303],[0.020313452041332,-0.007938490729284],[0.02053800612222,-0.007731900976799],[0.020622928150992,-0.007829689978725],[0.020795345603346,-0.008105043220868],[0.020656382283538,-0.008223419380984],[0.020589474018445,-0.00833150196193],[0.020365588669865,-0.008557960702861],[0.020256065528756,-0.008405005972987],[0.020216331770812,-0.008347704411474]]]]}},
{"type":"Feature","properties":{"fid":414},"geometry":{"type":"MultiPolygon","coordinates":[[[[0.014369578759619,-0.020236025967493],[0.014415899866222,-0.0202720534926],[0.014436487024712,-0.02034153514814],[0.014343844811507,-0.02044447093407],[0.014235762229434,-0.020447044328718],[0.014215175070944,-0.020243746151445],[0.014369578759619,-0.020236025967493]]]]}},
{"type":"Feature","properties":{"fid":415},"geometry":{"type":"MultiPolygon","coordinates":[[[[0.024290014718058,-0.012654804633783],[0.024324755546524,-0.013100001905845],[0.024373650045847,-0.013182350534118],[0.024440558308078,-0.013200364296549],[0.024436698216027,-0.013294293200632],[0.024350489493536,-0.01329815329258],[0.02435820967764,-0.013475717522116],[0.024237260126684,-0.0135001647711],[0.023799783027479,-0.013507884954989],[0.023808789908933,-0.013361201461053],[0.023788202751324,-0.013217091361662],[0.023727727975845,-0.013066547775602],[0.0236299389772,-0.012939164741173],[0.023703280726184,-0.012918577584087],[0.023691700450029,-0.012895417032364],[0.023734161462598,-0.012913430794816],[0.023914299091683,-0.012852956020866],[0.023943893130746,-0.012945598227762],[0.02399536102477,-0.012944311530444],[0.023970913775109,-0.012841375745002],[0.023983780748615,-0.012814355101316],[0.024290014718058,-0.012654804633783]]]]}},
{"type":"Feature","properties":{"fid":416},"geometry":{"type":"MultiPolygon","coordinates":[[[[0.019310496797247,-0.018769191010088],[0.019531808751016,-0.018949328637118],[0.019977006053364,-0.019394525914542],[0.020005313396288,-0.019402246098533],[0.020005313396288,-0.019422833255842],[0.019832895943934,-0.019394525914542],[0.019645038122711,-0.019402246098533],[0.019529235356204,-0.019448567202474],[0.019421152774131,-0.019417686466515],[0.019302776612813,-0.019430553439832],[0.019163813293005,-0.019206668103978],[0.019161239898194,-0.01900851671453],[0.019310496797247,-0.018769191010088]]]]}},
{"type":"Feature","properties":{"fid":417},"geometry":{"type":"MultiPolygon","coordinates":[[[[0.019027423368008,-0.007894024848401],[0.01895022152367,-0.008045855140797],[0.018829271967541,-0.00809217624694],[0.018847285731219,-0.008022694587723],[0.018896180232633,-0.007953212928494],[0.01897080868216,-0.007904318427548],[0.019027423368008,-0.007894024848401]]]]}},
{"type":"Feature","properties":{"fid":418},"geometry":{"type":"MultiPolygon","coordinates":[[[[0.018692882042544,-0.015997644926187],[0.018878166468955,-0.016074846767501],[0.018826698572729,-0.016604966077062],[0.018548771933113,-0.016661580760524],[0.018517891195378,-0.016455709184221],[0.018602813224149,-0.016453135789516],[0.018631120567073,-0.016502030288908],[0.018690308647732,-0.016494310104794],[0.018692882042544,-0.016460855973631],[0.018654281120375,-0.016306452291268],[0.018597666434527,-0.016314172475389],[0.01858479946047,-0.016368213764227],[0.018510171010944,-0.016375933948346],[0.018497304036887,-0.016213810081793],[0.018672294884053,-0.016131461451113],[0.018692882042544,-0.015997644926187]]]]}},
{"type":"Feature","properties":{"fid":419},"geometry":{"type":"MultiPolygon","coordinates":[[[[0.013165229987948,-0.022572668292909],[0.013229564858229,-0.022634429763573],[0.013232138253041,-0.02272707196952],[0.013136922645024,-0.022719351785694],[0.013134349250213,-0.022644723342015],[0.01306744098512,-0.022585535265966],[0.013165229987948,-0.022572668292909]]]]}},
{"type":"Feature","properties":{"fid":420},"geometry":{"type":"MultiPolygon","coordinates":[[[[0.014742721007253,-0.01892102129574],[0.015020647646869,-0.018957048821129],[0.015033514620926,-0.019085718554602],[0.014971753145455,-0.01910373231728],[0.014884257721872,-0.019168067183974],[0.014825069641213,-0.019059984607915],[0.014698973295461,-0.019072851581259],[0.014742721007253,-0.01892102129574]]]]}},
{"type":"Feature","properties":{"fid":421},"geometry":{"type":"MultiPolygon","coordinates":[[[[0.014722133848763,-0.007703593634132],[0.014832789825647,-0.007737047766374],[0.014845656799703,-0.007767928503827],[0.014853376984137,-0.007749914740313],[0.014894551301117,-0.007760208319464],[0.015038661410548,-0.007842556952661],[0.014958886171399,-0.008043281746011],[0.014709266874706,-0.007971226691999],[0.014698973295461,-0.007891451453614],[0.014722133848763,-0.007703593634132]]]]}},
{"type":"Feature","properties":{"fid":422},"geometry":{"type":"MultiPolygon","coordinates":[[[[0.013571826368127,-0.023295792176939],[0.013677335555389,-0.023300938966136],[0.013674762160578,-0.023406448144634],[0.013551239209637,-0.023380714198666],[0.013571826368127,-0.023295792176939]]]]}},
{"type":"Feature","properties":{"fid":423},"geometry":{"type":"MultiPolygon","coordinates":[[[[0.013589840131806,-0.020583434244972],[0.013669615370955,-0.020706957187894],[0.013661895186522,-0.020750704896822],[0.01355638599926,-0.020727544345038],[0.013551239209637,-0.020616888375356],[0.013589840131806,-0.020583434244972]]]]}},
{"type":"Feature","properties":{"fid":424},"geometry":{"type":"MultiPolygon","coordinates":[[[[0.01508240912234,-0.025683902343472],[0.015249679785072,-0.025773971152785],[0.015216225652525,-0.02584087941109],[0.015172477940734,-0.02584345280564],[0.015154464177055,-0.02587433354023],[0.015187918309601,-0.025907787669361],[0.015157037571866,-0.025982416111236],[0.01500263388319,-0.025902640880264],[0.01508240912234,-0.025683902343472]]]]}},
{"type":"Feature","properties":{"fid":425},"geometry":{"type":"MultiPolygon","coordinates":[[[[0.016158088153448,-0.020972016835921],[0.016340799185048,-0.021080099410717],[0.016330505605803,-0.02115730124981],[0.016276464314766,-0.021213915931788],[0.016206982654862,-0.021226782904962],[0.016194115680806,-0.021208769142518],[0.016150367969014,-0.021069805832168],[0.016158088153448,-0.020972016835921]]]]}},
{"type":"Feature","properties":{"fid":426},"geometry":{"type":"MultiPolygon","coordinates":[[[[0.020144176765331,-0.010820929117802],[0.02011082258355,-0.010830268288534],[0.020079941845815,-0.010809681130411],[0.019786574837331,-0.01024868107103],[0.019768561073652,-0.01017662601746],[0.020144276716097,-0.010258974650111],[0.020185178504107,-0.010375836899675],[0.020252879440378,-0.010502081737014],[0.020316265876021,-0.010577966905161],[0.02041625574633,-0.010623498006041],[0.020498390282656,-0.010624390772725],[0.020547938834461,-0.010645370789794],[0.020574721835437,-0.010675724857042],[0.020601504836413,-0.01071947042454],[0.020465804298135,-0.010742682358311],[0.020144176765331,-0.010820929117802]]]]}},
{"type":"Feature","properties":{"fid":427},"geometry":{"type":"MultiPolygon","coordinates":[[[[0.018541051748679,-0.022734792153347],[0.018700602226977,-0.022765672888647],[0.018721189385467,-0.022788833440119],[0.018698028832166,-0.022873755462148],[0.018597666434527,-0.022845448121477],[0.018597666434527,-0.02290978298663],[0.018831845362352,-0.022979264640963],[0.018842138941597,-0.022938090327289],[0.018775230676504,-0.022925223354263],[0.018793244440183,-0.022904636197419],[0.01876751049207,-0.02289176922439],[0.018782950860938,-0.022814567386194],[0.018986249051028,-0.022889195829784],[0.018981102261405,-0.022976691246359],[0.018903900417067,-0.023120801344129],[0.018656854515186,-0.023280351809347],[0.018615680198206,-0.023254617863356],[0.01844068935104,-0.023020438954626],[0.018507597616132,-0.022881475645967],[0.018541051748679,-0.022734792153347]]]]}},
{"type":"Feature","properties":{"fid":428},"geometry":{"type":"MultiPolygon","coordinates":[[[[0.018106148025575,-0.022711631601867],[0.018342900348212,-0.023015292165419],[0.018288859057175,-0.023087347214303],[0.018111294815198,-0.023221163733562],[0.017933730573221,-0.022963824273337],[0.018106148025575,-0.022711631601867]]]]}},
{"type":"Feature","properties":{"fid":429},"geometry":{"type":"MultiPolygon","coordinates":[[[[0.018528184774623,-0.017258608330579],[0.018541051748679,-0.017271475304051],[0.018512744405755,-0.017328089987318],[0.018569359091603,-0.017374411091797],[0.018566785696792,-0.017392424854646],[0.018312019610476,-0.017958571686182],[0.01809585444633,-0.017621456982157],[0.018085560867085,-0.01757770927243],[0.018294005846798,-0.017338383566092],[0.018528184774623,-0.017258608330579]]]]}},
{"type":"Feature","properties":{"fid":430},"geometry":{"type":"MultiPolygon","coordinates":[[[[0.018744349938769,-0.015359443036891],[0.018968235287349,-0.015351722852734],[0.018955368313292,-0.015573034798444],[0.018744349938769,-0.015359443036891]]]]}},
{"type":"Feature","properties":{"fid":431},"geometry":{"type":"MultiPolygon","coordinates":[[[[0.019179253661872,-0.010675864602578],[0.019243588532154,-0.010771080208927],[0.019318216981681,-0.010953791237243],[0.018818978388295,-0.011079887580664],[0.018744349938769,-0.01083798847283],[0.019179253661872,-0.010675864602578]]]]}},
{"type":"Feature","properties":{"fid":432},"geometry":{"type":"MultiPolygon","coordinates":[[[[0.019737679491631,-0.014806162542087],[0.019871496016094,-0.015184451550207],[0.019677204716153,-0.015277093756178],[0.019566548744001,-0.014884651077839],[0.019737679491631,-0.014806162542087]]]]}},
{"type":"Feature","properties":{"fid":433},"geometry":{"type":"MultiPolygon","coordinates":[[[[0.012858996005407,-0.022032255423486],[0.012992812535593,-0.022078576526657],[0.013039133642196,-0.022297315069213],[0.01290531711201,-0.022261287544579],[0.012858996005407,-0.022032255423486]]]]}},
{"type":"Feature","properties":{"fid":434},"geometry":{"type":"MultiPolygon","coordinates":[[[[0.015041234805359,-0.023897966511704],[0.01520593207328,-0.024016342662674],[0.015036088015737,-0.024049796792277],[0.015038661410548,-0.024111558262293],[0.014992340303945,-0.024139865602707],[0.014935725618098,-0.024096117894791],[0.014951165986965,-0.024157879364786],[0.014886831116684,-0.024183613310609],[0.014822496246402,-0.024031783030184],[0.015041234805359,-0.023897966511704]]]]}},
{"type":"Feature","properties":{"fid":435},"geometry":{"type":"MultiPolygon","coordinates":[[[[0.013751964004916,-0.018074374446964],[0.013826592454443,-0.018298259784266],[0.013908941088403,-0.018658535039106],[0.013481757549733,-0.018529865305318],[0.013342794229925,-0.018094961604429],[0.013360807993604,-0.018076947841647],[0.013751964004916,-0.018074374446964]]]]}},
{"type":"Feature","properties":{"fid":436},"geometry":{"type":"MultiPolygon","coordinates":[[[[0.021871024634455,-0.009358286479376],[0.022138657694826,-0.009687681010667],[0.022133510905204,-0.009728855327056],[0.022092336588224,-0.009777749827762],[0.021714047550968,-0.009638786509949],[0.021675446628799,-0.009438061717452],[0.021871024634455,-0.009358286479376]]]]}},
{"type":"Feature","properties":{"fid":437},"geometry":{"type":"MultiPolygon","coordinates":[[[[0.015841560591663,-0.020724970950395],[0.015993390885527,-0.020717250766466],[0.016026845018074,-0.020779012237887],[0.015957363358169,-0.020889668207456],[0.015790092695437,-0.020843347103925],[0.015841560591663,-0.020724970950395]]]]}},
{"type":"Feature","properties":{"fid":438},"geometry":{"type":"MultiPolygon","coordinates":[[[[0.016788569882208,-0.012930158409267],[0.01687349191098,-0.01314889696256],[0.016948120360506,-0.013434543778924],[0.016605858850608,-0.013547773147481],[0.016634166193532,-0.012999640067393],[0.016788569882208,-0.012930158409267]]]]}},
{"type":"Feature","properties":{"fid":439},"geometry":{"type":"MultiPolygon","coordinates":[[[[0.015104758517709,-0.024961025154957],[0.015142125156561,-0.025003487240526],[0.015164205443156,-0.025064632643719],[0.015170999377492,-0.025129175013727],[0.015079281263947,-0.025567383735559],[0.015159109992403,-0.02560305188727],[0.015522585479417,-0.025830648664624],[0.015721308058766,-0.025810266863684],[0.01606440174277,-0.025745724494017],[0.01632426973115,-0.025662498806768],[0.016511102925409,-0.025575876152634],[0.01653997714634,-0.025149556814775],[0.016548469564261,-0.024775890461721],[0.016565454400103,-0.024390334723601],[0.016490721122399,-0.024337681737252],[0.01644656054921,-0.024271440883429],[0.016288601575882,-0.02435296808813],[0.016263124322119,-0.02435296808813],[0.015498806709239,-0.024741920793209],[0.01514552212373,-0.024882894917476],[0.015104758517709,-0.024961025154957]]]]}},
{"type":"Feature","properties":{"fid":440},"geometry":{"type":"MultiPolygon","coordinates":[[[[0.013548665814826,-0.026926851906289],[0.013584693342184,-0.026955159246084],[0.01382144566482,-0.027274260166948],[0.01365932179171,-0.027269113377908],[0.013605280500674,-0.027137870257327],[0.013613000685108,-0.027086402366864],[0.013574399762939,-0.027068388605196],[0.01349462452379,-0.027081255577816],[0.013548665814826,-0.026926851906289]]]]}},
{"type":"Feature","properties":{"fid":441},"geometry":{"type":"MultiPolygon","coordinates":[[[[0.0194597536963,-0.023411594933827],[0.019488061039224,-0.023463062825746],[0.01948034085479,-0.02352225090143],[0.019318216981681,-0.023874805960415],[0.019048010526498,-0.023800177517347],[0.0194597536963,-0.023411594933827]]]]}},
{"type":"Feature","properties":{"fid":442},"geometry":{"type":"MultiPolygon","coordinates":[[[[0.013754537399727,-0.025032833519992],[0.013762257584161,-0.025135769302578],[0.013713363082747,-0.025166650037338],[0.013703069503502,-0.025267012425257],[0.013646454817654,-0.02527473260894],[0.01365932179171,-0.025133195908014],[0.013754537399727,-0.025032833519992]]]]}},
{"type":"Feature","properties":{"fid":443},"geometry":{"type":"MultiPolygon","coordinates":[[[[0.015831267012418,-0.017407865222802],[0.015980523911471,-0.01758285606181],[0.016245583577031,-0.017948278107442],[0.016268744130332,-0.01800231939582],[0.016255877156276,-0.017986879027713],[0.016194115680806,-0.018035773526712],[0.016158088153448,-0.018030626737344],[0.016155514758637,-0.018053787289497],[0.015941922989302,-0.01800231939582],[0.015869867934587,-0.017950851502127],[0.015609955058649,-0.01767549827063],[0.015609955058649,-0.017634323955604],[0.015831267012418,-0.017407865222802]]]]}},
{"type":"Feature","properties":{"fid":444},"geometry":{"type":"MultiPolygon","coordinates":[[[[0.017614629616624,-0.007572350499923],[0.017761313120866,-0.007595511053022],[0.017720138803886,-0.007760208319464],[0.017573455299644,-0.007721607397647],[0.017614629616624,-0.007572350499923]]]]}},
{"type":"Feature","properties":{"fid":445},"geometry":{"type":"MultiPolygon","coordinates":[[[[0.014902801123964,-0.022734417828997],[0.014954070375526,-0.022788188015417],[0.015126635173466,-0.022721913134478],[0.015114130477963,-0.022661890600772],[0.015067863104602,-0.022570606330712],[0.014916556289017,-0.022559352105633],[0.014914055349917,-0.022441807976969],[0.014690221300415,-0.022463065957692],[0.014683968952663,-0.022548097880552],[0.014676466135362,-0.022670643886939],[0.0146276978229,-0.022803193648833],[0.014657709092107,-0.022916986368852],[0.014807765438142,-0.023039532374925],[0.014925309575869,-0.023035780966577],[0.014916556289017,-0.022848210549071],[0.014841528116,-0.02280069270993],[0.014816518724994,-0.022866967590832],[0.014872789854757,-0.022913234960501],[0.014837776707349,-0.022951999513455],[0.014728985856474,-0.02288197322424],[0.014807765438142,-0.022749423462419],[0.014742741021527,-0.022673144825844],[0.014794010273089,-0.022650636375699],[0.014776503699385,-0.022529340838749],[0.014817769194544,-0.022528090369295],[0.0148440290551,-0.02270440656215],[0.01501409291394,-0.022660640131319],[0.015035350896294,-0.022709408439958],[0.014902801123964,-0.022734417828997]]]]}},
{"type":"Feature","properties":{"fid":446},"geometry":{"type":"MultiPolygon","coordinates":[[[[0.014764709004016,-0.009021832813667],[0.014824589686707,-0.009014690281038],[0.014855168058573,-0.009011042910819],[0.01489969809074,-0.00900573139476],[0.014989766909134,-0.009173002055388],[0.01485852377376,-0.009432914927899],[0.014678386136971,-0.00936343326893],[0.014467367762447,-0.009324832347274],[0.014462220972825,-0.009075213053799],[0.014764709004016,-0.009021832813667]]]]}},
{"type":"Feature","properties":{"fid":447},"geometry":{"type":"MultiPolygon","coordinates":[[[[0.01453427602754,-0.018897860743699],[0.014629491635557,-0.018915874506398],[0.014575450344521,-0.01910373231728],[0.014462220972825,-0.019085718554602],[0.01453427602754,-0.018897860743699]]]]}},
{"type":"Feature","properties":{"fid":448},"geometry":{"type":"MultiPolygon","coordinates":[[[[0.022118069590243,-0.015301541004969],[0.022233872351797,-0.015623215330905],[0.022183691155124,-0.015684976801428],[0.022000980131339,-0.016043965348484],[0.02191734480355,-0.015952609840153],[0.021869737001577,-0.015853534147973],[0.021858156725422,-0.015646375882353],[0.021900617737992,-0.015517706152051],[0.021954659026717,-0.015432784130009],[0.022118069590243,-0.015301541004969]]]]}},
{"type":"Feature","properties":{"fid":449},"geometry":{"type":"MultiPolygon","coordinates":[[[[0.018057253524161,-0.004239804237511],[0.018625973777451,-0.004484276743872],[0.018674868278865,-0.004867712569473],[0.01813702876331,-0.004857418990265],[0.018057253524161,-0.004239804237511]]]]}},
{"type":"Feature","properties":{"fid":450},"geometry":{"type":"MultiPolygon","coordinates":[[[[0.013018546483706,-0.017124791806417],[0.013044280431818,-0.017176259700336],[0.013062294195497,-0.017436172564417],[0.012848702426162,-0.017425878985648],[0.012830688662483,-0.017405291828109],[0.012840982241728,-0.017369264302411],[0.013018546483706,-0.017124791806417]]]]}},
{"type":"Feature","properties":{"fid":451},"geometry":{"type":"MultiPolygon","coordinates":[[[[0.013723656661992,-0.026270636300133],[0.013795711716707,-0.026468787679614],[0.013631014448787,-0.026473934468687],[0.013497197918601,-0.026453347312393],[0.013314486887001,-0.026363278503566],[0.013386541941716,-0.026329824374556],[0.013723656661992,-0.026270636300133]]]]}},
{"type":"Feature","properties":{"fid":452},"geometry":{"type":"MultiPolygon","coordinates":[[[[0.015594514689781,-0.022621562790521],[0.015666569744497,-0.022763099494039],[0.015630542217139,-0.022840301332264],[0.015627968822328,-0.022899489408208],[0.015651129375629,-0.02297154445715],[0.015702597271854,-0.023015292165419],[0.015689730297798,-0.023143961895543],[0.01555076697799,-0.023118227949527],[0.015537900003933,-0.022981838035567],[0.015514739450632,-0.022994705008588],[0.015517312845443,-0.023102787581916],[0.015414377052993,-0.023110507765722],[0.015422097237427,-0.023010145376211],[0.015458124764784,-0.022984411430172],[0.015442684395917,-0.022927796748868],[0.015296000891675,-0.022945810511103],[0.015277987127996,-0.022778539861687],[0.015393789894503,-0.022724498574912],[0.015442684395917,-0.022830007753836],[0.015504445871387,-0.022806847202372],[0.015514739450632,-0.02277596646708],[0.015476138528463,-0.022688471050383],[0.015594514689781,-0.022621562790521]]]]}},
{"type":"Feature","properties":{"fid":453},"geometry":{"type":"MultiPolygon","coordinates":[[[[0.017461802382204,-0.006978777273052],[0.01724148736899,-0.006910988038715],[0.017563161720398,-0.006784891693863],[0.017743299357187,-0.00675143756155],[0.018062400313784,-0.007026790804365],[0.017941450757654,-0.007181194491854],[0.01766867090766,-0.007044804567908],[0.017572988679376,-0.007016662736272],[0.017537158603086,-0.007004454046245],[0.017461802382204,-0.006978777273052]]]]}},
{"type":"Feature","properties":{"fid":454},"geometry":{"type":"MultiPolygon","coordinates":[[[[0.016278279152585,-0.019294124367241],[0.016093753283167,-0.01886440661297],[0.016307345052501,-0.018774337799434],[0.01634594597467,-0.018877273586328],[0.016407707450141,-0.018946755242447],[0.016556859721608,-0.018977694932101],[0.016595936895054,-0.018987386070584],[0.016636889772826,-0.019013645929696],[0.016692011710456,-0.019066553143696],[0.016706916067642,-0.01908085866431],[0.016702139970358,-0.01908323498261],[0.016590884257507,-0.019138589589233],[0.016562446524494,-0.019152738611189],[0.016528070701237,-0.019169842094006],[0.016458808938856,-0.0192043028647],[0.016436278246216,-0.019215512874463],[0.016369418557718,-0.019248778507825],[0.016347455208839,-0.019259706239131],[0.016326875025228,-0.019269945784929],[0.016278279152585,-0.019294124367241]]]]}},
{"type":"Feature","properties":{"fid":455},"geometry":{"type":"MultiPolygon","coordinates":[[[[0.016917239622771,-0.006568726531185],[0.017156565340219,-0.006597033873922],[0.017128257997295,-0.0069161348283],[0.016994441467109,-0.006931575197055],[0.016909519438337,-0.006609900847893],[0.016917239622771,-0.006568726531185]]]]}},
{"type":"Feature","properties":{"fid":456},"geometry":{"type":"MultiPolygon","coordinates":[[[[0.017779326884545,-0.016893186283608],[0.018487010457642,-0.016767089943297],[0.01850245082651,-0.01681341104791],[0.018566785696792,-0.017114498227631],[0.018232244371327,-0.017240594567716],[0.018046959944916,-0.017451612932569],[0.018008359022747,-0.017469626695412],[0.017725285593508,-0.017037296386722],[0.017779326884545,-0.016893186283608]]]]}},
{"type":"Feature","properties":{"fid":457},"geometry":{"type":"MultiPolygon","coordinates":[[[[0.022136084300015,-0.009237336924839],[0.022249313671711,-0.009427768138346],[0.022295634778314,-0.009559011271919],[0.022290487988691,-0.009589892009223],[0.022218432933976,-0.009651653483823],[0.022061455850489,-0.009489529612975],[0.021950799873604,-0.009317112162942],[0.022136084300015,-0.009237336924839]]]]}},
{"type":"Feature","properties":{"fid":458},"geometry":{"type":"MultiPolygon","coordinates":[[[[0.022024562684409,-0.008109324371726],[0.021986229494076,-0.00815453514413],[0.022053751329086,-0.008209171132207],[0.02206813524962,-0.008220810029618],[0.022024660166108,-0.008227751539909],[0.022040741123138,-0.008311739595885],[0.021943775708278,-0.008327971210741],[0.021884941460503,-0.008302715784311],[0.021776349116848,-0.008333678975872],[0.021618831942951,-0.00805614871994],[0.021961093452849,-0.008045855140797],[0.022024562684409,-0.008109324371726]]]]}},
{"type":"Feature","properties":{"fid":459},"geometry":{"type":"MultiPolygon","coordinates":[[[[0.000000114777625,-0.000000161809304],[0.000000114197831,-0.000000164158995],[0.000000116944224,-0.000000164906624],[0.000000120255153,-0.000000166295078],[0.00000011892773,-0.000000162419613],[0.000000117462987,-0.000000162358582],[0.000000115693089,-0.000000161946623],[0.000000114777625,-0.000000161809304]]]]}},
{"type":"Feature","properties":{"fid":460},"geometry":{"type":"MultiPolygon","coordinates":[[[[0.020142067232522,-0.010170361490184],[0.019719666572238,-0.010089130595245],[0.019657905096768,-0.010001635173007],[0.019655331701956,-0.009970754435741],[0.019686212439692,-0.009952740672334],[0.019961565684497,-0.009867818644833],[0.020157953027424,-0.009783326417141],[0.020182903941727,-0.009774681011633],[0.020235024106394,-0.009756621554843],[0.020408273509307,-0.009902270437905],[0.020427109462919,-0.010031746274293],[0.020479503914313,-0.010185514857679],[0.020316265876021,-0.010179792963855],[0.020230560272898,-0.010158366563412],[0.020187834029736,-0.010164157958484],[0.020142067232522,-0.010170361490184]]]]}},
{"type":"Feature","properties":{"fid":461},"geometry":{"type":"MultiPolygon","coordinates":[[[[0.01487086466333,-0.01850734542507],[0.015223945836959,-0.018043493710763],[0.015288280707241,-0.018082094631013],[0.016006257859584,-0.018746030458027],[0.015257399969506,-0.018833525876905],[0.014962944837303,-0.018799618924117],[0.014662710970309,-0.018773555789095],[0.01487086466333,-0.01850734542507]]]]}},
{"type":"Feature","properties":{"fid":462},"geometry":{"type":"MultiPolygon","coordinates":[[[[0.020290960220339,-0.020503659010951],[0.020671822652406,-0.020503659010951],[0.020697556600518,-0.020701810398607],[0.020684689626462,-0.020853640682488],[0.02045565748826,-0.020763571870034],[0.02035529509062,-0.020691516820034],[0.02033470793213,-0.020578287455681],[0.020290960220339,-0.020503659010951]]]]}},
{"type":"Feature","properties":{"fid":463},"geometry":{"type":"MultiPolygon","coordinates":[[[[0.02247062562548,-0.019752227772434],[0.02269451097406,-0.019862883742706],[0.022686790789626,-0.019991553475487],[0.022645616472646,-0.020089342472334],[0.022591575181609,-0.020153677338648],[0.022254460461333,-0.02013309018143],[0.02247062562548,-0.019752227772434]]]]}},
{"type":"Feature","properties":{"fid":464},"geometry":{"type":"MultiPolygon","coordinates":[[[[0.019277503041041,-0.015295237325778],[0.019257444570778,-0.015293560488783],[0.019264586704372,-0.015479255955519],[0.019338803312945,-0.015476531838338],[0.019353123443496,-0.015412345151542],[0.019616729940675,-0.015346575410629],[0.019673344624101,-0.015713284142079],[0.019417291851332,-0.015766038731463],[0.019080177145474,-0.01575703185035],[0.019104624395135,-0.015080229068444],[0.01947776662681,-0.014918105207823],[0.019502213876471,-0.014937405667427],[0.019587135901611,-0.015262940085824],[0.019401419153702,-0.015317664866943],[0.019337793573705,-0.015336413288813],[0.019337516615594,-0.015300254307664],[0.019277503041041,-0.015295237325778]]]]}},
{"type":"Feature","properties":{"fid":465},"geometry":{"type":"MultiPolygon","coordinates":[[[[0.017395891057666,-0.016898333073007],[0.017617203011435,-0.016926640414698],[0.01762749659068,-0.016965241335179],[0.017395891057666,-0.017459333116645],[0.017228620394934,-0.017747553321903],[0.017182299288331,-0.017793874426277],[0.017061349732202,-0.017567415693669],[0.017395891057666,-0.016898333073007]]]]}},
{"type":"Feature","properties":{"fid":466},"geometry":{"type":"MultiPolygon","coordinates":[[[[0.018286284880153,-0.011736102746275],[0.018752069321071,-0.011750256416834],[0.018791956938939,-0.012484960587591],[0.018346759655631,-0.012548008756266],[0.018299151853659,-0.012095091299329],[0.018286284880153,-0.011736102746275]]]]}},
{"type":"Feature","properties":{"fid":467},"geometry":{"type":"MultiPolygon","coordinates":[[[[0.013625867659164,-0.021046645280431],[0.01375968418935,-0.021069805832168],[0.01375968418935,-0.021121273724905],[0.013816298875198,-0.021252516851306],[0.013736523636048,-0.021314278322515],[0.013708216293124,-0.021301411349349],[0.01361814747473,-0.021165021433718],[0.013625867659164,-0.021046645280431]]]]}},
{"type":"Feature","properties":{"fid":468},"geometry":{"type":"MultiPolygon","coordinates":[[[[0.017663524118038,-0.018553025857407],[0.017709845224641,-0.018619934118979],[0.017807634227469,-0.018890140559685],[0.017581175484077,-0.018915874506398],[0.01754514795672,-0.018679122196503],[0.017663524118038,-0.018553025857407]]]]}},
{"type":"Feature","properties":{"fid":469},"geometry":{"type":"MultiPolygon","coordinates":[[[[0.015299234888098,-0.010956179484414],[0.01524318492982,-0.011321353448111],[0.015587977097408,-0.011465724549912],[0.015710267915469,-0.011134520257439],[0.015708569431885,-0.011103947553499],[0.015299234888098,-0.010956179484414]]]]}},
{"type":"Feature","properties":{"fid":470},"geometry":{"type":"MultiPolygon","coordinates":[[[[0.013147216224269,-0.025719929867205],[0.013247578621908,-0.025719929867205],[0.013250152016719,-0.025797131703741],[0.013239858437474,-0.025982416111236],[0.013134349250213,-0.026064764736703],[0.013147216224269,-0.025719929867205]]]]}},
{"type":"Feature","properties":{"fid":471},"geometry":{"type":"MultiPolygon","coordinates":[[[[0.01247813357334,-0.016934360598795],[0.01294649142899,-0.016939507388192],[0.012982518956348,-0.017011562439745],[0.012977372166725,-0.017060456938998],[0.012889876743142,-0.017181406489727],[0.012879583163897,-0.017168539516249],[0.012828115267672,-0.017263755119968],[0.012756060212957,-0.017328089987318],[0.012550188628055,-0.017145378963986],[0.012470413388906,-0.016967814729877],[0.01247813357334,-0.016934360598795]]]]}},
{"type":"Feature","properties":{"fid":472},"geometry":{"type":"MultiPolygon","coordinates":[[[[0.015121010044509,-0.009106093791146],[0.015254826574694,-0.009216749766616],[0.015054101779416,-0.009577025035347],[0.014917711854419,-0.00946636905999],[0.015121010044509,-0.009106093791146]]]]}},
{"type":"Feature","properties":{"fid":473},"geometry":{"type":"MultiPolygon","coordinates":[[[[0.014946019197343,-0.024718879382608],[0.015036088015737,-0.024821815165439],[0.015010354067624,-0.024878429845962],[0.014917711854419,-0.024847549111135],[0.014946019197343,-0.024718879382608]]]]}},
{"type":"Feature","properties":{"fid":474},"geometry":{"type":"MultiPolygon","coordinates":[[[[0.022686789819209,-0.013676442303175],[0.022870787540345,-0.013682875789745],[0.022868214145644,-0.013785811574835],[0.022791012304608,-0.013830845980799],[0.022715097160922,-0.013803825337222],[0.022686789819209,-0.013760077628567],[0.022686789819209,-0.013676442303175]]]]}},
{"type":"Feature","properties":{"fid":475},"geometry":{"type":"MultiPolygon","coordinates":[[[[0.013890927324724,-0.024443526163144],[0.013968129169062,-0.024446099557721],[0.013975849353496,-0.02480637479802],[0.013844606218121,-0.02481924177087],[0.013769977768595,-0.024546461946188],[0.013849753007744,-0.024513007816707],[0.013865193376612,-0.024600503232254],[0.013901220903969,-0.02459792983768],[0.013890927324724,-0.024443526163144]]]]}},
{"type":"Feature","properties":{"fid":476},"geometry":{"type":"MultiPolygon","coordinates":[[[[0.019814882180255,-0.007829689978725],[0.019987299632609,-0.007986667060717],[0.019796868416576,-0.008161657906145],[0.019611583990165,-0.008120483589581],[0.019598717016109,-0.00805614871994],[0.019727386756672,-0.007953212928494],[0.019814882180255,-0.007829689978725]]]]}},
{"type":"Feature","properties":{"fid":477},"geometry":{"type":"MultiPolygon","coordinates":[[[[0.014279509941225,-0.019687892905963],[0.01443134023509,-0.019664732354028],[0.014459647578014,-0.019726493825849],[0.014457074183202,-0.019777961719016],[0.014318110863394,-0.019790828692305],[0.014253775993112,-0.019711053457896],[0.014279509941225,-0.019687892905963]]]]}},
{"type":"Feature","properties":{"fid":478},"geometry":{"type":"MultiPolygon","coordinates":[[[[0.013944968615761,-0.021098113173175],[0.014047904408211,-0.021110980146359],[0.01400415669642,-0.021201048958613],[0.013921808062459,-0.021113553540995],[0.013944968615761,-0.021098113173175]]]]}},
{"type":"Feature","properties":{"fid":479},"geometry":{"type":"MultiPolygon","coordinates":[[[[0.013438009837942,-0.021154727855174],[0.013569252973316,-0.021190755380072],[0.013574399762939,-0.021203622353248],[0.013484330944544,-0.021242223272769],[0.013438009837942,-0.021154727855174]]]]}},
{"type":"Feature","properties":{"fid":480},"geometry":{"type":"MultiPolygon","coordinates":[[[[0.016793327417278,-0.012003123399676],[0.017163426776957,-0.011841686537373],[0.017337415189112,-0.012208346673031],[0.017311937935349,-0.012221616075731],[0.017445905828051,-0.012476919383547],[0.017187736323256,-0.012602607165766],[0.017048460669353,-0.012315563446827],[0.016953923734464,-0.012361955787775],[0.016793327417278,-0.012003123399676]]]]}},
{"type":"Feature","properties":{"fid":481},"geometry":{"type":"MultiPolygon","coordinates":[[[[0.014570331880504,-0.023246897679558],[0.014444207209146,-0.023246897679558],[0.014405606286977,-0.023025585743833],[0.014624344845935,-0.022984411430172],[0.01477874853461,-0.023120801344129],[0.014742721007253,-0.023275205020149],[0.014626918240746,-0.023257191257956],[0.014624689460401,-0.023241144040787],[0.014631388923382,-0.023177322846054],[0.01468852599213,-0.023193987823074],[0.014696263303523,-0.023154110913772],[0.0145010449853,-0.023091617249918],[0.01448973660711,-0.023124352026226],[0.014571871143436,-0.023153515736021],[0.014570331880504,-0.023246897679558]]]]}},
{"type":"Feature","properties":{"fid":482},"geometry":{"type":"MultiPolygon","coordinates":[[[[0.015335345534903,-0.021623150040713],[0.015221372442148,-0.021306558138616],[0.015239386205827,-0.02128082419228],[0.015411803658181,-0.021262810429843],[0.01545040458035,-0.021399200345388],[0.015419523842615,-0.021432654475597],[0.015380922920446,-0.021437801264859],[0.015391216499691,-0.021496989341364],[0.015411803658181,-0.021515003103774],[0.015548193583178,-0.021489269157473],[0.015625395427516,-0.021731168252526],[0.015602234874215,-0.021759475593411],[0.015447831185539,-0.021813516880541],[0.015360335761956,-0.021664259992231],[0.015440111001105,-0.0216333792567],[0.015440358243629,-0.021632637529182],[0.015448568042043,-0.021629860685799],[0.01546285230923,-0.021657238862621],[0.0154955870882,-0.02164771601851],[0.015466423376027,-0.021573318798869],[0.015335345534903,-0.021623150040713]]]]}},
{"type":"Feature","properties":{"fid":483},"geometry":{"type":"MultiPolygon","coordinates":[[[[0.015221372442148,-0.003231033473652],[0.015437537606294,-0.003282501369794],[0.015604808269026,-0.003799753725869],[0.015617675243083,-0.003892395938866],[0.015254826574694,-0.003951584019386],[0.015221372442148,-0.003231033473652]]]]}},
{"type":"Feature","properties":{"fid":484},"geometry":{"type":"MultiPolygon","coordinates":[[[[0.018422675587361,-0.006885254090789],[0.018595093039715,-0.006895547669959],[0.018587372855282,-0.007065391726242],[0.01831973979491,-0.007384492680301],[0.018209083818026,-0.007595511053022],[0.018126735184065,-0.007582644079078],[0.018093281051519,-0.007549189946824],[0.018080414077463,-0.007379345890722],[0.018000638838313,-0.007242955966835],[0.018273418688307,-0.006939295381432],[0.018314593005288,-0.006908414643922],[0.018422675587361,-0.006885254090789]]]]}},
{"type":"Feature","properties":{"fid":485},"geometry":{"type":"MultiPolygon","coordinates":[[[[0.018322313189721,-0.010338749887971],[0.01836091411189,-0.010390217783354],[0.018430395771795,-0.010603809549105],[0.018077840682651,-0.010652704049677],[0.018000638838313,-0.010477713205487],[0.018322313189721,-0.010338749887971]]]]}},
{"type":"Feature","properties":{"fid":486},"geometry":{"type":"MultiPolygon","coordinates":[[[[0.020206038191567,-0.013210658436396],[0.0205791804392,-0.013347048357731],[0.020607487782124,-0.013570933700133],[0.020229198744868,-0.013591520858045],[0.020211184981189,-0.013527185989565],[0.020206038191567,-0.013210658436396]]]]}},
{"type":"Feature","properties":{"fid":487},"geometry":{"type":"MultiPolygon","coordinates":[[[[0.013749390610105,-0.023952007798029],[0.013901220903969,-0.023959727981788],[0.013903794298781,-0.024036929819354],[0.013741670425671,-0.024039503213938],[0.013749390610105,-0.023952007798029]]]]}},
{"type":"Feature","properties":{"fid":488},"geometry":{"type":"MultiPolygon","coordinates":[[[[0.015705170666666,-0.021301411349349],[0.015929056015246,-0.021283397586914],[0.015947069778924,-0.021368319609803],[0.015736051404401,-0.021453241632645],[0.015705170666666,-0.021301411349349]]]]}},
{"type":"Feature","properties":{"fid":489},"geometry":{"type":"MultiPolygon","coordinates":[[[[0.023412487124948,-0.014092045535216],[0.023717434397041,-0.014139653335743],[0.023708427515586,-0.014521802436918],[0.023521856399749,-0.014319790959272],[0.023397046756741,-0.014104912508332],[0.023412487124948,-0.014092045535216]]]]}},
{"type":"Feature","properties":{"fid":490},"geometry":{"type":"MultiPolygon","coordinates":[[[[0.016229829014545,-0.025841317785678],[0.01622527507034,-0.025893118895742],[0.016087193820865,-0.025894309251219],[0.016089574532063,-0.025983585911989],[0.016139569467218,-0.025983585911989],[0.016145521245213,-0.025950255958642],[0.016188374046774,-0.025947875247689],[0.016187183691175,-0.025977634134607],[0.016235988270731,-0.0259728727127],[0.016234797915132,-0.025946684892212],[0.016284792850287,-0.025943113825781],[0.016282412139089,-0.025964540224364],[0.016334787785441,-0.025966920935317],[0.016343120274634,-0.025941923470304],[0.016385973076195,-0.025943113825781],[0.016377640587003,-0.02596930164627],[0.016437158366949,-0.025968111290794],[0.016428825877756,-0.025890738184787],[0.016285983205885,-0.025878834630012],[0.016289622742346,-0.025780567155558],[0.016490056084101,-0.025701916105339],[0.016472042320422,-0.026085351893061],[0.016037138597319,-0.026105939049416],[0.016050005571375,-0.025853746383838],[0.016217276234107,-0.025807425281942],[0.016229829014545,-0.025841317785678]]]]}},
{"type":"Feature","properties":{"fid":491},"geometry":{"type":"MultiPolygon","coordinates":[[[[0.000000106698653,-0.000000125736199],[0.000000106973292,-0.000000127628158],[0.000000106897003,-0.000000128574138],[0.000000109643396,-0.000000129108159],[0.000000110772469,-0.000000129199705],[0.000000110955562,-0.000000127902798],[0.000000111428552,-0.000000127597643],[0.000000108865252,-0.00000012404259],[0.000000106698653,-0.000000125736199]]]]}},
{"type":"Feature","properties":{"fid":492},"geometry":{"type":"MultiPolygon","coordinates":[[[[0.021608537439405,-0.011573978883453],[0.021914771408848,-0.011518650898501],[0.021922491592952,-0.011591992645993],[0.021877457185681,-0.011766983482039],[0.021792535160541,-0.011839038532144],[0.021666438820182,-0.01186219908396],[0.021608537439405,-0.011573978883453]]]]}},
{"type":"Feature","properties":{"fid":493},"geometry":{"type":"MultiPolygon","coordinates":[[[[0.012326303279475,-0.017472200090103],[0.01243695925636,-0.017752700111278],[0.01223366106627,-0.017878796450934],[0.012027789481369,-0.017855635898759],[0.011911986714862,-0.017654911113118],[0.011778170184676,-0.017500507431709],[0.011788463763921,-0.017485067063561],[0.012115284904952,-0.01759057624588],[0.012326303279475,-0.017472200090103]]]]}},
{"type":"Feature","properties":{"fid":494},"geometry":{"type":"MultiPolygon","coordinates":[[[[0.011930000478541,-0.011805584902963],[0.012261968409194,-0.011833892245285],[0.012264541804005,-0.011957415193563],[0.011778170184676,-0.012132406036862],[0.011811624317223,-0.011841612429554],[0.011930000478541,-0.011805584902963]]]]}},
{"type":"Feature","properties":{"fid":495},"geometry":{"type":"MultiPolygon","coordinates":[[[[0.01656983132325,-0.022637003158184],[0.016572404718062,-0.022819714175408],[0.016206982654862,-0.02303845271685],[0.016188968891183,-0.022871182067542],[0.016255877156276,-0.022683324261164],[0.01656983132325,-0.022637003158184]]]]}},
{"type":"Feature","properties":{"fid":496},"geometry":{"type":"MultiPolygon","coordinates":[[[[0.013924381457271,-0.023213443549762],[0.014011876880854,-0.023218590338962],[0.013991289722364,-0.023331819701315],[0.013896074114347,-0.023334393095912],[0.013893500719535,-0.023257191257956],[0.013924381457271,-0.023213443549762]]]]}},
{"type":"Feature","properties":{"fid":497},"geometry":{"type":"MultiPolygon","coordinates":[[[[0.020504551989674,-0.011831318850528],[0.020893134606175,-0.011833892245285],[0.021093859401453,-0.011875066561384],[0.021122166744377,-0.012150419800137],[0.020810785972214,-0.012114392273587],[0.020805639182592,-0.012176153747669],[0.020836519920327,-0.012554442776115],[0.021114446559943,-0.012636791408086],[0.021111873165132,-0.012901851067063],[0.020638368519859,-0.012652231776577],[0.020481391436372,-0.011854479403335],[0.020504551989674,-0.011831318850528]]]]}},
{"type":"Feature","properties":{"fid":498},"geometry":{"type":"MultiPolygon","coordinates":[[[[0.0222390191412,-0.014131933151875],[0.022352248508053,-0.014529522620773],[0.022186264549825,-0.014573270329283],[0.022163103997514,-0.014362251970512],[0.022028000775701,-0.014330084537755],[0.022022853986299,-0.014210421687861],[0.0222390191412,-0.014131933151875]]]]}},
{"type":"Feature","properties":{"fid":499},"geometry":{"type":"MultiPolygon","coordinates":[[[[0.022298207219328,-0.01569655707715],[0.022513085676878,-0.015789199282896],[0.022371548968312,-0.016209949300137],[0.022082042064427,-0.016103153424283],[0.022253172812056,-0.015741591482726],[0.022298207219328,-0.01569655707715]]]]}},
{"type":"Feature","properties":{"fid":500},"geometry":{"type":"MultiPolygon","coordinates":[[[[0.016068019335054,-0.020485645248424],[0.016224996418541,-0.020521672773475],[0.016217276234107,-0.020604021402132],[0.016235289997786,-0.02062460855929],[0.016240436787409,-0.020730117739681],[0.016096326677978,-0.020760998475392],[0.016008831254395,-0.020627181953934],[0.016068019335054,-0.020485645248424]]]]}},
{"type":"Feature","properties":{"fid":501},"geometry":{"type":"MultiPolygon","coordinates":[[[[0.012900170322387,-0.023856792198299],[0.013023693273328,-0.023890246327941],[0.013023693273328,-0.023970021560132],[0.012985092351159,-0.024006049084332],[0.012897596927576,-0.024006049084332],[0.012900170322387,-0.023856792198299]]]]}},
{"type":"Feature","properties":{"fid":502},"geometry":{"type":"MultiPolygon","coordinates":[[[[0.013093996919472,-0.01912946626396],[0.013026266668139,-0.01912946626396],[0.012897596927576,-0.019083145159933],[0.012949064823801,-0.018848966244938],[0.013157509803514,-0.018933888269094],[0.013208977699739,-0.019054837818577],[0.013136922645024,-0.01912946626396],[0.013052731424312,-0.019009269286511],[0.013008964990052,-0.019004892643326],[0.013005213581401,-0.019051160014135],[0.013037100554934,-0.019053660953098],[0.013093996919472,-0.01912946626396]]]]}},
{"type":"Feature","properties":{"fid":503},"geometry":{"type":"MultiPolygon","coordinates":[[[[0.015872441329398,-0.021152154460539],[0.015913615646378,-0.021252516851306],[0.015689730297798,-0.021260237035209],[0.015676863323742,-0.021208769142518],[0.015872441329398,-0.021152154460539]]]]}},
{"type":"Feature","properties":{"fid":504},"geometry":{"type":"MultiPolygon","coordinates":[[[[0.015908162410679,-0.02439600301885],[0.015748918378457,-0.024471833503489],[0.015705170666666,-0.024325150012547],[0.015676863323742,-0.024042076608523],[0.016098900072789,-0.024024062846429],[0.016124634020902,-0.024291695883011],[0.015977767915039,-0.024362596755312],[0.015934828304203,-0.024243881371348],[0.01601577248493,-0.024247452437825],[0.016006249640138,-0.024197457507138],[0.015876500879856,-0.024206980351079],[0.015865787679466,-0.024120084400086],[0.01589435621384,-0.024116513333605],[0.015887214080246,-0.024076041246821],[0.01576103638676,-0.024090325512746],[0.015768178520354,-0.024136749376993],[0.015809840966316,-0.024141510798966],[0.015822934877904,-0.024255784926271],[0.01586102625707,-0.024254594570778],[0.015908162410679,-0.02439600301885]]]]}},
{"type":"Feature","properties":{"fid":505},"geometry":{"type":"MultiPolygon","coordinates":[[[[0.015679436718553,-0.022104310472857],[0.015802959669494,-0.022196952679139],[0.015802959669494,-0.022315328831527],[0.015676863323742,-0.022297315069213],[0.015679436718553,-0.022104310472857]]]]}},
{"type":"Feature","properties":{"fid":506},"geometry":{"type":"MultiPolygon","coordinates":[[[[0.016031991807696,-0.021731168252526],[0.016070592729865,-0.022119750840575],[0.015882734908643,-0.022173792127574],[0.015682010113364,-0.022014241661138],[0.015676863323742,-0.021870131562275],[0.016031991807696,-0.021731168252526]]]]}},
{"type":"Feature","properties":{"fid":507},"geometry":{"type":"MultiPolygon","coordinates":[[[[0.02080563829263,-0.015570460741485],[0.02086997316016,-0.015730011207007],[0.020813358476734,-0.016038818559284],[0.020678255254921,-0.015838093780356],[0.02080563829263,-0.015570460741485]]]]}},
{"type":"Feature","properties":{"fid":508},"geometry":{"type":"MultiPolygon","coordinates":[[[[0.018876878247721,-0.01131515663703],[0.018963500910514,-0.011795827481575],[0.019563065615729,-0.011699013919312],[0.019525698976877,-0.01155464281763],[0.019481538403688,-0.011383095979065],[0.019420392994658,-0.011197961271984],[0.018876878247721,-0.01131515663703]]]]}},
{"type":"Feature","properties":{"fid":509},"geometry":{"type":"MultiPolygon","coordinates":[[[[0.019269322480267,-0.01714280556929],[0.019529235356204,-0.017284342277522],[0.01939799222083,-0.017613736798088],[0.019125212370836,-0.017469626695412],[0.019269322480267,-0.01714280556929]]]]}},
{"type":"Feature","properties":{"fid":510},"geometry":{"type":"MultiPolygon","coordinates":[[[[0.021073272242963,-0.02051137919489],[0.021171061245791,-0.02053196635206],[0.021186501614659,-0.021121273724905],[0.021083565822208,-0.021249943456672],[0.021037244715605,-0.021229356299596],[0.020767038260423,-0.020907681969936],[0.020777331839668,-0.020740411318252],[0.020756744681178,-0.020513952589536],[0.021073272242963,-0.02051137919489]]]]}},
{"type":"Feature","properties":{"fid":511},"geometry":{"type":"MultiPolygon","coordinates":[[[[0.013121482276156,-0.024044650003108],[0.013160083198325,-0.024047223397692],[0.01317037677757,-0.024103838078542],[0.013188390541249,-0.024096117894791],[0.01319096393606,-0.024052370186862],[0.013263018990776,-0.024054943581446],[0.013255298806342,-0.024193906888936],[0.013049427221441,-0.024186186705191],[0.013049427221441,-0.024137292208124],[0.013093174933232,-0.024116705051459],[0.013054574011063,-0.024108984867709],[0.013049427221441,-0.024080677527288],[0.013106041907289,-0.024080677527288],[0.013121482276156,-0.024044650003108]]]]}},
{"type":"Feature","properties":{"fid":512},"geometry":{"type":"MultiPolygon","coordinates":[[[[0.015967656937415,-0.018936461663765],[0.016047432176564,-0.019119172685289],[0.015828693617606,-0.019093438738607],[0.015841560591663,-0.019057411213246],[0.015967656937415,-0.018936461663765]]]]}},
{"type":"Feature","properties":{"fid":513},"geometry":{"type":"MultiPolygon","coordinates":[[[[0.014680959531782,-0.022184085706048],[0.014745294402064,-0.022184085706048],[0.014763308165743,-0.022256140755345],[0.014724707243574,-0.022256140755345],[0.014680959531782,-0.022204672862994],[0.014680959531782,-0.022184085706048]]]]}},
{"type":"Feature","properties":{"fid":514},"geometry":{"type":"MultiPolygon","coordinates":[[[[0.016312491842124,-0.005469886952856],[0.016523510216648,-0.005521354848844],[0.016788569882208,-0.005626864035607],[0.016757689144473,-0.005812148461095],[0.016755115749661,-0.006036033808478],[0.016502923058158,-0.005966552148955],[0.016312491842124,-0.005469886952856]]]]}},
{"type":"Feature","properties":{"fid":515},"geometry":{"type":"MultiPolygon","coordinates":[[[[0.013203830910117,-0.01759829642995],[0.013656748396899,-0.017688365244074],[0.013736523636048,-0.017999746001135],[0.01331191349219,-0.018004892790504],[0.013201257515305,-0.017642044139672],[0.013203830910117,-0.01759829642995]]]]}},
{"type":"Feature","properties":{"fid":516},"geometry":{"type":"MultiPolygon","coordinates":[[[[0.000000157238002,-0.000000111189496],[0.000000158374703,-0.00000011338661],[0.000000163974293,-0.000000112905992],[0.000000163547076,-0.000000109289908],[0.00000016284522,-0.000000109732382],[0.000000161929756,-0.000000110190114],[0.000000160648106,-0.0000001105563],[0.000000160968518,-0.000000111853208],[0.000000161914498,-0.000000111715888],[0.000000162082333,-0.000000112524548],[0.00000016055656,-0.000000112768672],[0.000000159930992,-0.000000110678362],[0.000000157238002,-0.000000111189496]]]]}},
{"type":"Feature","properties":{"fid":517},"geometry":{"type":"MultiPolygon","coordinates":[[[[0.022630176103778,-0.020701810398607],[0.022671350420758,-0.020758425080749],[0.022655910051891,-0.020791879211097],[0.022676497210381,-0.02079702600038],[0.022691937579248,-0.020961723257365],[0.022640469683023,-0.02097459023056],[0.022653336657079,-0.020990030598392],[0.022627602708967,-0.020977163625199],[0.02247062562548,-0.021028631517966],[0.022298208173125,-0.021136714092722],[0.022239020092466,-0.021358026031274],[0.022082043008979,-0.021455815027276],[0.022074322824545,-0.021098113173175],[0.022056309060866,-0.021098113173175],[0.022058882455677,-0.020997750782308],[0.022074322824545,-0.021085246199991],[0.022076896219356,-0.020910255364576],[0.022177258616995,-0.020835626920002],[0.022354822858973,-0.020758425080749],[0.022630176103778,-0.020701810398607]]]]}},
{"type":"Feature","properties":{"fid":518},"geometry":{"type":"MultiPolygon","coordinates":[[[[0.012869289584652,-0.024052370186862],[0.012995385930404,-0.024057516976031],[0.012997959325215,-0.024168172943116],[0.012871862979464,-0.024168172943116],[0.012869289584652,-0.024052370186862]]]]}},
{"type":"Feature","properties":{"fid":519},"geometry":{"type":"MultiPolygon","coordinates":[[[[0.015593072548161,-0.009323087543854],[0.015690735354251,-0.009517563911614],[0.015742539103568,-0.009479348031495],[0.015813875414104,-0.009369795841798],[0.01574338834536,-0.009236464882197],[0.015677147485577,-0.009279776213029],[0.015622796010884,-0.00930865043358],[0.015593072548161,-0.009323087543854]]]]}},
{"type":"Feature","properties":{"fid":520},"geometry":{"type":"MultiPolygon","coordinates":[[[[0.000000119660101,-0.000000085867731],[0.000000119690616,-0.000000086386494],[0.000000119248142,-0.000000086645876],[0.000000119522781,-0.000000087378247],[0.000000120224637,-0.000000087240928],[0.000000120468761,-0.000000086432268],[0.000000121277421,-0.000000086203402],[0.000000121704638,-0.000000082266905],[0.000000120941751,-0.000000080893709],[0.000000120379422,-0.000000081226385],[0.000000119770143,-0.000000081346489],[0.000000119154895,-0.000000081262134],[0.000000118523687,-0.000000080961205],[0.000000118205912,-0.000000080672565],[0.000000117985713,-0.000000080337648],[0.00000011785261,-0.000000079959572],[0.000000117815432,-0.000000079531891],[0.000000117889653,-0.000000079109061],[0.000000118086758,-0.000000078647035],[0.000000118548854,-0.000000078064879],[0.000000118887921,-0.000000077843968],[0.000000119237692,-0.000000077712473],[0.000000119638316,-0.000000077655302],[0.000000120041544,-0.000000077689584],[0.000000120056802,-0.00000007691144],[0.000000119049792,-0.000000076545254],[0.000000119004018,-0.000000077048759],[0.000000118302162,-0.000000077094532],[0.000000118241131,-0.000000076285872],[0.000000117829172,-0.000000076133295],[0.000000117691853,-0.000000077033501],[0.000000115662574,-0.000000076316388],[0.00000011575412,-0.000000075568759],[0.000000112733088,-0.000000074302366],[0.000000112595768,-0.000000074454944],[0.000000112336387,-0.000000074302366],[0.00000011251948,-0.000000073722572],[0.000000116593296,-0.000000074714325],[0.000000120621338,-0.000000076087522],[0.000000120636596,-0.000000074577006],[0.000000119538039,-0.000000074180305],[0.000000119538039,-0.000000072990201],[0.000000120361957,-0.000000073097005],[0.000000120499277,-0.000000071815355],[0.000000119156596,-0.000000071418654],[0.000000118027523,-0.000000071388139],[0.000000117768142,-0.000000072364634],[0.000000118881956,-0.000000072700304],[0.000000118485255,-0.000000073951438],[0.000000116044017,-0.000000073325871],[0.000000116822162,-0.000000070640509],[0.000000115677831,-0.000000068901127],[0.000000116211852,-0.000000068550199],[0.000000116593296,-0.000000069160509],[0.000000117081543,-0.000000069007932],[0.000000117432471,-0.000000069740303],[0.00000012135371,-0.000000070548963],[0.000000122391236,-0.000000070137004],[0.000000122863358,-0.000000071811314],[0.000000121712267,-0.000000072208242],[0.000000121254535,-0.000000079074224],[0.000000122108968,-0.000000080142265],[0.000000123024432,-0.000000079684533],[0.000000123817835,-0.000000080905152],[0.000000126472681,-0.000000081027214],[0.000000127662784,-0.000000079959173],[0.00000012931062,-0.000000081515462],[0.000000128051857,-0.000000082449998],[0.000000127746702,-0.000000086508556],[0.000000128479073,-0.000000087134124],[0.000000127807733,-0.000000088431031],[0.0000001269533,-0.00000008803433],[0.000000126175155,-0.000000088110619],[0.000000122879484,-0.000000087759691],[0.000000122070824,-0.000000088537835],[0.000000120819689,-0.000000087378247],[0.000000116107468,-0.000000089263136],[0.000000115999656,-0.000000089522924],[0.000000115772989,-0.000000089690649],[0.000000115447379,-0.000000089707713],[0.000000115173925,-0.00000008953013],[0.00000011507433,-0.000000089334664],[0.000000115064369,-0.000000089106507],[0.000000115146548,-0.000000088903105],[0.000000115304355,-0.000000088750713],[0.000000115702602,-0.000000088684069],[0.000000115894023,-0.000000088771305],[0.000000116034393,-0.000000088923548],[0.000000117325667,-0.000000088202165],[0.000000117208119,-0.000000087601366],[0.00000011693958,-0.000000087750452],[0.000000116621773,-0.000000087775464],[0.000000116323171,-0.000000087663822],[0.000000116099728,-0.000000087436445],[0.000000116001355,-0.00000008718671],[0.000000115999013,-0.000000086918309],[0.000000116086489,-0.00000008667797],[0.000000116260808,-0.000000086473869],[0.000000116596384,-0.000000086320938],[0.000000116951838,-0.000000086345794],[0.000000117254017,-0.000000086534616],[0.000000117432466,-0.00000008684424],[0.000000119660101,-0.000000085867731]],[[0.000000123001546,-0.000000083186184],[0.000000122787937,-0.000000085184948],[0.00000012358134,-0.000000086169072],[0.000000125664021,-0.00000008624536],[0.000000126419279,-0.00000008550536],[0.000000126556598,-0.000000083460823],[0.000000125709794,-0.000000082560617],[0.000000123871237,-0.000000082385153],[0.000000123001546,-0.000000083186184]]]]}},
{"type":"Feature","properties":{"fid":521},"geometry":{"type":"MultiPolygon","coordinates":[[[[0.013104259614548,-0.014316459509239],[0.013133575906549,-0.014365319994377],[0.013186345232151,-0.014646756388565],[0.013444328601759,-0.014795292263134],[0.013403285792957,-0.014441542351171],[0.013510778863627,-0.014420043737719],[0.013477553732693,-0.014263690185279],[0.013436510923892,-0.014167923634357],[0.013379832759357,-0.014099518955103],[0.013104259614548,-0.014316459509239]]]]}},
{"type":"Feature","properties":{"fid":522},"geometry":{"type":"MultiPolygon","coordinates":[[[[0.01335308780917,-0.020771292053961],[0.013561532788882,-0.020815039762871],[0.013561532788882,-0.020961723257365],[0.01335308780917,-0.020876801234254],[0.01335308780917,-0.020771292053961]]]]}},
{"type":"Feature","properties":{"fid":523},"geometry":{"type":"MultiPolygon","coordinates":[[[[0.016459175346366,-0.014003264015908],[0.016502923058158,-0.01401613098958],[0.016515790032214,-0.014463901672909],[0.016353666159104,-0.014533383330589],[0.016343372579859,-0.014214282384034],[0.016142647784581,-0.014211708989302],[0.016132354205335,-0.014039291542187],[0.016459175346366,-0.014003264015908]]]]}},
{"type":"Feature","properties":{"fid":524},"geometry":{"type":"MultiPolygon","coordinates":[[[[0.016132354205335,-0.023445049063576],[0.016199262470428,-0.023447622458172],[0.016186395496372,-0.023547984847371],[0.016142647784581,-0.023537691268995],[0.016132354205335,-0.023445049063576]]]]}},
{"type":"Feature","properties":{"fid":525},"geometry":{"type":"MultiPolygon","coordinates":[[[[0.01630477165769,-0.021553604023217],[0.016338225790237,-0.021584484758764],[0.016438588187876,-0.021846971010659],[0.016564684533628,-0.021787782934291],[0.016572404718062,-0.021926746243988],[0.016556964349194,-0.021957626979459],[0.016281611104389,-0.022160925154481],[0.016183822101561,-0.022173792127574],[0.016132354205335,-0.021656539808349],[0.01630477165769,-0.021553604023217]]]]}},
{"type":"Feature","properties":{"fid":526},"geometry":{"type":"MultiPolygon","coordinates":[[[[0.01742419840059,-0.013810259410749],[0.017864248913316,-0.013799965831802],[0.01787196909775,-0.013897754831774],[0.017823074596336,-0.013959516305419],[0.017823074596336,-0.014000690621174],[0.01778962046379,-0.013998117226439],[0.017622349801058,-0.014173108068317],[0.017174579103898,-0.014716094356237],[0.017128257997295,-0.014731534724594],[0.017004735046354,-0.014520516356946],[0.016958413939751,-0.014373832857367],[0.016948120360506,-0.014258030094475],[0.017102524049182,-0.014229722752426],[0.017290381870404,-0.014101053015795],[0.017380450688799,-0.013972383279093],[0.01742419840059,-0.013810259410749]]]]}},
{"type":"Feature","properties":{"fid":527},"geometry":{"type":"MultiPolygon","coordinates":[[[[0.016860624936923,-0.014340378725871],[0.016881212095413,-0.014350672304793],[0.016966134124185,-0.014605438382975],[0.017084510285503,-0.014803589776916],[0.017020175415222,-0.014885938408113],[0.016737101985983,-0.014852484276693],[0.016621299219476,-0.014535956725317],[0.016616152429853,-0.014458754883451],[0.016860624936923,-0.014340378725871]]]]}},
{"type":"Feature","properties":{"fid":528},"geometry":{"type":"MultiPolygon","coordinates":[[[[0.013504918103035,-0.021463535211169],[0.013620720869541,-0.021481548973582],[0.01359756031624,-0.021612792099676],[0.013726230056803,-0.021746608620282],[0.01373909703086,-0.021852117799908],[0.013723656661992,-0.021919026060119],[0.013649028212465,-0.021906159087004],[0.013628441053975,-0.021769769171914],[0.013587266736995,-0.021720874674021],[0.013507491497846,-0.021677126965367],[0.013504918103035,-0.021463535211169]]]]}},
{"type":"Feature","properties":{"fid":529},"geometry":{"type":"MultiPolygon","coordinates":[[[[0.023211762338254,-0.012711419315822],[0.023367452717677,-0.012783474365672],[0.023466528413673,-0.01290442391359],[0.023177021509788,-0.013004786304372],[0.023211762338254,-0.012711419315822]]]]}},
{"type":"Feature","properties":{"fid":530},"geometry":{"type":"MultiPolygon","coordinates":[[[[0.018736629754335,-0.004543464824348],[0.018996542630273,-0.004669561169692],[0.019302776612813,-0.004880579543483],[0.018777804071315,-0.004872859359077],[0.018736629754335,-0.004543464824348]]]]}},
{"type":"Feature","properties":{"fid":531},"geometry":{"type":"MultiPolygon","coordinates":[[[[0.0162841844992,-0.020534539746706],[0.016451455161932,-0.020575714061036],[0.016469468925611,-0.020678649846816],[0.016302198262879,-0.020709530582537],[0.0162841844992,-0.020534539746706]]]]}},
{"type":"Feature","properties":{"fid":532},"geometry":{"type":"MultiPolygon","coordinates":[[[[0.013188390541249,-0.02547803077909],[0.013317060281812,-0.025503764724656],[0.013376248362471,-0.025568099588547],[0.013389115336528,-0.0256272876633],[0.013172950172381,-0.025629861057853],[0.013188390541249,-0.02547803077909]]]]}},
{"type":"Feature","properties":{"fid":533},"geometry":{"type":"MultiPolygon","coordinates":[[[[0.015357762367145,-0.024083250921872],[0.015401510078936,-0.024237654596821],[0.015337175208655,-0.024245374780563],[0.015329455024221,-0.024291695883011],[0.015277987127996,-0.024317429828808],[0.015252253179883,-0.024361177536653],[0.015172477940734,-0.024340590380022],[0.015136450413376,-0.024126998629792],[0.015357762367145,-0.024083250921872]]]]}},
{"type":"Feature","properties":{"fid":534},"geometry":{"type":"MultiPolygon","coordinates":[[[[0.000000125181776,-0.000000115692755],[0.000000125760253,-0.000000115920623],[0.000000125969176,-0.000000115700422],[0.000000126243815,-0.000000115906402],[0.00000012603266,-0.000000116145178],[0.000000126312479,-0.000000116544801],[0.000000126455112,-0.000000117011333],[0.000000126754949,-0.000000117020217],[0.000000126754949,-0.000000117394031],[0.000000126461745,-0.000000117391331],[0.00000012633548,-0.000000117862558],[0.000000126051393,-0.000000118291767],[0.000000126228557,-0.000000118477331],[0.000000125961547,-0.000000118744341],[0.000000125782946,-0.000000118521042],[0.000000125444314,-0.000000118693583],[0.000000125101038,-0.000000118775997],[0.000000125122371,-0.000000119072382],[0.000000124718041,-0.000000119057125],[0.000000124720982,-0.000000118775997],[0.000000124326895,-0.000000118674079],[0.00000012399449,-0.000000118489824],[0.000000123863608,-0.000000118706197],[0.000000123596597,-0.000000118507846],[0.000000123770627,-0.000000118291767],[0.00000012348654,-0.000000117862558],[0.000000123360275,-0.000000117391331],[0.000000123077834,-0.000000117416918],[0.000000123077834,-0.000000117035474],[0.000000123363356,-0.000000117038315],[0.000000123509541,-0.000000116544801],[0.000000123796861,-0.000000116137545],[0.000000123634742,-0.000000115944546],[0.000000123894123,-0.000000115708051],[0.000000124084719,-0.000000115906001],[0.000000124748021,-0.000000115677608],[0.000000124718041,-0.00000011538001],[0.00000012513,-0.000000115402896],[0.000000125181776,-0.000000115692755]],[[0.000000124897169,-0.000000116694406],[0.000000124687973,-0.000000116736967],[0.000000124518588,-0.000000116851219],[0.00000012440076,-0.000000117029238],[0.000000124361774,-0.0000001172298],[0.00000012440076,-0.000000117430363],[0.000000124518588,-0.000000117608381],[0.000000124696606,-0.000000117726209],[0.000000124897169,-0.000000117765195],[0.000000125106364,-0.000000117722633],[0.00000012527575,-0.000000117608381],[0.000000125390002,-0.000000117438996],[0.000000125432563,-0.0000001172298],[0.000000125390002,-0.000000117020605],[0.00000012527575,-0.000000116851219],[0.000000125106364,-0.000000116736967],[0.000000124897169,-0.000000116694406]]]]}},
{"type":"Feature","properties":{"fid":535},"geometry":{"type":"MultiPolygon","coordinates":[[[[0.015277987127996,-0.007428240391727],[0.015519886240255,-0.007857997321384],[0.015517312845443,-0.007883731269254],[0.015468418344029,-0.007906891822335],[0.015401510078936,-0.007914612006695],[0.01485852377376,-0.007662419317522],[0.014804482482723,-0.007554336736402],[0.014809629272346,-0.007520882604145],[0.01485852377376,-0.007482281682307],[0.01492028524923,-0.007474561497938],[0.015139023808187,-0.007513162419777],[0.015216225652525,-0.007490001866674],[0.015277987127996,-0.007428240391727]]]]}},
{"type":"Feature","properties":{"fid":536},"geometry":{"type":"MultiPolygon","coordinates":[[[[0.021802828739346,-0.016565077754377],[0.022223578772993,-0.016738781889372],[0.02211034940614,-0.017156958510022],[0.021885177369785,-0.017106777315592],[0.021802828739346,-0.016565077754377]]]]}},
{"type":"Feature","properties":{"fid":537},"geometry":{"type":"MultiPolygon","coordinates":[[[[0.014784349617844,-0.022178614576799],[0.01483144926284,-0.022178275730458],[0.01496145956621,-0.022168645338337],[0.014966606355833,-0.022266434333813],[0.014938299012909,-0.022366796723839],[0.014819922851591,-0.022379663696915],[0.014819822740537,-0.022376460143433],[0.014807145498324,-0.022377751786881],[0.014807055877534,-0.022379663696915],[0.014701546690272,-0.022397677459218],[0.014657798978481,-0.022397677459218],[0.014585743923766,-0.022348782961532],[0.01447251455207,-0.022212393046848],[0.01461405126669,-0.022194379284521],[0.014701546690272,-0.022297315069213],[0.014704695523217,-0.022297989819079],[0.014709357215111,-0.022308958505059],[0.014864103442972,-0.022295269416708],[0.014853985420381,-0.022235156463501],[0.014781321929422,-0.022241663641306],[0.014781321929422,-0.022178938916811],[0.014784349617844,-0.022178614576799]]]]}},
{"type":"Feature","properties":{"fid":538},"geometry":{"type":"MultiPolygon","coordinates":[[[[0.014518835658673,-0.024541315157038],[0.014606331082256,-0.024628810572566],[0.014601184292633,-0.02481152158716],[0.014505968684616,-0.02480894819259],[0.01447251455207,-0.024587636259383],[0.014518835658673,-0.024541315157038]]]]}},
{"type":"Feature","properties":{"fid":539},"geometry":{"type":"MultiPolygon","coordinates":[[[[0.01463463842518,-0.023568572004121],[0.014647505399236,-0.023694668339148],[0.014505968684616,-0.023761576598503],[0.01447251455207,-0.023568572004121],[0.01463463842518,-0.023568572004121]]]]}},
{"type":"Feature","properties":{"fid":540},"geometry":{"type":"MultiPolygon","coordinates":[[[[0.021995833341936,-0.011509644017228],[0.022181117760423,-0.011543098147667],[0.022143803537255,-0.011786283941891],[0.022120642984945,-0.012189020203813],[0.021724340200959,-0.012143985797558],[0.021684452583091,-0.011948407804589],[0.021796395252593,-0.011921387160812],[0.021921204895601,-0.011839038532144],[0.02198296636843,-0.011684634853325],[0.021995833341936,-0.011509644017228]]]]}},
{"type":"Feature","properties":{"fid":541},"geometry":{"type":"MultiPolygon","coordinates":[[[[0.016150367969014,-0.015271947616434],[0.016289331288823,-0.015325988905544],[0.016214702839296,-0.015500979746378],[0.016104046862412,-0.0154598054309],[0.016150367969014,-0.015271947616434]]]]}},
{"type":"Feature","properties":{"fid":542},"geometry":{"type":"MultiPolygon","coordinates":[[[[0.020220362211938,-0.011120348382329],[0.020131016785938,-0.010920342928276],[0.020225013906747,-0.010905299597539],[0.020360441880243,-0.010871442604776],[0.020445363909015,-0.010994965553468],[0.020553446491088,-0.011051580238268],[0.020594620808068,-0.011205983924031],[0.020260079482603,-0.011211130713555],[0.020220362211938,-0.011120348382329]]]]}},
{"type":"Feature","properties":{"fid":543},"geometry":{"type":"MultiPolygon","coordinates":[[[[0.01506182196385,-0.008956836893947],[0.015092702701585,-0.009016024973878],[0.015043808200171,-0.009093226817252],[0.014956312776588,-0.008972277262625],[0.01506182196385,-0.008956836893947]]]]}},
{"type":"Feature","properties":{"fid":544},"geometry":{"type":"MultiPolygon","coordinates":[[[[0.01711796441805,-0.022410544432291],[0.017244060763802,-0.022418264616134],[0.017290381870404,-0.022595828844411],[0.017372730504365,-0.022770819677864],[0.017346996556252,-0.022809420596979],[0.017184872683143,-0.022914929775841],[0.016919813017582,-0.022662737104286],[0.01711796441805,-0.022410544432291]]]]}},
{"type":"Feature","properties":{"fid":545},"geometry":{"type":"MultiPolygon","coordinates":[[[[0.02063322084765,-0.015905002040021],[0.020731009846295,-0.016056832321486],[0.020557305703964,-0.016274284165082],[0.020428635968904,-0.016161054802765],[0.02063322084765,-0.015905002040021]]]]}},
{"type":"Feature","properties":{"fid":546},"geometry":{"type":"MultiPolygon","coordinates":[[[[0.012629963867205,-0.019018810293208],[0.012758633607768,-0.019219535077311],[0.012758633607768,-0.019273576365298],[0.012509014311075,-0.019211814893311],[0.012557908812489,-0.019059984607915],[0.012629963867205,-0.019018810293208]]]]}},
{"type":"Feature","properties":{"fid":547},"geometry":{"type":"MultiPolygon","coordinates":[[[[0.015267693548751,-0.009963034251424],[0.015342321998277,-0.010112291148187],[0.014956312776588,-0.010014502146867],[0.014976899935078,-0.010001635173007],[0.015267693548751,-0.009963034251424]]]]}},
{"type":"Feature","properties":{"fid":548},"geometry":{"type":"MultiPolygon","coordinates":[[[[0.019868923471291,-0.021484122368213],[0.019889510629781,-0.021489269157473],[0.020010460185911,-0.021715727884768],[0.020059354687325,-0.021826383853664],[0.020056781292514,-0.021877851746146],[0.019781428047708,-0.021895865508511],[0.019675918860446,-0.021617938888932],[0.019868923471291,-0.021484122368213]]]]}},
{"type":"Feature","properties":{"fid":549},"geometry":{"type":"MultiPolygon","coordinates":[[[[0.017745872751998,-0.01322352541011],[0.017833368175581,-0.013668722700199],[0.017485959876061,-0.013671296094937],[0.0174036112421,-0.013370208910402],[0.017745872751998,-0.01322352541011]]]]}},
{"type":"Feature","properties":{"fid":550},"geometry":{"type":"MultiPolygon","coordinates":[[[[0.014601184292633,-0.007855423926597],[0.014624344845935,-0.007868290900532],[0.014670665952537,-0.008244006539262],[0.014367005364808,-0.008143644142649],[0.014292376915281,-0.007919758796269],[0.014312964073772,-0.007899171637975],[0.014601184292633,-0.007855423926597]]]]}},
{"type":"Feature","properties":{"fid":551},"geometry":{"type":"MultiPolygon","coordinates":[[[[0.021258556669374,-0.00711171283249],[0.021356345672202,-0.007255822940788],[0.021456708069841,-0.007508015630199],[0.021492735597199,-0.007708740423708],[0.021490162202388,-0.007942919349348],[0.021173634640602,-0.007863144110958],[0.020975483240135,-0.007374199101142],[0.021258556669374,-0.00711171283249]]]]}},
{"type":"Feature","properties":{"fid":552},"geometry":{"type":"MultiPolygon","coordinates":[[[[0.000000169573882,-0.000000101645781],[0.000000170352027,-0.000000105963721],[0.000000175738008,-0.00000010509403],[0.000000175005637,-0.000000102256091],[0.000000174456359,-0.000000100592998],[0.000000169573882,-0.000000101645781]]]]}},
{"type":"Feature","properties":{"fid":553},"geometry":{"type":"MultiPolygon","coordinates":[[[[0.013237285042663,-0.026373572081721],[0.013404555705395,-0.02647136107415],[0.013566679578505,-0.026515108781265],[0.013641308028032,-0.026762154656445],[0.01353579884077,-0.026775021629097],[0.013144642829458,-0.02640445281618],[0.013237285042663,-0.026373572081721]]]]}},
{"type":"Feature","properties":{"fid":554},"geometry":{"type":"MultiPolygon","coordinates":[[[[0.018993968422984,-0.016391373619229],[0.019288622116271,-0.016400380500315],[0.019346523497048,-0.016664153446207],[0.019557541862547,-0.016827564002754],[0.019471333140057,-0.017088763553485],[0.019228147340793,-0.016963953915988],[0.019278328537467,-0.01674521537585],[0.019223000551391,-0.016729775008301],[0.019195979907028,-0.016808263543327],[0.019172819354717,-0.016812123635212],[0.01904929640906,-0.016731061705597],[0.01896566108127,-0.016640992894875],[0.018993968422984,-0.016391373619229]]]]}},
{"type":"Feature","properties":{"fid":555},"geometry":{"type":"MultiPolygon","coordinates":[[[[0.014544569606785,-0.025269585819818],[0.014570303554898,-0.025449723438961],[0.014536849422352,-0.025498617935543],[0.014444207209146,-0.025349361051184],[0.014544569606785,-0.025269585819818]]]]}},
{"type":"Feature","properties":{"fid":556},"geometry":{"type":"MultiPolygon","coordinates":[[[[0.019320790376492,-0.021301411349349],[0.019395418826019,-0.021324571901048],[0.019444313327433,-0.021373466399068],[0.019567836278373,-0.02157161778562],[0.019338804140171,-0.021857264589156],[0.018983675656216,-0.021610218705048],[0.019017129788763,-0.021530443471552],[0.019114918791591,-0.021414640713177],[0.019241015137343,-0.021324571901048],[0.019320790376492,-0.021301411349349]]]]}},
{"type":"Feature","properties":{"fid":557},"geometry":{"type":"MultiPolygon","coordinates":[[[[0.022578708207553,-0.008269740487107],[0.022702231158493,-0.008447304727195],[0.02271509813255,-0.008498772622858],[0.022475772415102,-0.0085373735446],[0.022331662305671,-0.008473038675027],[0.022321368726426,-0.008390690041958],[0.0222467402769,-0.008390690041958],[0.022249313671711,-0.00834436893585],[0.022578708207553,-0.008269740487107]]]]}},
{"type":"Feature","properties":{"fid":558},"geometry":{"type":"MultiPolygon","coordinates":[[[[0.012820395083238,-0.026046750974886],[0.013015973088894,-0.026059617947612],[0.013039133642196,-0.026283503272836],[0.012812674898804,-0.026309237218238],[0.012820395083238,-0.026046750974886]]]]}},
{"type":"Feature","properties":{"fid":559},"geometry":{"type":"MultiPolygon","coordinates":[[[[0.013834312638876,-0.026517682175801],[0.013901220903969,-0.026715833554887],[0.013697922713879,-0.026751861078323],[0.013628441053975,-0.026525402359407],[0.013834312638876,-0.026517682175801]]]]}},
{"type":"Feature","properties":{"fid":560},"geometry":{"type":"MultiPolygon","coordinates":[[[[0.013646454817654,-0.020547406719935],[0.01371850987237,-0.020573140666391],[0.013692775924257,-0.020668356268241],[0.013628441053975,-0.020578287455681],[0.013646454817654,-0.020547406719935]]]]}},
{"type":"Feature","properties":{"fid":561},"geometry":{"type":"MultiPolygon","coordinates":[[[[0.013345367624736,-0.025712209683548],[0.013419996074263,-0.02572765005086],[0.013401982310584,-0.025894920696619],[0.013296473123322,-0.025938668403935],[0.013296473123322,-0.025732796839964],[0.013345367624736,-0.025712209683548]]]]}},
{"type":"Feature","properties":{"fid":562},"geometry":{"type":"MultiPolygon","coordinates":[[[[0.015792666090249,-0.00440192811016],[0.015941922989302,-0.004888299727889],[0.015841560591663,-0.004929474044718],[0.015334601813844,-0.005050423600389],[0.015259973364317,-0.004569198772379],[0.015519886240255,-0.004453396006231],[0.015792666090249,-0.00440192811016]]]]}},
{"type":"Feature","properties":{"fid":563},"geometry":{"type":"MultiPolygon","coordinates":[[[[0.02145413467503,-0.008547667123731],[0.021631698917007,-0.008889928629665],[0.021443841095785,-0.008974850657405],[0.02125083648494,-0.00858884144025],[0.021276570433053,-0.008568254281991],[0.02145413467503,-0.008547667123731]]]]}},
{"type":"Feature","properties":{"fid":564},"geometry":{"type":"MultiPolygon","coordinates":[[[[0.021255983274563,-0.019942658977042],[0.021531336519368,-0.019945232371698],[0.021528763124557,-0.020097062656293],[0.021546776888236,-0.02013309018143],[0.021593097994838,-0.02012279660282],[0.021598244784461,-0.019955525950319],[0.021613685153329,-0.019945232371698],[0.021804116369362,-0.019952952555664],[0.02184014389672,-0.02003530118461],[0.0218813182137,-0.020030154395302],[0.021904478767001,-0.019958099344974],[0.02214637787926,-0.019981259896869],[0.022192698985863,-0.020009567238069],[0.021981680611339,-0.02027977367655],[0.021801542974551,-0.020465058091249],[0.02125083648494,-0.020462484696602],[0.021255983274563,-0.019942658977042]]]]}},
{"type":"Feature","properties":{"fid":565},"geometry":{"type":"MultiPolygon","coordinates":[[[[0.015766932142136,-0.023053893084468],[0.015851854170908,-0.023056466479071],[0.015890455093077,-0.023210870155161],[0.015743771588835,-0.023226310522761],[0.015766932142136,-0.023053893084468]]]]}},
{"type":"Feature","properties":{"fid":566},"geometry":{"type":"MultiPolygon","coordinates":[[[[0.018803538019428,-0.007767928503827],[0.01892963436518,-0.007824543189151],[0.018816404993484,-0.007912038611909],[0.01872633617509,-0.008107616615653],[0.018623400382639,-0.007973800086786],[0.018803538019428,-0.007767928503827]]]]}},
{"type":"Feature","properties":{"fid":567},"geometry":{"type":"MultiPolygon","coordinates":[[[[0.019109772001968,-0.017104204648845],[0.019166386687816,-0.017124791806417],[0.019166386687816,-0.01715567254277],[0.018906473811878,-0.017703805612205],[0.018623400382639,-0.017546828536145],[0.018780377466126,-0.017158245937466],[0.018939927944425,-0.017163392726858],[0.019109772001968,-0.017104204648845]]]]}},
{"type":"Feature","properties":{"fid":568},"geometry":{"type":"MultiPolygon","coordinates":[[[[0.000000133727735,-0.000000097108869],[0.000000133483611,-0.000000100618149],[0.000000136413097,-0.000000101503098],[0.000000136962375,-0.0000000982532],[0.000000133727735,-0.000000097108869]]]]}},
{"type":"Feature","properties":{"fid":569},"geometry":{"type":"MultiPolygon","coordinates":[[[[0.015341696977702,-0.018970473996522],[0.015373968165802,-0.019301678276964],[0.015565896810814,-0.019289788892549],[0.015683092178122,-0.019113146609714],[0.015888608691808,-0.018905931623849],[0.015341696977702,-0.018970473996522]]]]}},
{"type":"Feature","properties":{"fid":570},"geometry":{"type":"MultiPolygon","coordinates":[[[[0.017859102123694,-0.00673599719279],[0.018180776475102,-0.006640781585422],[0.018242537950572,-0.006867240327239],[0.018111294815198,-0.00697017611894],[0.017859102123694,-0.00673599719279]]]]}},
{"type":"Feature","properties":{"fid":571},"geometry":{"type":"MultiPolygon","coordinates":[[[[0.019781428047708,-0.008431864358495],[0.019817455575066,-0.00859913501938],[0.019789148232142,-0.008895075419226],[0.019567836278373,-0.009432914927899],[0.019495781223658,-0.009687681010667],[0.019292483033568,-0.009340272715937],[0.019364538088284,-0.009268217662171],[0.019367111483095,-0.009232190135283],[0.019259028901022,-0.009049479106009],[0.019305350007624,-0.009036612132113],[0.019346524324605,-0.008985144236524],[0.019349097719416,-0.008931102946148],[0.019300203218002,-0.008869341471423],[0.019781428047708,-0.008431864358495]]]]}},
{"type":"Feature","properties":{"fid":572},"geometry":{"type":"MultiPolygon","coordinates":[[[[0.023050925169429,-0.011299912353235],[0.02356560410967,-0.011516077503851],[0.023578471083176,-0.011608719711208],[0.023564317412319,-0.011691068339945],[0.023527003189152,-0.011769556876686],[0.023445941256064,-0.011849332110729],[0.023380319691183,-0.011873779359867],[0.023242643074669,-0.011711655497125],[0.023103679760804,-0.011590705948669],[0.023039344893274,-0.011577838975426],[0.022956996262835,-0.011527657779773],[0.023050925169429,-0.011299912353235]]]]}},
{"type":"Feature","properties":{"fid":573},"geometry":{"type":"MultiPolygon","coordinates":[[[[0.020226625350057,-0.01024353428149],[0.020481391436372,-0.010256401255341],[0.020525139148164,-0.01028213520304],[0.02053800612222,-0.010356763651356],[0.020478818041561,-0.010552341653756],[0.020409336381657,-0.010549768258989],[0.020337281326941,-0.0105008737584],[0.020247212508547,-0.010354190256587],[0.020226625350057,-0.01024353428149]]]]}},
{"type":"Feature","properties":{"fid":574},"geometry":{"type":"MultiPolygon","coordinates":[[[[0.018286285662364,-0.012652231776577],[0.018332606768966,-0.012840089593151],[0.017879689282184,-0.013066548330755],[0.017820501201525,-0.013092282278197],[0.017797340648224,-0.01308198869922],[0.017678964486905,-0.012703699671542],[0.018286285662364,-0.012652231776577]]]]}},
{"type":"Feature","properties":{"fid":575},"geometry":{"type":"MultiPolygon","coordinates":[[[[0.000000135688354,-0.000000224228704],[0.000000136024025,-0.000000224610147],[0.000000136222375,-0.000000225159426],[0.000000136283406,-0.00000022573922],[0.000000135459488,-0.000000229675716],[0.000000136176602,-0.000000229996128],[0.000000139441758,-0.000000232040665],[0.000000141226913,-0.000000231857572],[0.000000144308976,-0.000000231277778],[0.00000014664341,-0.000000230530149],[0.000000148321761,-0.000000229752005],[0.000000148581143,-0.000000225922313],[0.000000148810009,-0.000000219102105],[0.000000148138668,-0.000000218629115],[0.000000147741967,-0.000000218034063],[0.000000146322998,-0.000000218766434],[0.000000146094131,-0.000000218766434],[0.00000013922815,-0.000000222260456],[0.00000013605454,-0.000000223526848],[0.000000135688354,-0.000000224228704]]]]}},
{"type":"Feature","properties":{"fid":576},"geometry":{"type":"MultiPolygon","coordinates":[[[[0.021348625487768,-0.022608695817466],[0.021605964968895,-0.022958677484127],[0.020916295159476,-0.023066760057482],[0.020862253868439,-0.022868608672936],[0.021114446559943,-0.022757952704823],[0.021348625487768,-0.022608695817466]]]]}},
{"type":"Feature","properties":{"fid":577},"geometry":{"type":"MultiPolygon","coordinates":[[[[0.013082881353987,-0.020251466335397],[0.013144642829458,-0.02029006725515],[0.01312920246059,-0.020485645248424],[0.013044280431818,-0.020485645248424],[0.013036560247384,-0.020526819562767],[0.013121482276156,-0.020544833325289],[0.0131086153021,-0.020696663609321],[0.012956785008235,-0.020678649846816],[0.012936197849745,-0.020645195716445],[0.012951638218613,-0.020300360833749],[0.012985092351159,-0.0202926406498],[0.013010826299272,-0.02038270946252],[0.013031413457762,-0.020380136067872],[0.013013399694083,-0.02027977367655],[0.013082881353987,-0.020251466335397]]]]}},
{"type":"Feature","properties":{"fid":578},"geometry":{"type":"MultiPolygon","coordinates":[[[[0.013754537399727,-0.02306418666288],[0.013870340166234,-0.02306418666288],[0.013872913561045,-0.023131094922536],[0.013813725480386,-0.023133668317137],[0.01380085850633,-0.023177416025356],[0.013751964004916,-0.023174842630755],[0.013754537399727,-0.02306418666288]]]]}},
{"type":"Feature","properties":{"fid":579},"geometry":{"type":"MultiPolygon","coordinates":[[[[0.016788569882208,-0.004298992318006],[0.017256927737858,-0.004440529032214],[0.017290381870404,-0.004790510725409],[0.016618725824664,-0.004777643751398],[0.016531230401081,-0.004440529032214],[0.016765409328907,-0.004489423533479],[0.016788569882208,-0.004298992318006]]]]}},
{"type":"Feature","properties":{"fid":580},"geometry":{"type":"MultiPolygon","coordinates":[[[[0.018456129719907,-0.018406342360794],[0.018818978388295,-0.018897860743699],[0.018831845362352,-0.01922725526131],[0.018821551783107,-0.019250415813306],[0.018263125109062,-0.01938680573055],[0.018232244371327,-0.019036824055893],[0.018162762711423,-0.01877948458878],[0.018456129719907,-0.018406342360794]]]]}},
{"type":"Feature","properties":{"fid":581},"geometry":{"type":"MultiPolygon","coordinates":[[[[0.014048164945287,-0.019194573337138],[0.013903794298781,-0.019186080946643],[0.013947542010572,-0.018969915794481],[0.01402474385491,-0.018828379087561],[0.014444207209146,-0.018887567165014],[0.014400459497355,-0.019021383687877],[0.014328404442639,-0.01900336992519],[0.014302670494527,-0.019029103871885],[0.014369578759619,-0.019059984607915],[0.014369578759619,-0.019083145159933],[0.014282083336036,-0.019250415813306],[0.01408650533038,-0.019209241498645],[0.014118756715933,-0.019047408605692],[0.014003713517307,-0.019031777737176],[0.013998711639105,-0.019077419873238],[0.014077491220774,-0.019079295577459],[0.014048164945287,-0.019194573337138]]]]}},
{"type":"Feature","properties":{"fid":582},"geometry":{"type":"MultiPolygon","coordinates":[[[[0.017861675518505,-0.004934620834321],[0.018039239760482,-0.00494748780833],[0.018067547103406,-0.004968074966743],[0.018224524186893,-0.005557382376034],[0.017982625074635,-0.005601130087618],[0.017910570019919,-0.005516208059246],[0.017843661754826,-0.005354084186866],[0.01783079478077,-0.005243428210455],[0.01783079478077,-0.005029836441978],[0.017861675518505,-0.004934620834321]]]]}},
{"type":"Feature","properties":{"fid":583},"geometry":{"type":"MultiPolygon","coordinates":[[[[0.000000137816809,-0.000000170414667],[0.000000138106706,-0.000000173389926],[0.00000013983083,-0.000000173283122],[0.000000140883614,-0.000000171696317],[0.0000001427298,-0.000000169834873],[0.000000137816809,-0.000000170414667]]]]}},
{"type":"Feature","properties":{"fid":584},"geometry":{"type":"MultiPolygon","coordinates":[[[[0.01954767026851,-0.018519085249087],[0.019745244457456,-0.018619122807856],[0.019795263239467,-0.018491574920415],[0.019885297047088,-0.018401541117461],[0.020047858088625,-0.018326512948297],[0.020175405982755,-0.018304004497542],[0.020528038395936,-0.018306505436515],[0.020730614463083,-0.017901353322447],[0.020177906921855,-0.017651259424427],[0.019702728492746,-0.018288998863704],[0.019605191867823,-0.018376531727743],[0.01954767026851,-0.018519085249087]]]]}},
{"type":"Feature","properties":{"fid":585},"geometry":{"type":"MultiPolygon","coordinates":[[[[0.014264069572358,-0.021651393019094],[0.014423620050656,-0.021718301279395],[0.014400459497355,-0.021803223302042],[0.014246055808679,-0.021756902198786],[0.014235762229434,-0.021705434306262],[0.014264069572358,-0.021651393019094]]]]}},
{"type":"Feature","properties":{"fid":586},"geometry":{"type":"MultiPolygon","coordinates":[[[[0.000000154937053,-0.000000106270523],[0.000000156898171,-0.000000110485799],[0.000000159152329,-0.000000109989884],[0.000000158137958,-0.00000010737506],[0.000000156988337,-0.000000105211069],[0.000000154937053,-0.000000106270523]]]]}},
{"type":"Feature","properties":{"fid":587},"geometry":{"type":"MultiPolygon","coordinates":[[[[0.014840510010081,-0.00837782306804],[0.014768454955365,-0.00837782306804],[0.014719560453951,-0.00805614871994],[0.014909991669985,-0.008112763405224],[0.01506182196385,-0.008189965248781],[0.015018074252058,-0.008380396462824],[0.014904676828289,-0.008380396462824],[0.014850773141517,-0.008378234668453],[0.014840510010081,-0.00837782306804]]]]}},
{"type":"Feature","properties":{"fid":588},"geometry":{"type":"MultiPolygon","coordinates":[[[[0.015627968822328,-0.010323309519355],[0.016034565202507,-0.010508593942704],[0.01583641380204,-0.01080453434088],[0.015535326609122,-0.010686158181644],[0.015540473398745,-0.010542048074686],[0.015627968822328,-0.010323309519355]]]]}},
{"type":"Feature","properties":{"fid":589},"geometry":{"type":"MultiPolygon","coordinates":[[[[0.019531808751016,-0.020405870014354],[0.019565262883562,-0.020429030566185],[0.019889510629781,-0.020917975548496],[0.019992446422232,-0.020959149862726],[0.020157143690153,-0.020956576468087],[0.020170010664209,-0.021051792069706],[0.019899804209026,-0.021319425111782],[0.019879217050536,-0.021319425111782],[0.019706799598182,-0.021090392989265],[0.019588423436864,-0.02097459023056],[0.019426299563754,-0.020869081050332],[0.01923586834772,-0.02079702600038],[0.019202414215174,-0.020519099378829],[0.019531808751016,-0.020405870014354]]]]}},
{"type":"Feature","properties":{"fid":590},"geometry":{"type":"MultiPolygon","coordinates":[[[[0.020833946525515,-0.010462272836877],[0.021062978663718,-0.010608956338639],[0.021263703458997,-0.010683584786877],[0.021294584196732,-0.010807107735646],[0.020921441949098,-0.010765933419395],[0.020864827263251,-0.010650130654911],[0.020833946525515,-0.010462272836877]]]]}},
{"type":"Feature","properties":{"fid":591},"geometry":{"type":"MultiPolygon","coordinates":[[[[0.012676284973807,-0.011314066504017],[0.01264025744645,-0.011537951848145],[0.012424092282304,-0.011576552769529],[0.01245754641485,-0.011339800451627],[0.012676284973807,-0.011314066504017]]]]}},
{"type":"Feature","properties":{"fid":592},"geometry":{"type":"MultiPolygon","coordinates":[[[[0.019969285868931,-0.007582644079078],[0.020182877638266,-0.007791089056915],[0.020180304243454,-0.007816823004789],[0.020046487713269,-0.007930052375415],[0.019838042733556,-0.007773075293402],[0.01986635007648,-0.00770616702892],[0.019969285868931,-0.007582644079078]]]]}},
{"type":"Feature","properties":{"fid":593},"geometry":{"type":"MultiPolygon","coordinates":[[[[0.021801542974551,-0.012672818934564],[0.022172111827373,-0.01276288775074],[0.022444891677367,-0.012788621698213],[0.022537533890572,-0.012827222619417],[0.02234967606935,-0.013071695120243],[0.021827276922663,-0.012999640067393],[0.021801542974551,-0.012672818934564]]]]}},
{"type":"Feature","properties":{"fid":594},"geometry":{"type":"MultiPolygon","coordinates":[[[[0.021122166744377,-0.008578547861121],[0.021160767666546,-0.008609428598509],[0.02127142364343,-0.008843607523617],[0.021014084162304,-0.00900573139476],[0.020978056634946,-0.00900830478954],[0.020805639182592,-0.008632589151548],[0.021122166744377,-0.008578547861121]]]]}},
{"type":"Feature","properties":{"fid":595},"geometry":{"type":"MultiPolygon","coordinates":[[[[0.012575922576168,-0.020609168191422],[0.012882156558709,-0.020604021402132],[0.012874436374275,-0.020730117739681],[0.012725179475221,-0.020863934261051],[0.012586216155413,-0.020930842521694],[0.012575922576168,-0.020609168191422]]]]}},
{"type":"Feature","properties":{"fid":596},"geometry":{"type":"MultiPolygon","coordinates":[[[[0.015643409191195,-0.023483649982508],[0.015751491773268,-0.023668934393233],[0.015604808269026,-0.02369981512833],[0.015581647715725,-0.023766723387683],[0.015473565133652,-0.023771870176862],[0.015445257790728,-0.023725549074239],[0.015370629341201,-0.023738416047191],[0.015355188972334,-0.023622613290575],[0.015643409191195,-0.023483649982508]]]]}},
{"type":"Feature","properties":{"fid":597},"geometry":{"type":"MultiPolygon","coordinates":[[[[0.014266642967169,-0.020629755348579],[0.014487954920938,-0.020634902137868],[0.014482808131315,-0.020794452605739],[0.014287230125659,-0.02081246636823],[0.01420745488651,-0.020763571870034],[0.014266642967169,-0.020629755348579]]]]}},
{"type":"Feature","properties":{"fid":598},"geometry":{"type":"MultiPolygon","coordinates":[[[[0.021485015412765,-0.009273364451726],[0.021582804415593,-0.009453502086109],[0.021621405337762,-0.009659373668147],[0.021508175966067,-0.009615625956974],[0.021446414490596,-0.009507543376406],[0.021441267700974,-0.009376300242814],[0.021485015412765,-0.009273364451726]]]]}},
{"type":"Feature","properties":{"fid":599},"geometry":{"type":"MultiPolygon","coordinates":[[[[0.021037220853512,-0.014631609100786],[0.021014083263428,-0.014609297853931],[0.020895707107172,-0.014315930867341],[0.020813358476734,-0.014027710669623],[0.020800491503228,-0.013902901030322],[0.021300697797821,-0.014146109096096],[0.021223316842401,-0.014384724019495],[0.021037220853512,-0.014631609100786]]]]}},
{"type":"Feature","properties":{"fid":600},"geometry":{"type":"MultiPolygon","coordinates":[[[[0.020936881422391,-0.014740540979388],[0.021057830973348,-0.014866637315538],[0.021032097026336,-0.014991446954309],[0.020944601606495,-0.015207612101704],[0.0207413034251,-0.014959279521643],[0.020936881422391,-0.014740540979388]]]]}},
{"type":"Feature","properties":{"fid":601},"geometry":{"type":"MultiPolygon","coordinates":[[[[0.000000118012265,-0.000000154165178],[0.000000118332678,-0.00000015724724],[0.000000122528556,-0.000000158132189],[0.00000012149103,-0.000000154180435],[0.000000118012265,-0.000000154165178]]]]}},
{"type":"Feature","properties":{"fid":602},"geometry":{"type":"MultiPolygon","coordinates":[[[[0.01355638599926,-0.023432182090597],[0.013649028212465,-0.023452769247364],[0.013654175002088,-0.023473356404128],[0.013592413526618,-0.023612319712205],[0.013543519025204,-0.023666360998641],[0.01355638599926,-0.023432182090597]]]]}},
{"type":"Feature","properties":{"fid":603},"geometry":{"type":"MultiPolygon","coordinates":[[[[0.019786574837331,-0.005271735553259],[0.020203464796756,-0.005606276877216],[0.020208611586378,-0.005807001671499],[0.020221478560435,-0.005632010825205],[0.020321840958074,-0.005701492484769],[0.020311547378829,-0.005737520011947],[0.020200891401944,-0.005855896172659],[0.020046487713269,-0.005722079643157],[0.019881790445348,-0.005652597983595],[0.019719666572238,-0.005637157614802],[0.019518941776959,-0.005673185141985],[0.019477767459979,-0.005513634664446],[0.019786574837331,-0.005271735553259]]]]}},
{"type":"Feature","properties":{"fid":604},"geometry":{"type":"MultiPolygon","coordinates":[[[[0.017540001167097,-0.008568254281991],[0.017817927806714,-0.008565680887209],[0.017843661754826,-0.008609428598509],[0.017511693824173,-0.009111240580703],[0.01736243692512,-0.009023745158216],[0.01713855157654,-0.008933676340928],[0.017228620394934,-0.008776699259316],[0.017372730504365,-0.008653176309804],[0.017540001167097,-0.008568254281991]]]]}},
{"type":"Feature","properties":{"fid":605},"geometry":{"type":"MultiPolygon","coordinates":[[[[0.023252937648104,-0.020349255332087],[0.023379033993856,-0.020470204880543],[0.02338675417829,-0.020521672773475],[0.022848914662735,-0.021692567333129],[0.022769139423586,-0.021731168252526],[0.022745978870285,-0.021671980176113],[0.022758845844341,-0.021110980146359],[0.022740832080662,-0.020696663609321],[0.022856634847169,-0.020668356268241],[0.023031625694335,-0.020575714061036],[0.023191176172634,-0.02043417735548],[0.023252937648104,-0.020349255332087]]]]}},
{"type":"Feature","properties":{"fid":606},"geometry":{"type":"MultiPolygon","coordinates":[[[[0.0226353228934,-0.012852956566884],[0.022720244922172,-0.013022800620097],[0.022836047688679,-0.013138603383586],[0.022671350420758,-0.013380502489367],[0.022782006397643,-0.013537479568523],[0.022462905441046,-0.01355034654222],[0.022408864150009,-0.013138603383586],[0.0226353228934,-0.012852956566884]]]]}},
{"type":"Feature","properties":{"fid":607},"geometry":{"type":"MultiPolygon","coordinates":[[[[0.017208033236444,-0.016401667895406],[0.01742419840059,-0.016466002763041],[0.017437065374646,-0.016553498182991],[0.016994441467109,-0.017459333116645],[0.016806583645887,-0.017132511990506],[0.017208033236444,-0.016401667895406]]]]}},
{"type":"Feature","properties":{"fid":608},"geometry":{"type":"MultiPolygon","coordinates":[[[[0.022182405406618,-0.020212865415635],[0.022604442155665,-0.020248892940746],[0.022640469683023,-0.020604021402132],[0.022362543043406,-0.020658062689665],[0.022079469614167,-0.020781585632529],[0.022076896219356,-0.020349255332087],[0.022182405406618,-0.020212865415635]]]]}},
{"type":"Feature","properties":{"fid":609},"geometry":{"type":"MultiPolygon","coordinates":[[[[0.019374830838762,-0.016399093803017],[0.019666911137348,-0.016395233711123],[0.019690071689659,-0.016415820867889],[0.019587135901611,-0.016741355283963],[0.019416005153981,-0.016622979132725],[0.019367110654658,-0.016419680959782],[0.019374830838762,-0.016399093803017]]]]}},
{"type":"Feature","properties":{"fid":610},"geometry":{"type":"MultiPolygon","coordinates":[[[[0.021080992427397,-0.011272892187837],[0.021297157591543,-0.011342373846388],[0.021451561280219,-0.011417002294442],[0.021533909914179,-0.011710369296951],[0.021580231020782,-0.011972855562094],[0.021181354825036,-0.011774704165882],[0.021080992427397,-0.011272892187837]]]]}},
{"type":"Feature","properties":{"fid":611},"geometry":{"type":"MultiPolygon","coordinates":[[[[0.016356239553915,-0.015349149458015],[0.016592991876552,-0.015413484325979],[0.016546670769949,-0.015531860482981],[0.016322785421369,-0.01544951185203],[0.016356239553915,-0.015349149458015]]]]}},
{"type":"Feature","properties":{"fid":612},"geometry":{"type":"MultiPolygon","coordinates":[[[[0.016322785421369,-0.020779012237887],[0.016490056084101,-0.020750704896822],[0.016513216637403,-0.020887094812815],[0.016361386343538,-0.020897388391376],[0.016322785421369,-0.020779012237887]]]]}},
{"type":"Feature","properties":{"fid":613},"geometry":{"type":"MultiPolygon","coordinates":[[[[0.015175051335545,-0.024412645428216],[0.015329455024221,-0.024494994054676],[0.015416950447804,-0.024633957361713],[0.015236812811015,-0.024700865620605],[0.015175051335545,-0.024412645428216]]]]}},
{"type":"Feature","properties":{"fid":614},"geometry":{"type":"MultiPolygon","coordinates":[[[[0.019475194065168,-0.009991341593918],[0.019511221592526,-0.010011928752095],[0.019706799598182,-0.010382497599047],[0.019727386756672,-0.010428818704886],[0.019717093177427,-0.01045712604734],[0.019598717016109,-0.010464846231645],[0.019590996831675,-0.010488006784559],[0.019436593142999,-0.010516314127008],[0.019428872958565,-0.010534327890383],[0.019233294952909,-0.010580648996199],[0.019241015137343,-0.010593515970036],[0.019019703183574,-0.010611529733406],[0.019014556393952,-0.010634690286309],[0.018703175621789,-0.010740199471736],[0.01848186366802,-0.010230667307639],[0.018638840751507,-0.010138025095897],[0.018687735252921,-0.010192066386083],[0.018710895806222,-0.010192066386083],[0.018731482964712,-0.010156038859294],[0.018710895806222,-0.010096850779559],[0.018816404993484,-0.010053103068444],[0.019086611448667,-0.010022222331183],[0.019099478422723,-0.010109717753415],[0.019024849973197,-0.010125158122042],[0.019022276578385,-0.010181772807001],[0.019158666503382,-0.010199786570395],[0.019186973846306,-0.010305295755968],[0.019315643586869,-0.010313015940276],[0.019318216981681,-0.010140598490668],[0.019158666503382,-0.010122584727271],[0.01915351971376,-0.01003251591027],[0.019475194065168,-0.009991341593918]]]]}},
{"type":"Feature","properties":{"fid":615},"geometry":{"type":"MultiPolygon","coordinates":[[[[0.013741670425671,-0.019150053421302],[0.013857473192178,-0.019160346999972],[0.013860046586989,-0.019209241498645],[0.013834312638876,-0.019258135997304],[0.01373909703086,-0.01926070939197],[0.013715936477558,-0.019242695629308],[0.013695349319068,-0.019204094709311],[0.013741670425671,-0.019150053421302]]]]}},
{"type":"Feature","properties":{"fid":616},"geometry":{"type":"MultiPolygon","coordinates":[[[[0.015823546827984,-0.020063608525801],[0.015867294539775,-0.020076475499068],[0.015764358747325,-0.020261759913999],[0.015741198194023,-0.02026948009795],[0.015658849560063,-0.020207718626332],[0.015669143139308,-0.020171691101211],[0.015710317456288,-0.02009448926164],[0.015823546827984,-0.020063608525801]]]]}},
{"type":"Feature","properties":{"fid":617},"geometry":{"type":"MultiPolygon","coordinates":[[[[0.01337367496766,-0.020575714061036],[0.013466317180866,-0.020580860850327],[0.013466317180866,-0.020719824161109],[0.013363381388415,-0.020696663609321],[0.01337367496766,-0.020575714061036]]]]}},
{"type":"Feature","properties":{"fid":618},"geometry":{"type":"MultiPolygon","coordinates":[[[[0.015362909156767,-0.010225520518099],[0.01557135413648,-0.010302722361198],[0.015496725686953,-0.0105008737584],[0.01532688162941,-0.010459699442108],[0.015362909156767,-0.010225520518099]]]]}},
{"type":"Feature","properties":{"fid":619},"geometry":{"type":"MultiPolygon","coordinates":[[[[0.014017023670476,-0.023563425214934],[0.014174000753963,-0.023722975679648],[0.014071064961513,-0.023753856414733],[0.014055624592645,-0.023795030728168],[0.013852326402555,-0.023782163755221],[0.013847179612933,-0.023702388522921],[0.013978422748307,-0.023689521549965],[0.014017023670476,-0.023563425214934]]]]}},
{"type":"Feature","properties":{"fid":620},"geometry":{"type":"MultiPolygon","coordinates":[[[[0.014256349387924,-0.023740989441782],[0.014328404442639,-0.023820764674059],[0.014449353998769,-0.024021489451844],[0.014323257653017,-0.024165599548533],[0.014155986990284,-0.024072957343536],[0.014001583301609,-0.024062663765199],[0.013993863117175,-0.023913406879227],[0.013847179612933,-0.023897966511704],[0.013852326402555,-0.023836205041592],[0.014060771382268,-0.023846498619946],[0.014171427359152,-0.023982888533062],[0.014233188834622,-0.023928847246749],[0.014153413595473,-0.023836205041592],[0.014256349387924,-0.023740989441782]]]]}},
{"type":"Feature","properties":{"fid":621},"geometry":{"type":"MultiPolygon","coordinates":[[[[0.020460804277882,-0.012382025327843],[0.020514845568919,-0.01274230059276],[0.020136556531663,-0.012775754724477],[0.020121116162795,-0.012665098750319],[0.020190597822699,-0.012659951960823],[0.020190597822699,-0.012531282223368],[0.020123689557606,-0.012546722591866],[0.020092808819871,-0.01251841524962],[0.020085088635438,-0.012420626249107],[0.020460804277882,-0.012382025327843]]]]}},
{"type":"Feature","properties":{"fid":622},"geometry":{"type":"MultiPolygon","coordinates":[[[[0.022107776957091,-0.008117910194795],[0.022048588876432,-0.008048428535583],[0.022424304518877,-0.008043281746011],[0.022534960495761,-0.008205405617491],[0.022226153118409,-0.008272313881892],[0.022197795000615,-0.008191965882302],[0.022113777388205,-0.008197051108407],[0.022078764240797,-0.008152659439823],[0.022107776957091,-0.008117910194795]]]]}},
{"type":"Feature","properties":{"fid":623},"geometry":{"type":"MultiPolygon","coordinates":[[[[0.022787153187265,-0.019886044294614],[0.0230007449566,-0.019927218609109],[0.023196322962256,-0.020259186519348],[0.023101107354239,-0.020395576435762],[0.022990451377355,-0.020488218643071],[0.022861781636792,-0.020560273693163],[0.022733111896229,-0.020596301218197],[0.022684217394815,-0.020189704863773],[0.022758845844341,-0.020061035131147],[0.022787153187265,-0.019886044294614]]]]}},
{"type":"Feature","properties":{"fid":624},"geometry":{"type":"MultiPolygon","coordinates":[[[[0.023619645398395,-0.012353717460913],[0.023674973384471,-0.012398751867133],[0.023772762383116,-0.012548008756266],[0.023830663763894,-0.012741013354156],[0.02369427384473,-0.012667671606975],[0.023671113292419,-0.012721712894373],[0.023803643119531,-0.012806634917406],[0.023564317412319,-0.012873543177957],[0.023415060519649,-0.012698552342632],[0.02333013849451,-0.012647084449867],[0.023207902246203,-0.012611056924926],[0.02318088160184,-0.01247724040367],[0.023619645398395,-0.012353717460913]]]]}},
{"type":"Feature","properties":{"fid":625},"geometry":{"type":"MultiPolygon","coordinates":[[[[0.012799807924748,-0.018704856143246],[0.012907890506821,-0.018751177247374],[0.012887303348331,-0.018861833218298],[0.012699445527109,-0.018812938719526],[0.012712312501165,-0.018715149721942],[0.012799807924748,-0.018704856143246]]]]}},
{"type":"Feature","properties":{"fid":626},"geometry":{"type":"MultiPolygon","coordinates":[[[[0.015589367900159,-0.021898438903134],[0.015604808269026,-0.02213776460291],[0.015483858712897,-0.02220981965223],[0.015478711923274,-0.021939613217102],[0.015589367900159,-0.021898438903134]]]]}},
{"type":"Feature","properties":{"fid":627},"geometry":{"type":"MultiPolygon","coordinates":[[[[0.014333551232262,-0.021965347163325],[0.014408179681788,-0.021929319638611],[0.014413326471411,-0.022078576526657],[0.01433097783745,-0.022032255423486],[0.014333551232262,-0.021965347163325]]]]}},
{"type":"Feature","properties":{"fid":628},"geometry":{"type":"MultiPolygon","coordinates":[[[[0.018613106803394,-0.009458648875662],[0.018878166468955,-0.009945020488017],[0.018692882042544,-0.010004208567779],[0.018456129719907,-0.010140598490668],[0.01825797831944,-0.009785470012083],[0.018613106803394,-0.009458648875662]]]]}},
{"type":"Feature","properties":{"fid":629},"geometry":{"type":"MultiPolygon","coordinates":[[[[0.013239858437474,-0.019507755279712],[0.013443156627564,-0.019523195647684],[0.013512638287468,-0.019690466300623],[0.013183243751627,-0.019752227772434],[0.013208977699739,-0.019577236935575],[0.013239858437474,-0.019507755279712]]]]}},
{"type":"Feature","properties":{"fid":630},"geometry":{"type":"MultiPolygon","coordinates":[[[[0.013196110725683,-0.020305507623049],[0.013319633676624,-0.020349255332087],[0.013299046518133,-0.020506232405597],[0.013183243751627,-0.020493365432364],[0.013196110725683,-0.020305507623049]]]]}},
{"type":"Feature","properties":{"fid":631},"geometry":{"type":"MultiPolygon","coordinates":[[[[0.015283133917618,-0.02085878747177],[0.015396363289314,-0.020871654444973],[0.01542981742186,-0.021059512253619],[0.015620248637894,-0.021049218675068],[0.015648555980818,-0.021141860881995],[0.01518534491479,-0.021213915931788],[0.015146743992621,-0.021121273724905],[0.015308867865731,-0.021074952621442],[0.015283133917618,-0.02085878747177]]]]}},
{"type":"Feature","properties":{"fid":632},"geometry":{"type":"MultiPolygon","coordinates":[[[[0.021500455781633,-0.006903267854337],[0.021662579654743,-0.007065391726242],[0.021948226478793,-0.007412800022989],[0.021554497072669,-0.007490001866674],[0.021472148438709,-0.007227515598091],[0.021356345672202,-0.007031937593949],[0.021364065856636,-0.007003630251237],[0.021500455781633,-0.006903267854337]]]]}},
{"type":"Feature","properties":{"fid":633},"geometry":{"type":"MultiPolygon","coordinates":[[[[0.017514267218984,-0.004003051915487],[0.01760019012163,-0.004035747251612],[0.017647574504821,-0.0040537779313],[0.017949170942088,-0.004188336341425],[0.018036666365671,-0.004849698805859],[0.017866822308128,-0.004834258437047],[0.017817927806714,-0.004638680432059],[0.01768925806615,-0.004481703349069],[0.017542574561908,-0.004396781320552],[0.017354716740686,-0.004389061136141],[0.017262074527481,-0.003910409702503],[0.017514267218984,-0.004003051915487]]]]}},
{"type":"Feature","properties":{"fid":634},"geometry":{"type":"MultiPolygon","coordinates":[[[[0.017316115818517,-0.015845814638185],[0.017552868141153,-0.015953897216096],[0.017480813086438,-0.016123741266985],[0.017262074527481,-0.01605940639924],[0.017316115818517,-0.015845814638185]]]]}},
{"type":"Feature","properties":{"fid":635},"geometry":{"type":"MultiPolygon","coordinates":[[[[0.01176530321062,-0.01953091583167],[0.011914560109673,-0.019574663540914],[0.011888826161561,-0.019685319511304],[0.01170354173515,-0.019649291986069],[0.01176530321062,-0.01953091583167]]]]}},
{"type":"Feature","properties":{"fid":636},"geometry":{"type":"MultiPolygon","coordinates":[[[[0.011775596789865,-0.011486483952959],[0.011793610553544,-0.011504497716275],[0.011778170184676,-0.01165375461228],[0.011721555498828,-0.011718089481224],[0.011747289446941,-0.011839039034797],[0.011695821550716,-0.012163286773903],[0.011371573804496,-0.01216071337915],[0.011402454542232,-0.011905947298454],[0.011477082991758,-0.011733529849768],[0.011608326127133,-0.011581699559046],[0.011775596789865,-0.011486483952959]]]]}},
{"type":"Feature","properties":{"fid":637},"geometry":{"type":"MultiPolygon","coordinates":[[[[0.020141703321285,-0.007464267918781],[0.020203464796756,-0.007477134892728],[0.020206038191567,-0.007701020239344],[0.020216331770812,-0.007482281682307],[0.02027294645666,-0.007520882604145],[0.02033470793213,-0.007628965185273],[0.020342428116564,-0.007659845922733],[0.020249785903358,-0.007749914740313],[0.020218905165623,-0.00774219455595],[0.02002847394959,-0.007562056920768],[0.020141703321285,-0.007464267918781]]]]}},
{"type":"Feature","properties":{"fid":638},"geometry":{"type":"MultiPolygon","coordinates":[[[[0.022318795331615,-0.009669667247245],[0.022336809095294,-0.009674814036795],[0.022478345809913,-0.01003251591027],[0.02251179994246,-0.01040051136243],[0.022465478835857,-0.010621823312474],[0.022367689833029,-0.010830268288534],[0.022303354962747,-0.010897176552424],[0.022102630167469,-0.010807107735646],[0.021991974190584,-0.010693878365943],[0.022035721902376,-0.010624396707241],[0.022141231089638,-0.01028728199258],[0.022164391642939,-0.01003251591027],[0.022151524668883,-0.009836937907554],[0.022318795331615,-0.009669667247245]]]]}},
{"type":"Feature","properties":{"fid":639},"geometry":{"type":"MultiPolygon","coordinates":[[[[0.017457659283977,-0.009775446030551],[0.017255038735279,-0.009621171408804],[0.01745461055642,-0.009288268630838],[0.017542931702798,-0.009340072379471],[0.017665222520858,-0.009421599590419],[0.017715327786592,-0.009463212437666],[0.017457659283977,-0.009775446030551]]]]}},
{"type":"Feature","properties":{"fid":640},"geometry":{"type":"MultiPolygon","coordinates":[[[[0.015625395427516,-0.021221636115692],[0.015666569744497,-0.021298837954715],[0.015702597271854,-0.021502136130624],[0.015604808269026,-0.021527870076923],[0.015563633952046,-0.021414640713177],[0.015491578897331,-0.02141978750244],[0.01545040458035,-0.02125509024594],[0.015625395427516,-0.021221636115692]]]]}},
{"type":"Feature","properties":{"fid":641},"geometry":{"type":"MultiPolygon","coordinates":[[[[0.017413904821345,-0.004906313491502],[0.017774180094922,-0.004937194229123],[0.017779326884545,-0.005351510792066],[0.017815354411902,-0.005477607137255],[0.017884836071806,-0.005611423666814],[0.017658377328415,-0.005673185141985],[0.017622349801058,-0.005644877799199],[0.017540001167097,-0.005475033742455],[0.017457652533137,-0.00522026765725],[0.017413904821345,-0.004906313491502]]]]}},
{"type":"Feature","properties":{"fid":642},"geometry":{"type":"MultiPolygon","coordinates":[[[[0.014318110863394,-0.009409754374911],[0.01461405126669,-0.009427768138346],[0.014832789825647,-0.009507543376406],[0.015072115543095,-0.009695401194991],[0.015167331151111,-0.009813777354593],[0.015200785283658,-0.009888405803017],[0.014902271485551,-0.009939873698472],[0.014861097168571,-0.009975901225285],[0.014482808131315,-0.009896125987336],[0.014415899866222,-0.009746869090475],[0.014302670494527,-0.009602758983099],[0.014318110863394,-0.009409754374911]]]]}},
{"type":"Feature","properties":{"fid":643},"geometry":{"type":"MultiPolygon","coordinates":[[[[0.01903257015763,-0.01257502993411],[0.019400565615641,-0.012701126276794],[0.019714519782615,-0.012914718040793],[0.019735106941106,-0.012968759330451],[0.019655331701956,-0.013161763936277],[0.019436593142999,-0.013102575857173],[0.019086611448667,-0.013087135488709],[0.019066024290177,-0.012850383172137],[0.019343950929793,-0.012935305198759],[0.019369684877906,-0.012930158409267],[0.01937740506234,-0.012891557488079],[0.019130359160458,-0.012801488671948],[0.019055730710932,-0.012796341882454],[0.01903257015763,-0.01257502993411]]]]}},
{"type":"Feature","properties":{"fid":644},"geometry":{"type":"MultiPolygon","coordinates":[[[[0.01209811309103,-0.020562260971862],[0.012004628928067,-0.02044447093407],[0.011855372029014,-0.020171691101211],[0.011857945423825,-0.02013309018143],[0.012048376639859,-0.02013309018143],[0.012112711510141,-0.020261759913999],[0.012128151879008,-0.020344108542789],[0.012058670219104,-0.020326094780245],[0.012043229850236,-0.020359548910683],[0.012058670219104,-0.02038270946252],[0.012128151879008,-0.020369842489277],[0.012214291590844,-0.020489825146056],[0.012171775626134,-0.020536092516451],[0.01215176811333,-0.020596115050998],[0.012144265296028,-0.020626126318263],[0.01209811309103,-0.020562260971862]]]]}},
{"type":"Feature","properties":{"fid":645},"geometry":{"type":"MultiPolygon","coordinates":[[[[0.016842611173244,-0.015251360458674],[0.017027895599655,-0.01533885587914],[0.017308395634083,-0.015426351299569],[0.017226047000123,-0.015861255006461],[0.017099950654371,-0.015706851323644],[0.016801436856264,-0.015711998113073],[0.016598138666174,-0.015650236639916],[0.016708794643059,-0.015398043957669],[0.016842611173244,-0.015251360458674]]]]}},
{"type":"Feature","properties":{"fid":646},"geometry":{"type":"MultiPolygon","coordinates":[[[[0.016896652464281,-0.013547773147481],[0.016922386412394,-0.013568360305394],[0.016932679991639,-0.013702176831791],[0.016598138666174,-0.013712470410741],[0.016605858850608,-0.013650708937032],[0.016896652464281,-0.013547773147481]]]]}},
{"type":"Feature","properties":{"fid":647},"geometry":{"type":"MultiPolygon","coordinates":[[[[0.017148845155785,-0.018460383649034],[0.017288044683634,-0.018714913513914],[0.017303702660518,-0.018743544521496],[0.017290945037265,-0.01875544014254],[0.017257435287157,-0.018786685718667],[0.017241417654029,-0.018769956191633],[0.017173028592512,-0.018698527620089],[0.017027345581736,-0.018838362035339],[0.017001714264123,-0.018862964357118],[0.016920206461045,-0.018744190639673],[0.016749968960039,-0.018519571726611],[0.016801436856264,-0.018444943280967],[0.017148845155785,-0.018097534999112],[0.017359863530309,-0.018437223096933],[0.017442212164269,-0.018607067145602],[0.017485959876061,-0.018766617615414],[0.017501400244928,-0.018941608453106],[0.017480813086438,-0.01908829194927],[0.017398464452478,-0.019193801130644],[0.017323836002951,-0.019245269023974],[0.017264647922292,-0.019196374525311],[0.017048482758146,-0.018910727717055],[0.017172005709086,-0.018784631378126],[0.017256927737858,-0.01885153963961],[0.017359863530309,-0.018761470826068],[0.017247839149556,-0.018541352756253],[0.017194286574867,-0.018435929028317],[0.017164904664853,-0.018451741110771],[0.017148845155785,-0.018460383649034]]]]}},
{"type":"Feature","properties":{"fid":648},"geometry":{"type":"MultiPolygon","coordinates":[[[[0.018847285731219,-0.005562529165632],[0.018870446284521,-0.005577969534427],[0.018939927944425,-0.005835309014277],[0.018427822376983,-0.005804428276701],[0.018381501270381,-0.005629437430406],[0.018847285731219,-0.005562529165632]]]]}},
{"type":"Feature","properties":{"fid":649},"geometry":{"type":"MultiPolygon","coordinates":[[[[0.018857579310464,-0.0194537139918],[0.018852432520842,-0.019680172721985],[0.018821551783107,-0.019693039695282],[0.018813831598673,-0.01979597548162],[0.018680015068487,-0.019767668140384],[0.018659427909997,-0.01981656263888],[0.018674868278865,-0.019852590164079],[0.018798391229805,-0.019886044294614],[0.018757216912825,-0.020256613124698],[0.018695455437355,-0.020552553509226],[0.018556492117546,-0.020300360833749],[0.018643987541129,-0.020151103943996],[0.018605386618961,-0.020109929629557],[0.018571932486414,-0.020117649813515],[0.018528184774623,-0.020197425047727],[0.01850245082651,-0.020205145231681],[0.018381501270381,-0.019965819528939],[0.018857579310464,-0.0194537139918]]]]}},
{"type":"Feature","properties":{"fid":650},"geometry":{"type":"MultiPolygon","coordinates":[[[[0.019147063289042,-0.012414789925708],[0.019590996831675,-0.012379451933091],[0.019619304174599,-0.012448933591365],[0.01968363904488,-0.012451506986115],[0.019729960151483,-0.01282464922467],[0.019446886722244,-0.012634218013337],[0.019158666503382,-0.012523562039119],[0.019147063289042,-0.012414789925708]]]]}},
{"type":"Feature","properties":{"fid":651},"geometry":{"type":"MultiPolygon","coordinates":[[[[0.0243800835326,-0.01635791948948],[0.024320895454473,-0.016960093824105],[0.024032675247938,-0.017006414926692],[0.024046828918795,-0.016773522716352],[0.024009514695627,-0.0165123231652],[0.0243800835326,-0.01635791948948]]]]}},
{"type":"Feature","properties":{"fid":652},"geometry":{"type":"MultiPolygon","coordinates":[[[[0.018358340717079,-0.015017181539019],[0.018386648060003,-0.015035195302078],[0.018407235218493,-0.015248787063954],[0.018049533339727,-0.015248787063954],[0.018052106734539,-0.015058355854581],[0.018358340717079,-0.015017181539019]]]]}},
{"type":"Feature","properties":{"fid":653},"geometry":{"type":"MultiPolygon","coordinates":[[[[0.018790671045372,-0.020676076452172],[0.019120065581213,-0.020562847087809],[0.019135505950081,-0.020596301218197],[0.019148372924137,-0.020802172789664],[0.019024849973197,-0.020851067287848],[0.019017129788763,-0.020897388391376],[0.018952794918481,-0.020809892973588],[0.018947648128859,-0.020827906736078],[0.018916767391124,-0.020827906736078],[0.018999116025084,-0.021013191150138],[0.018999116025084,-0.021103259962449],[0.018955368313292,-0.021216489326423],[0.019006836209518,-0.02125509024594],[0.019048010526498,-0.021165021433718],[0.019058304105743,-0.021095539778538],[0.019022276578385,-0.020912828759216],[0.019068597684988,-0.020935989310973],[0.019120065581213,-0.020907681969936],[0.019125212370836,-0.020884521418175],[0.019181827056684,-0.020879374628894],[0.019212707794419,-0.020887094812815],[0.019271895875078,-0.021226782904962],[0.019130359160458,-0.021303984743982],[0.01897080868216,-0.021463535211169],[0.018690308647732,-0.021345159058111],[0.018672294884053,-0.021316851717149],[0.018790671045372,-0.020676076452172]]]]}},
{"type":"Feature","properties":{"fid":654},"geometry":{"type":"MultiPolygon","coordinates":[[[[0.018860152705276,-0.00674371737717],[0.018996542630273,-0.006910988038715],[0.019084038053856,-0.007122006411656],[0.019009409604329,-0.007173474307481],[0.018865299494898,-0.007340744968871],[0.018793244440183,-0.007361332127192],[0.01872633617509,-0.00732273120534],[0.018677441673676,-0.007253249545998],[0.018672294884053,-0.006952162355394],[0.01868516185811,-0.006898121064752],[0.018860152705276,-0.00674371737717]]]]}},
{"type":"Feature","properties":{"fid":655},"geometry":{"type":"MultiPolygon","coordinates":[[[[0.020728437338254,-0.006710263244854],[0.021011510767493,-0.007016497225197],[0.020759318075989,-0.00726096973037],[0.020664102467972,-0.007168327517899],[0.020635795125048,-0.007088552279367],[0.020643515309482,-0.007008777040821],[0.020702703390141,-0.006929001802262],[0.020674396047217,-0.006864666932447],[0.020674396047217,-0.006797758667829],[0.020728437338254,-0.006710263244854]]]]}},
{"type":"Feature","properties":{"fid":656},"geometry":{"type":"MultiPolygon","coordinates":[[[[0.021158194271735,-0.007953212928494],[0.021389799804749,-0.00799181385029],[0.021469575043898,-0.008025267982509],[0.021472148438709,-0.008043281746011],[0.021176208035414,-0.008295474434951],[0.021093859401453,-0.008334075356714],[0.020939455712777,-0.008084456062583],[0.021044964900039,-0.007989240455503],[0.021158194271735,-0.007953212928494]]]]}},
{"type":"Feature","properties":{"fid":657},"geometry":{"type":"MultiPolygon","coordinates":[[[[0.014197161307265,-0.021828957248289],[0.014225468650189,-0.021841824221411],[0.014251202598301,-0.021957626979459],[0.014153413595473,-0.021965347163325],[0.014122532857738,-0.021862411378404],[0.014197161307265,-0.021828957248289]]]]}},
{"type":"Feature","properties":{"fid":658},"geometry":{"type":"MultiPolygon","coordinates":[[[[0.014606331082256,-0.025256718847012],[0.014735000822819,-0.025405975731478],[0.014714413664329,-0.025449723438961],[0.01461405126669,-0.025393108758686],[0.014606331082256,-0.025256718847012]]]]}},
{"type":"Feature","properties":{"fid":659},"geometry":{"type":"MultiPolygon","coordinates":[[[[0.016190089527999,-0.008765984935187],[0.01617395393395,-0.008823733376369],[0.016151024405563,-0.008884029542887],[0.016131491844345,-0.008917999214161],[0.016417686328279,-0.009064068800602],[0.016437218889497,-0.00899697869986],[0.016448259032795,-0.00888997423536],[0.016444012823834,-0.008849210629829],[0.016190089527999,-0.008765984935187]]]]}},
{"type":"Feature","properties":{"fid":660},"geometry":{"type":"MultiPolygon","coordinates":[[[[0.016338225790237,-0.023326672912119],[0.016392267081273,-0.023450195852768],[0.016271317525144,-0.023584012371682],[0.016237863392597,-0.023563425214934],[0.016255877156276,-0.02339358117165],[0.016338225790237,-0.023326672912119]]]]}},
{"type":"Feature","properties":{"fid":661},"geometry":{"type":"MultiPolygon","coordinates":[[[[0.013965555774251,-0.020549980114581],[0.014176574148775,-0.020549980114581],[0.014189441122831,-0.020586007639617],[0.014127679647361,-0.020745558107537],[0.014027317249721,-0.020822759946796],[0.01398356953793,-0.020717250766466],[0.014042757618589,-0.020668356268241],[0.013970702563873,-0.020683796636103],[0.01394239522095,-0.020601448007487],[0.013965555774251,-0.020549980114581]]]]}},
{"type":"Feature","properties":{"fid":662},"geometry":{"type":"MultiPolygon","coordinates":[[[[0.014817349456779,-0.026296370245538],[0.014956312776588,-0.026347838136332],[0.014917711854419,-0.026445627128782],[0.014855950378948,-0.02647908125776],[0.01475816137612,-0.02640445281618],[0.014817349456779,-0.026296370245538]]]]}},
{"type":"Feature","properties":{"fid":663},"geometry":{"type":"MultiPolygon","coordinates":[[[[0.016555921869445,-0.020382910006307],[0.016688471641776,-0.021113184175789],[0.017181156644589,-0.02078806211445],[0.016996087151147,-0.02039791563996],[0.017068614385063,-0.020362902494767],[0.01714114161898,-0.020525463525956],[0.017648391705025,-0.020192350962698],[0.01757380408338,-0.020130315172935],[0.017471265580256,-0.020210345219195],[0.017283695147713,-0.020172831135016],[0.017168651949086,-0.020222849913919],[0.016978580577443,-0.020107806722418],[0.016555921869445,-0.020382910006307]]]]}},
{"type":"Feature","properties":{"fid":664},"geometry":{"type":"MultiPolygon","coordinates":[[[[0.017920863599164,-0.023885099538766],[0.017962037916144,-0.023941714219683],[0.018039239760482,-0.024181039916027],[0.01789255625624,-0.024188760099773],[0.01787196909775,-0.024124425235209],[0.017812781017091,-0.024116705051459],[0.01781020762228,-0.024289122488431],[0.017884836071806,-0.02430198946133],[0.017897703045863,-0.024242801385982],[0.018049533339727,-0.024245374780563],[0.018082987472274,-0.02443837937399],[0.017727858988319,-0.024446099557721],[0.017560588325587,-0.024471833503489],[0.017537427772286,-0.024188760099773],[0.017920863599164,-0.023885099538766]]]]}},
{"type":"Feature","properties":{"fid":665},"geometry":{"type":"MultiPolygon","coordinates":[[[[0.000000140074954,-0.00000008375072],[0.000000140952274,-0.000000085497731],[0.000000141417635,-0.000000085154432],[0.00000014205846,-0.000000084170308],[0.000000141425264,-0.000000082972576],[0.000000140074954,-0.00000008375072]]]]}},
{"type":"Feature","properties":{"fid":666},"geometry":{"type":"MultiPolygon","coordinates":[[[[0.019279616059512,-0.020869081050332],[0.019434019748188,-0.020943709494891],[0.019588423436864,-0.021059512253619],[0.01948034085479,-0.021147007671267],[0.019426299563754,-0.021260237035209],[0.019331083955737,-0.021221636115692],[0.019282189454323,-0.020997750782308],[0.019279616059512,-0.020869081050332]]]]}},
{"type":"Feature","properties":{"fid":667},"geometry":{"type":"MultiPolygon","coordinates":[[[[0.016065445940243,-0.026201154647513],[0.016410280844952,-0.026188287674801],[0.016312491842124,-0.026311810612778],[0.016206982654862,-0.026268062905592],[0.016140074389769,-0.026345264741792],[0.016057725755809,-0.026311810612778],[0.016065445940243,-0.026201154647513]]]]}},
{"type":"Feature","properties":{"fid":668},"geometry":{"type":"MultiPolygon","coordinates":[[[[0.015087555911962,-0.024410072033638],[0.015108143070452,-0.024422939006526],[0.015167331151111,-0.024713732593465],[0.015108143070452,-0.02476005369575],[0.014909991669985,-0.024531021578736],[0.01496145956621,-0.024476980292642],[0.015087555911962,-0.024410072033638]]]]}},
{"type":"Feature","properties":{"fid":669},"geometry":{"type":"MultiPolygon","coordinates":[[[[0.023561744017618,-0.015271946966958],[0.023574610991124,-0.015766038731463],[0.023274810508434,-0.015755745153048],[0.023227202706462,-0.015624502028207],[0.023407340335546,-0.015485538719464],[0.02339576005939,-0.015342715318715],[0.023561744017618,-0.015271946966958]]]]}},
{"type":"Feature","properties":{"fid":670},"geometry":{"type":"MultiPolygon","coordinates":[[[[0.020633321990511,-0.014926832074099],[0.020571459374821,-0.01496828640279],[0.020299966233844,-0.015123976776845],[0.020237212369716,-0.014993762513276],[0.020196980636647,-0.014903860025759],[0.020146150145101,-0.014790273379465],[0.020064500618684,-0.014626024918945],[0.020164863012031,-0.014599004275461],[0.020195895945129,-0.014695783069114],[0.020249308373581,-0.014862354188005],[0.020371617411371,-0.014818608621212],[0.020334121210005,-0.014735581320949],[0.020288590108346,-0.014748972820993],[0.020231710043487,-0.014571351304858],[0.020373321313014,-0.014545861277166],[0.020469821748282,-0.014845391621291],[0.020540350317518,-0.014826643521236],[0.020446649731812,-0.014533382712701],[0.020595906624482,-0.014501215279968],[0.020677836389194,-0.014716833220885],[0.020749257725129,-0.014690050220791],[0.020696891067508,-0.014564464096467],[0.020668413856156,-0.014496169827378],[0.020662802439305,-0.01448271248397],[0.020800491503228,-0.014453607479516],[0.020884178880248,-0.014666412517067],[0.020633321990511,-0.014926832074099]]]]}},
{"type":"Feature","properties":{"fid":671},"geometry":{"type":"MultiPolygon","coordinates":[[[[0.016582698297307,-0.00361189590504],[0.017146271760974,-0.00385636841159],[0.017236340579368,-0.004342740029673],[0.016798863461453,-0.004203776710251],[0.016791143277019,-0.004026212468732],[0.016541523980327,-0.003949010624581],[0.016582698297307,-0.00361189590504]]]]}},
{"type":"Feature","properties":{"fid":672},"geometry":{"type":"MultiPolygon","coordinates":[[[[0.019916530423365,-0.014019990485751],[0.02022662448486,-0.01408046525941],[0.020263938708027,-0.014233582239458],[0.020330846970258,-0.014220715266349],[0.02031283320735,-0.014093332232528],[0.020701415807231,-0.014142226730366],[0.020772184161515,-0.014382839127474],[0.020046486855775,-0.01455010977772],[0.019916530423365,-0.014019990485751]]]]}},
{"type":"Feature","properties":{"fid":673},"geometry":{"type":"MultiPolygon","coordinates":[[[[0.020111149330434,-0.008416195618423],[0.020193189677524,-0.008526500252127],[0.020304659908931,-0.008676373862812],[0.020458215781192,-0.00893527620252],[0.020390365512054,-0.008954917069663],[0.020304659908931,-0.008994198803945],[0.020249308373581,-0.009042408205104],[0.020198318007133,-0.009080359843357],[0.020146850110908,-0.009178148844944],[0.020113395978361,-0.009180722239722],[0.020085088635438,-0.009152414897161],[0.02009023542506,-0.009023745158216],[0.020013033580722,-0.009018598368657],[0.019989873027421,-0.009203882792726],[0.020002740001477,-0.009245057109172],[0.020136556531663,-0.009278511241282],[0.020139129926474,-0.009420047954017],[0.020193171217511,-0.009661947062922],[0.020170010664209,-0.009687681010667],[0.019922964762328,-0.009785470012083],[0.01960129041092,-0.009883259013471],[0.019583276647241,-0.009795763591178],[0.01966305188639,-0.00950496998163],[0.019881790445348,-0.008979997446965],[0.019912671183083,-0.008702070810657],[0.019884363840159,-0.008357235909769],[0.019992446422232,-0.008259446907969],[0.020111149330434,-0.008416195618423]]]]}},
{"type":"Feature","properties":{"fid":674},"geometry":{"type":"MultiPolygon","coordinates":[[[[0.01744478555908,-0.024165599548533],[0.017475666296815,-0.024299416066751],[0.017473092902004,-0.024476980292642],[0.01736243692512,-0.024518154605859],[0.017357290135497,-0.024253094964306],[0.01744478555908,-0.024165599548533]]]]}},
{"type":"Feature","properties":{"fid":675},"geometry":{"type":"MultiPolygon","coordinates":[[[[0.023674973384471,-0.013644274870324],[0.023708427515586,-0.01405859140511],[0.023344292165366,-0.014012270301878],[0.023227202706462,-0.013663575330035],[0.023674973384471,-0.013644274870324]]]]}},
{"type":"Feature","properties":{"fid":676},"geometry":{"type":"MultiPolygon","coordinates":[[[[0.014377298944053,-0.02315940226315],[0.014385019128487,-0.023244324284959],[0.01426921636198,-0.02327263162555],[0.014246055808679,-0.023190282998359],[0.014377298944053,-0.02315940226315]]]]}},
{"type":"Feature","properties":{"fid":677},"geometry":{"type":"MultiPolygon","coordinates":[[[[0.020463377672693,-0.009010878184319],[0.020499405200051,-0.009026318552995],[0.020658955678349,-0.009430341533123],[0.020280666641094,-0.009618199351749],[0.020218905165623,-0.009420047954017],[0.020229198744868,-0.009221896556172],[0.020311547378829,-0.009085506632915],[0.020463377672693,-0.009010878184319]]]]}},
{"type":"Feature","properties":{"fid":678},"geometry":{"type":"MultiPolygon","coordinates":[[[[0.02037716807488,-0.016222816273128],[0.020508411204641,-0.016341192424603],[0.020341140549063,-0.016633272711097],[0.020314119904701,-0.016638419500282],[0.020123688696812,-0.016518756651685],[0.020175156590836,-0.016462141970604],[0.020188023564342,-0.016481442430065],[0.020207324024601,-0.016415820867889],[0.02037716807488,-0.016222816273128]]]]}},
{"type":"Feature","properties":{"fid":679},"geometry":{"type":"MultiPolygon","coordinates":[[[[0.023658246318913,-0.011577838975426],[0.023722581186443,-0.011598426132615],[0.023982494051264,-0.011790144033861],[0.024162631680349,-0.011999875697489],[0.02395161331485,-0.012115678456479],[0.023689127055327,-0.01222247433417],[0.02356689080702,-0.012038476617158],[0.023463955018972,-0.011930394042072],[0.023611925214291,-0.01177470366598],[0.023658246318913,-0.011577838975426]]]]}},
{"type":"Feature","properties":{"fid":680},"geometry":{"type":"MultiPolygon","coordinates":[[[[0.019019049554347,-0.018282248031183],[0.018992669900996,-0.018250075988268],[0.019028928263794,-0.018213097068559],[0.018983916614144,-0.018181925401222],[0.018927645484381,-0.018246949814551],[0.018887870335453,-0.018205891598379],[0.018869498650293,-0.018186927279171],[0.018862541985256,-0.018201871225535],[0.018852617311364,-0.018223190894299],[0.018829235985356,-0.018196584559151],[0.018816353694406,-0.018181925401222],[0.018809384027728,-0.018193433454924],[0.018789468599075,-0.018226317068016],[0.018754455451667,-0.018194430096094],[0.018805452038981,-0.018115865285021],[0.018937354549614,-0.017827328557208],[0.019181827056684,-0.017937984528702],[0.01956011609394,-0.018236498311934],[0.019565262883562,-0.018277672626824],[0.019500928013281,-0.018352301072538],[0.019315643586869,-0.01866625522313],[0.019109772001968,-0.018416635939508],[0.019163813293005,-0.018360021256576],[0.019150946318949,-0.018326567125744],[0.01912103553417,-0.018305202280565],[0.019058944787162,-0.018367620119994],[0.019002048422624,-0.018304471410938],[0.019019049554347,-0.018282248031183]]]]}},
{"type":"Feature","properties":{"fid":681},"geometry":{"type":"MultiPolygon","coordinates":[[[[0.016232716602975,-0.026816195941575],[0.016309918447313,-0.026890824382905],[0.016315065236935,-0.026908838144598],[0.016209556049673,-0.026926851906289],[0.016232716602975,-0.026816195941575]]]]}},
{"type":"Feature","properties":{"fid":682},"geometry":{"type":"MultiPolygon","coordinates":[[[[0.015079835727528,-0.020673503057529],[0.015218799047337,-0.020663209478953],[0.015314014655353,-0.020699237003964],[0.015332028419032,-0.020791879211097],[0.015208505468092,-0.020838200314643],[0.015097849491207,-0.020969443441282],[0.01506182196385,-0.02085878747177],[0.015064395358661,-0.020706957187894],[0.015079835727528,-0.020673503057529]]]]}},
{"type":"Feature","properties":{"fid":683},"geometry":{"type":"MultiPolygon","coordinates":[[[[0.012585058120581,-0.021385717503268],[0.01262157551764,-0.021476586368665],[0.012673379266958,-0.021558962816688],[0.01273537391778,-0.02162095746311],[0.012835584449247,-0.021690595285087],[0.012839830658207,-0.021629449880426],[0.012862760186594,-0.021574249167863],[0.012889086682149,-0.021539430256852],[0.012741318610325,-0.021353446317413],[0.012585058120581,-0.021385717503268]]]]}},
{"type":"Feature","properties":{"fid":684},"geometry":{"type":"MultiPolygon","coordinates":[[[[0.017712418619452,-0.01618550274],[0.017859102123694,-0.016260131186535],[0.017861675518505,-0.01628586513361],[0.017766459910488,-0.016648713787012],[0.017696978250584,-0.016836571600213],[0.017673817697283,-0.016852011968414],[0.017604336037379,-0.016764516548596],[0.017532280982663,-0.016615259655875],[0.017509120429362,-0.016393947711288],[0.017529707587852,-0.016249837607705],[0.017712418619452,-0.01618550274]]]]}},
{"type":"Feature","properties":{"fid":685},"geometry":{"type":"MultiPolygon","coordinates":[[[[0.018209083818026,-0.007765355109039],[0.018499877431699,-0.007994387245076],[0.018677441673676,-0.008223419380984],[0.018414955402927,-0.008372676278472],[0.018173056290668,-0.008465318490678],[0.018003212233125,-0.008493625833292],[0.01799291865388,-0.008452451516762],[0.018103574630764,-0.008184818459211],[0.018209083818026,-0.007765355109039]]]]}},
{"type":"Feature","properties":{"fid":686},"geometry":{"type":"MultiPolygon","coordinates":[[[[0.02063322084765,-0.013721476709159],[0.020679541952271,-0.014066311588981],[0.02029224604974,-0.014009696907254],[0.020271658892131,-0.013736917076923],[0.02063322084765,-0.013721476709159]]]]}},
{"type":"Feature","properties":{"fid":687},"geometry":{"type":"MultiPolygon","coordinates":[[[[0.023766328896363,-0.01473925428208],[0.023976060564511,-0.014916818510516],[0.023928452762539,-0.01539160981628],[0.023910438999631,-0.015412196973146],[0.023658246318913,-0.015385176329759],[0.023611925214291,-0.014942552456655],[0.023717434397041,-0.014840903369391],[0.023766328896363,-0.01473925428208]]]]}},
{"type":"Feature","properties":{"fid":688},"geometry":{"type":"MultiPolygon","coordinates":[[[[0.013489477734167,-0.024958205077567],[0.013476610760111,-0.025032833519992],[0.01343543644313,-0.02508687480586],[0.013350514414359,-0.025128049118887],[0.013250152016719,-0.025138342697141],[0.013283606149266,-0.024968498655835],[0.013489477734167,-0.024958205077567]]]]}},
{"type":"Feature","properties":{"fid":689},"geometry":{"type":"MultiPolygon","coordinates":[[[[0.015862147750153,-0.009445781901781],[0.015916189041189,-0.009492103007751],[0.015952216568547,-0.009571878245796],[0.015730904614778,-0.009728855327056],[0.015620248637894,-0.009777749827762],[0.015373202736012,-0.00981892414414],[0.015254826574694,-0.009813777354593],[0.015213652257714,-0.009759736064345],[0.015221372442148,-0.009736575511379],[0.015422097237427,-0.009741722300927],[0.015584221110536,-0.009700547984539],[0.015712890851099,-0.009618199351749],[0.015862147750153,-0.009445781901781]]]]}},
{"type":"Feature","properties":{"fid":690},"geometry":{"type":"MultiPolygon","coordinates":[[[[0.014296194914397,-0.02243816462384],[0.014271306354708,-0.022382165368825],[0.014233214975542,-0.022398235168183],[0.014292137577689,-0.022510723763643],[0.014332320162242,-0.022505760032993],[0.014385019128487,-0.022505760032993],[0.014397886102543,-0.022626709579742],[0.014184294333208,-0.022642149947405],[0.01406591817189,-0.022459438929957],[0.014176574148775,-0.022325622409991],[0.014433913629901,-0.022307608647678],[0.014498248500183,-0.022395104064604],[0.014446780603957,-0.022420838010748],[0.014300097099715,-0.022433704983819],[0.014296194914397,-0.02243816462384]]]]}},
{"type":"Feature","properties":{"fid":691},"geometry":{"type":"MultiPolygon","coordinates":[[[[0.014204881491698,-0.016702755075759],[0.01433097783745,-0.016841718389613],[0.014176574148775,-0.016900906467707],[0.01406591817189,-0.016754222969791],[0.014204881491698,-0.016702755075759]]]]}},
{"type":"Feature","properties":{"fid":692},"geometry":{"type":"MultiPolygon","coordinates":[[[[0.022061455850489,-0.008393263436742],[0.022143804484449,-0.00850134601764],[0.022120643931148,-0.008591414835033],[0.021937932899548,-0.008630015756766],[0.021822130133041,-0.00840613041066],[0.0218813182137,-0.008395836831526],[0.02190190537219,-0.008437011148062],[0.021932786109925,-0.008429290963712],[0.02194307968917,-0.008403557015877],[0.022061455850489,-0.008393263436742]]]]}},
{"type":"Feature","properties":{"fid":693},"geometry":{"type":"MultiPolygon","coordinates":[[[[0.021997120980207,-0.021682273754621],[0.022038295297187,-0.021872704956899],[0.022107776957091,-0.021988507714923],[0.022179832011807,-0.022050269185832],[0.022318795331615,-0.022096590288998],[0.02241143754482,-0.022091443499758],[0.022514373337271,-0.022050269185832],[0.022550400864629,-0.022047695791212],[0.022560694443874,-0.022065709553556],[0.022136084300015,-0.022822287570015],[0.022107776957091,-0.022814567386194],[0.022056309060866,-0.022552081136015],[0.021971387032094,-0.022310182042295],[0.021822130133041,-0.022068282948176],[0.021919919135869,-0.021713154490142],[0.021937932899548,-0.021684847149248],[0.021997120980207,-0.021682273754621]]]]}},
{"type":"Feature","properties":{"fid":694},"geometry":{"type":"MultiPolygon","coordinates":[[[[0.012996943607013,-0.019512987450334],[0.01300672934874,-0.019501249777754],[0.013047834018687,-0.019451946089703],[0.013070014379931,-0.019420259861178],[0.013144642829458,-0.019353351599915],[0.013167803382759,-0.019366218573237],[0.013208977699739,-0.019474301149102],[0.013157509803514,-0.019595250698201],[0.013136922645024,-0.019826856217509],[0.012918184086066,-0.0197728149297],[0.012954211613424,-0.019584957119558],[0.012974651391539,-0.019550532232108],[0.013046479076561,-0.01957885813437],[0.013031473441957,-0.019643257312438],[0.01306336041549,-0.019649509659822],[0.013091495980371,-0.019558225387994],[0.012996943607013,-0.019512987450334]]]]}},
{"type":"Feature","properties":{"fid":695},"geometry":{"type":"MultiPolygon","coordinates":[[[[0.012928477665311,-0.02307448024129],[0.013106041907289,-0.023087347214303],[0.013085454748798,-0.023347260068901],[0.012918184086066,-0.023342113279706],[0.012928477665311,-0.02307448024129]]]]}},
{"type":"Feature","properties":{"fid":696},"geometry":{"type":"MultiPolygon","coordinates":[[[[0.013056826484923,-0.021746924862682],[0.012918184086066,-0.021708007700889],[0.012956785008235,-0.021579337969506],[0.013018546483706,-0.021517576498404],[0.013090601538421,-0.021486695762843],[0.013136922645024,-0.021502136130624],[0.013167803382759,-0.021543310444699],[0.013322207071435,-0.021821237064415],[0.013126629065779,-0.021772342566539],[0.013115254901827,-0.021770305878448],[0.013125446262352,-0.021717933612851],[0.013137763353732,-0.021654637453352],[0.013032098676733,-0.021631503768322],[0.013022720155105,-0.021679021607839],[0.013072738937117,-0.02168089731203],[0.013056826484923,-0.021746924862682]]]]}},
{"type":"Feature","properties":{"fid":697},"geometry":{"type":"MultiPolygon","coordinates":[[[[0.012918184086066,-0.026980893191346],[0.013136922645024,-0.026965452824189],[0.013147216224269,-0.027024640898279],[0.013062294195497,-0.027050374843526],[0.013064867590308,-0.027194484936811],[0.012979945561537,-0.027209925303938],[0.012918184086066,-0.026980893191346]]]]}},
{"type":"Feature","properties":{"fid":698},"geometry":{"type":"MultiPolygon","coordinates":[[[[0.013457829806776,-0.020104384694824],[0.013453450206809,-0.020104782840251],[0.013401982310584,-0.02005588834184],[0.013589840131806,-0.019865457137363],[0.013633587843598,-0.019970966318249],[0.013546092420015,-0.020171691101211],[0.013489477734167,-0.02013309018143],[0.0134887662367,-0.020130244191738],[0.013526143749782,-0.020069899776745],[0.013491623437413,-0.020044307132936],[0.013457829806776,-0.020104384694824]]]]}},
{"type":"Feature","properties":{"fid":699},"geometry":{"type":"MultiPolygon","coordinates":[[[[0.019091758238289,-0.025367374813098],[0.01925645550621,-0.025444576649846],[0.019243588532154,-0.025467737200862],[0.019176680267061,-0.02548575096276],[0.019207561004796,-0.025565526193992],[0.019374831667529,-0.025503764724656],[0.019668198676013,-0.025611847295976],[0.01941857937932,-0.025781691336437],[0.01897080868216,-0.026000429873061],[0.01895022152367,-0.025972122533049],[0.018862726100087,-0.025460017017191],[0.019091758238289,-0.025367374813098]]]]}},
{"type":"Feature","properties":{"fid":700},"geometry":{"type":"MultiPolygon","coordinates":[[[[0.014701546690272,-0.005330923633665],[0.015033514620926,-0.005343790607665],[0.015262546759128,-0.005377244740065],[0.015259973364317,-0.005853322777862],[0.015025794436492,-0.00579156130271],[0.01496145956621,-0.005665464957589],[0.014889404511495,-0.005585689718824],[0.014706693479895,-0.005523928243644],[0.014701546690272,-0.005330923633665]]]]}},
{"type":"Feature","properties":{"fid":701},"geometry":{"type":"MultiPolygon","coordinates":[[[[0.017377877293987,-0.008241433144477],[0.017645510354359,-0.008354662514985],[0.017856528728883,-0.008503919412423],[0.017596615852945,-0.008496199228075],[0.017336702977007,-0.008573401071556],[0.01720031305201,-0.008684057047185],[0.017061349732202,-0.008895075419226],[0.01699701486192,-0.008871914866203],[0.017141124971351,-0.008593988229815],[0.017377877293987,-0.008241433144477]]]]}},
{"type":"Feature","properties":{"fid":702},"geometry":{"type":"MultiPolygon","coordinates":[[[[0.016574978112873,-0.023259764652555],[0.016580124902495,-0.023769296782273],[0.016441161582687,-0.023941714219683],[0.016394840476084,-0.023962301376374],[0.016369106527972,-0.023941714219683],[0.016333079000614,-0.023635480263537],[0.016482335899667,-0.023439902274385],[0.016574978112873,-0.023259764652555]]]]}},
{"type":"Feature","properties":{"fid":703},"geometry":{"type":"MultiPolygon","coordinates":[[[[0.021315171355222,-0.018928741479752],[0.021552798192397,-0.019043657197248],[0.021446414490596,-0.019343058021257],[0.021724341130213,-0.019492314911739],[0.021706327366534,-0.019515475463699],[0.021814409948607,-0.019536062620993],[0.021850437475965,-0.019862883742706],[0.021302304381166,-0.019839723190795],[0.021039945255739,-0.019642003281919],[0.020856286652887,-0.019525087946839],[0.021070698848152,-0.019258135997304],[0.021266276853808,-0.019327617653269],[0.021304877775977,-0.019214388287978],[0.021204515378338,-0.019165493789306],[0.021199368588715,-0.019144906631967],[0.021315171355222,-0.018928741479752]]]]}},
{"type":"Feature","properties":{"fid":704},"geometry":{"type":"MultiPolygon","coordinates":[[[[0.012645404236072,-0.011612580296149],[0.012704592316731,-0.011826172061015],[0.012406078518625,-0.011913667482721],[0.012411225308247,-0.011651181217522],[0.012645404236072,-0.011612580296149]]]]}},
{"type":"Feature","properties":{"fid":705},"geometry":{"type":"MultiPolygon","coordinates":[[[[0.015041234805359,-0.025037980309123],[0.015072115543095,-0.025076581227601],[0.015077262332717,-0.025128049118887],[0.014994913698757,-0.025488324357317],[0.014853376984137,-0.025380241785893],[0.015041234805359,-0.025037980309123]]]]}},
{"type":"Feature","properties":{"fid":706},"geometry":{"type":"MultiPolygon","coordinates":[[[[0.021337044298428,-0.017362830076777],[0.021567363124186,-0.017589288799948],[0.021487587888449,-0.01775527275028],[0.021388512192453,-0.017721818620768],[0.02136277824544,-0.017770713117745],[0.021376931916297,-0.017805453944537],[0.021616257623509,-0.017919970003176],[0.021647138359923,-0.017854348441493],[0.021595670465899,-0.017815747522845],[0.021580230097692,-0.017826041101152],[0.021558356242732,-0.017790013577075],[0.021629124597015,-0.017621456232195],[0.021936645263809,-0.017690937885828],[0.021690886069844,-0.018286678729792],[0.020922727751535,-0.017851775046917],[0.02106297776275,-0.017627889718643],[0.021337044298428,-0.017362830076777]]]]}},
{"type":"Feature","properties":{"fid":707},"geometry":{"type":"MultiPolygon","coordinates":[[[[0.013957835589817,-0.023383287593263],[0.013975849353496,-0.023496516955483],[0.013816298875198,-0.023499090350078],[0.013816298875198,-0.023519677506835],[0.013960408984628,-0.023529971085213],[0.013939821826138,-0.02363805365813],[0.013872913561045,-0.023648347236498],[0.013705642898313,-0.023591732555461],[0.013769977768595,-0.023396154566247],[0.013957835589817,-0.023383287593263]]]]}},
{"type":"Feature","properties":{"fid":708},"geometry":{"type":"MultiPolygon","coordinates":[[[[0.014835363220458,-0.016556071577695],[0.014956312776588,-0.016651287181714],[0.0149820467247,-0.016695034891653],[0.014662945768104,-0.016823704626712],[0.014521409053484,-0.016679594523441],[0.014835363220458,-0.016556071577695]]]]}},
{"type":"Feature","properties":{"fid":709},"geometry":{"type":"MultiPolygon","coordinates":[[[[0.014853807568147,-0.011323264242106],[0.014784169741196,-0.01171561394212],[0.015108580105774,-0.011829412339858],[0.015310699652291,-0.011459142926155],[0.015079705884843,-0.011382711166385],[0.014853807568147,-0.011323264242106]]]]}},
{"type":"Feature","properties":{"fid":710},"geometry":{"type":"MultiPolygon","coordinates":[[[[0.013865193376612,-0.010706745339775],[0.014240909019056,-0.010709318734541],[0.014246055808679,-0.011180249976409],[0.013960408984628,-0.011203410529269],[0.013857473192178,-0.010747919656034],[0.013865193376612,-0.010706745339775]]]]}},
{"type":"Feature","properties":{"fid":711},"geometry":{"type":"MultiPolygon","coordinates":[[[[0.018312019610476,-0.021854691194532],[0.018355767322268,-0.021882998535394],[0.018221950792082,-0.022243273782259],[0.017817927806714,-0.022279301306897],[0.017784473674167,-0.022086296710518],[0.018312019610476,-0.021854691194532]]]]}},
{"type":"Feature","properties":{"fid":712},"geometry":{"type":"MultiPolygon","coordinates":[[[[0.000000159871869,-0.000000091738146],[0.000000160840735,-0.000000093141858],[0.000000161390013,-0.000000094179384],[0.000000164739087,-0.00000009279093],[0.000000164189808,-0.000000091616084],[0.000000163465066,-0.000000090273403],[0.000000162732694,-0.000000089190104],[0.000000159871869,-0.000000091738146]]]]}},
{"type":"Feature","properties":{"fid":713},"geometry":{"type":"MultiPolygon","coordinates":[[[[0.014068491566701,-0.019945232371698],[0.014215175070944,-0.019906631451863],[0.01426921636198,-0.020032727789956],[0.01406591817189,-0.020043021368572],[0.014009303486042,-0.019991553475487],[0.014068491566701,-0.019945232371698]]]]}},
{"type":"Feature","properties":{"fid":714},"geometry":{"type":"MultiPolygon","coordinates":[[[[0.01489969809074,-0.021273104008379],[0.014994913698757,-0.02146868200043],[0.015010354067624,-0.021525296682293],[0.014889404511495,-0.021527870076923],[0.01485852377376,-0.021473828789691],[0.014827643036024,-0.021394053556124],[0.014825069641213,-0.021296264560082],[0.01489969809074,-0.021273104008379]]]]}},
{"type":"Feature","properties":{"fid":715},"geometry":{"type":"MultiPolygon","coordinates":[[[[0.014161133779907,-0.022011668266517],[0.014256349387924,-0.022009094871896],[0.014266642967169,-0.022039975607349],[0.01424862920349,-0.022063136158935],[0.014176574148775,-0.022076003132037],[0.014161133779907,-0.022011668266517]]]]}},
{"type":"Feature","properties":{"fid":716},"geometry":{"type":"MultiPolygon","coordinates":[[[[0.018309446215665,-0.020043021368572],[0.018677441673676,-0.020686370030747],[0.018592519644904,-0.021167594828353],[0.018391794849626,-0.02079702600038],[0.018489583852454,-0.020665782873597],[0.018474143483586,-0.020619461770001],[0.018420102192549,-0.020534539746706],[0.018384074665192,-0.020547406719935],[0.018371207691135,-0.020570567271745],[0.018409808613304,-0.020650342505733],[0.018355767322268,-0.020719824161109],[0.018088134261896,-0.02029006725515],[0.018309446215665,-0.020043021368572]]]]}},
{"type":"Feature","properties":{"fid":717},"geometry":{"type":"MultiPolygon","coordinates":[[[[0.015640835796384,-0.023769296782273],[0.015810679853927,-0.023735842652601],[0.015820973433172,-0.023900539906291],[0.015651129375629,-0.023915980273814],[0.015640835796384,-0.023769296782273]]]]}},
{"type":"Feature","properties":{"fid":718},"geometry":{"type":"MultiPolygon","coordinates":[[[[0.016176101917127,-0.0194537139918],[0.016268744130332,-0.019821709428195],[0.01599853767515,-0.019829429612167],[0.015893028487888,-0.020006993843414],[0.015700023877043,-0.020037874579264],[0.015640835796384,-0.019945232371698],[0.015728331219967,-0.01986031034805],[0.01585700096053,-0.019909204846519],[0.015872441329398,-0.019834576401481],[0.015736051404401,-0.019765094745725],[0.01567428992893,-0.019680172721985],[0.015663996349685,-0.019631278223448],[0.016176101917127,-0.0194537139918]]]]}},
{"type":"Feature","properties":{"fid":719},"geometry":{"type":"MultiPolygon","coordinates":[[[[0.015339748603466,-0.024343163774601],[0.015452977975162,-0.024361177536653],[0.015476138528463,-0.024397205060749],[0.015455551369973,-0.024451246346875],[0.015489005502519,-0.024469260108913],[0.015525033029877,-0.024443526163144],[0.01557135413648,-0.024561902313638],[0.015483858712897,-0.024605650021402],[0.015406656868559,-0.024479553687219],[0.015308867865731,-0.024399778455327],[0.015308867865731,-0.024356030747495],[0.015339748603466,-0.024343163774601]]]]}},
{"type":"Feature","properties":{"fid":720},"geometry":{"type":"MultiPolygon","coordinates":[[[[0.016237863392597,-0.020791879211097],[0.016276464314766,-0.020802172789664],[0.016320212026558,-0.020938562705612],[0.016320212026558,-0.021018337939414],[0.016140074389769,-0.020912828759216],[0.016124634020902,-0.020827906736078],[0.016237863392597,-0.020791879211097]]]]}},
{"type":"Feature","properties":{"fid":721},"geometry":{"type":"MultiPolygon","coordinates":[[[[0.013854899797367,-0.024945338104731],[0.014068491566701,-0.024940191315596],[0.014063344777079,-0.025310760132787],[0.014001583301609,-0.025295319765425],[0.013852326402555,-0.025192383982965],[0.013829165849254,-0.025043127098254],[0.013854899797367,-0.024945338104731]]]]}},
{"type":"Feature","properties":{"fid":722},"geometry":{"type":"MultiPolygon","coordinates":[[[[0.01742419840059,-0.016826278021412],[0.017501400244928,-0.016692461496951],[0.017583748878889,-0.016849438573714],[0.01742419840059,-0.016826278021412]]]]}},
{"type":"Feature","properties":{"fid":723},"geometry":{"type":"MultiPolygon","coordinates":[[[[0.014408179681788,-0.025112608751503],[0.014457074183202,-0.025228411506835],[0.014392739312921,-0.02527473260894],[0.014312964073772,-0.025143489486268],[0.014408179681788,-0.025112608751503]]]]}},
{"type":"Feature","properties":{"fid":724},"geometry":{"type":"MultiPolygon","coordinates":[[[[0.018721189385467,-0.014826750329443],[0.018965661892538,-0.014932259513147],[0.018952794918481,-0.015274521011154],[0.018723762780279,-0.015271947616434],[0.018721189385467,-0.014826750329443]]]]}},
{"type":"Feature","properties":{"fid":725},"geometry":{"type":"MultiPolygon","coordinates":[[[[0.014117386068115,-0.011283185766882],[0.01416628056953,-0.01129862613545],[0.014199734702076,-0.011725809665496],[0.014073638356324,-0.011766983981611],[0.013980996143118,-0.011311493109256],[0.014117386068115,-0.011283185766882]]]]}},
{"type":"Feature","properties":{"fid":726},"geometry":{"type":"MultiPolygon","coordinates":[[[[0.012481081168456,-0.014347022272142],[0.012739261190178,-0.014824732596253],[0.013002079176361,-0.014690231631315],[0.012960337496202,-0.01462066216666],[0.012992803247437,-0.014602110309415],[0.012804192692646,-0.014260446938215],[0.012771726941412,-0.01427436083117],[0.012734623225715,-0.014201699390174],[0.012481081168456,-0.014347022272142]]]]}},
{"type":"Feature","properties":{"fid":727},"geometry":{"type":"MultiPolygon","coordinates":[[[[0.014886503377142,-0.01081010989881],[0.014859327639796,-0.011200761115963],[0.015185436487958,-0.011299273161947],[0.015246581896988,-0.010937496165329],[0.014886503377142,-0.01081010989881]]]]}},
{"type":"Feature","properties":{"fid":728},"geometry":{"type":"MultiPolygon","coordinates":[[[[0.015302951380056,-0.023437181659209],[0.015306702788707,-0.023520963112044],[0.014955320845076,-0.023626002545378],[0.014925309575869,-0.023468443395347],[0.014658959561658,-0.023455938700893],[0.014655208153007,-0.02333339269518],[0.014857784220154,-0.023342145981306],[0.014855283281053,-0.023287125325649],[0.014794010273089,-0.023285874856202],[0.014841528116,-0.023125814766893],[0.014934062862721,-0.023125814766893],[0.014961573192827,-0.023355901145217],[0.015066612635052,-0.023352149736878],[0.015154145503572,-0.023153325094756],[0.015186657711879,-0.023088300683435],[0.015241678372092,-0.023055788477763],[0.015327960771062,-0.023028278149882],[0.015316706545109,-0.023370906778573],[0.01523292508524,-0.023372157248019],[0.015241678372092,-0.023233355139417],[0.015204164285583,-0.023228353261627],[0.015197286703057,-0.02339466569805],[0.0150603602873,-0.023442183536992],[0.015085369678306,-0.023498454662034],[0.015302951380056,-0.023437181659209]]]]}},
{"type":"Feature","properties":{"fid":729},"geometry":{"type":"MultiPolygon","coordinates":[[[[0.013649028212465,-0.007762781714252],[0.013705642898313,-0.00769330005498],[0.013785418137462,-0.007816823004789],[0.013649028212465,-0.007762781714252]]]]}},
{"type":"Feature","properties":{"fid":730},"geometry":{"type":"MultiPolygon","coordinates":[[[[0.015702597271854,-0.021538163655441],[0.015725757825156,-0.021584484758764],[0.015718037640722,-0.021708007700889],[0.015666569744497,-0.021736315041778],[0.01561252845346,-0.021569044390991],[0.015702597271854,-0.021538163655441]]]]}},
{"type":"Feature","properties":{"fid":731},"geometry":{"type":"MultiPolygon","coordinates":[[[[0.017479741037251,-0.005888050609548],[0.017539929159241,-0.005848302888073],[0.017591315604738,-0.005814367718544],[0.017599189247756,-0.005809575066297],[0.017812781017091,-0.00605919436165],[0.017696978250584,-0.006349987973618],[0.017555441535965,-0.006311387051684],[0.017532280982663,-0.006389530920496],[0.01768447063858,-0.006420792659058],[0.017668264244981,-0.006534520128766],[0.017665189259487,-0.006591099861493],[0.017668214534427,-0.006687142671526],[0.017451639741658,-0.00674143264966],[0.017251780948235,-0.006808052247002],[0.017244060763802,-0.006643354980216],[0.017269794711914,-0.006458070555016],[0.017395891057666,-0.005943391595779],[0.017479741037251,-0.005888050609548]]]]}},
{"type":"Feature","properties":{"fid":732},"geometry":{"type":"MultiPolygon","coordinates":[[[[0.019426299563754,-0.007101419253324],[0.019554969304317,-0.00712972659603],[0.019709372992993,-0.007222368808509],[0.019732533546294,-0.00733045138971],[0.019681065650069,-0.00740765323341],[0.019343950929793,-0.00753374957809],[0.019024849973197,-0.00732530460013],[0.019096905027912,-0.007232662387672],[0.019217854584041,-0.007142593569987],[0.019246161926965,-0.007137446780404],[0.019289909638757,-0.007188914676227],[0.019379978457151,-0.007188914676227],[0.019426299563754,-0.007101419253324]]]]}},
{"type":"Feature","properties":{"fid":733},"geometry":{"type":"MultiPolygon","coordinates":[[[[0.020846813499572,-0.008151364327005],[0.021083565822208,-0.00848333225416],[0.021088712611831,-0.008514212991555],[0.020790198813724,-0.008563107492426],[0.020751597891555,-0.008547667123731],[0.020656382283538,-0.008364956094121],[0.020728437338254,-0.008249153328831],[0.020846813499572,-0.008151364327005]]]]}},
{"type":"Feature","properties":{"fid":734},"geometry":{"type":"MultiPolygon","coordinates":[[[[0.01380085850633,-0.026862517043095],[0.013952688800195,-0.026844503281395],[0.014014450275665,-0.0270580950271],[0.013903794298781,-0.027045228054477],[0.013824019059631,-0.026965452824189],[0.01380085850633,-0.026862517043095]]]]}},
{"type":"Feature","properties":{"fid":735},"geometry":{"type":"MultiPolygon","coordinates":[[[[0.013970702563873,-0.016779956916802],[0.014001583301609,-0.016795397285006],[0.014096798909625,-0.016929213809397],[0.013908941088403,-0.016993548676859],[0.01380085850633,-0.016836571600213],[0.013970702563873,-0.016779956916802]]]]}},
{"type":"Feature","properties":{"fid":736},"geometry":{"type":"MultiPolygon","coordinates":[[[[0.01469639990065,-0.020266906703299],[0.014776175139799,-0.020315801201647],[0.014727280638385,-0.020495938827011],[0.014773601744988,-0.020516525984183],[0.014773601744988,-0.020776438843245],[0.014616624661501,-0.020794452605739],[0.014616624661501,-0.02068894342539],[0.014686106321405,-0.020683796636103],[0.014680959531782,-0.020665782873597],[0.014619198056312,-0.020655489295021],[0.014619198056312,-0.020609168191422],[0.014647505399236,-0.020400723225058],[0.01469639990065,-0.020266906703299]]]]}},
{"type":"Feature","properties":{"fid":737},"geometry":{"type":"MultiPolygon","coordinates":[[[[0.014987193514323,-0.020862465047778],[0.015020970496466,-0.02094249509367],[0.014996067060561,-0.020947436251258],[0.01486341133313,-0.020973756830336],[0.014887170254585,-0.021085048612816],[0.014940940445248,-0.021076295326556],[0.014922183401993,-0.021015022322725],[0.015041234805359,-0.020995177387669],[0.015126156834131,-0.021247370062038],[0.014989766909134,-0.021309131533249],[0.014928005433664,-0.021180461801531],[0.014851009743061,-0.021188566610514],[0.014807208106994,-0.021202518689737],[0.01478799938632,-0.021208637219014],[0.01475816137612,-0.021216489326423],[0.014663159494449,-0.02100273510717],[0.01464582963138,-0.020962502605137],[0.014447004972884,-0.020957500727271],[0.014435750746931,-0.020898728662328],[0.014379479617168,-0.020904981009663],[0.01438573196492,-0.021001267158597],[0.014573389454967,-0.021002924742892],[0.014660835265983,-0.021243858234867],[0.014523982448295,-0.021252516851306],[0.014487954920938,-0.021087819594628],[0.014328404442639,-0.021046645280431],[0.014300097099715,-0.021015764544776],[0.014284656730848,-0.020982310414476],[0.014297523704904,-0.020889668207456],[0.014374725549242,-0.020853640682488],[0.014680959531782,-0.020851067287848],[0.01469084653519,-0.020960001666204],[0.014770876586409,-0.020957500727271],[0.014770876586409,-0.020917485704333],[0.014719560453951,-0.020914984765399],[0.014719560453951,-0.020861360866411],[0.014807055877534,-0.020840773709284],[0.014817349456779,-0.020928269127054],[0.014810145606197,-0.020702548490365],[0.014802138325166,-0.020667391810744],[0.014820157978341,-0.020665312620128],[0.014860687958071,-0.020660636084309],[0.014897859916949,-0.02065634701241],[0.014932187158396,-0.020652386177116],[0.014987207818608,-0.020453561531412],[0.014957196549401,-0.02043230355041],[0.014883060098438,-0.02062181410479],[0.014804639264266,-0.020622374909856],[0.014807140203367,-0.020504830779699],[0.014853407576728,-0.020502329840759],[0.014884108253478,-0.02041385670297],[0.014907418275174,-0.020346681937438],[0.015019720026916,-0.020326013645359],[0.015019497685405,-0.020356099026507],[0.015102251017235,-0.020349772565318],[0.015112254773637,-0.020444808245118],[0.015066968753472,-0.020488218643071],[0.014987193514323,-0.020645195716445],[0.014987193514323,-0.020862465047778]]]]}},
{"type":"Feature","properties":{"fid":738},"geometry":{"type":"MultiPolygon","coordinates":[[[[0.022703516884767,-0.017717958528901],[0.02292354213172,-0.01789423605742],[0.023171874720386,-0.017988164959409],[0.023135847194569,-0.018156722303953],[0.022998170578055,-0.018097534228788],[0.022968576538991,-0.018138708541948],[0.022985303604549,-0.018167015882241],[0.023134560497218,-0.018226203957383],[0.023106253155505,-0.018420495247389],[0.02279615909401,-0.018257084692233],[0.022579993939109,-0.018087240650496],[0.022703516884767,-0.017717958528901]]]]}},
{"type":"Feature","properties":{"fid":739},"geometry":{"type":"MultiPolygon","coordinates":[[[[0.015432390816672,-0.020874227839614],[0.015576500926102,-0.020897388391376],[0.01561252845346,-0.021018337939414],[0.015455551369973,-0.021026058123328],[0.015432390816672,-0.020874227839614]]]]}},
{"type":"Feature","properties":{"fid":740},"geometry":{"type":"MultiPolygon","coordinates":[[[[0.012403505123813,-0.020827906736078],[0.012524454679943,-0.020930842521694],[0.012511587705887,-0.021275677403013],[0.012321156489853,-0.020990030598392],[0.012403505123813,-0.020827906736078]]]]}},
{"type":"Feature","properties":{"fid":741},"geometry":{"type":"MultiPolygon","coordinates":[[[[0.018022097417158,-0.020192213411843],[0.018039603990862,-0.020173456369752],[0.018064613381868,-0.020045908483479],[0.018110880755229,-0.019722036889458],[0.018143392963536,-0.019481946749853],[0.018154647189489,-0.01926811646898],[0.018135890146234,-0.019103054497596],[0.018098376059726,-0.018910482197447],[0.01803085070401,-0.018725412713986],[0.01794331783549,-0.018575356375902],[0.017877042949325,-0.018431552385117],[0.017844530741017,-0.018342769051619],[0.017716982846888,-0.018496576798356],[0.017880794357976,-0.018939242995535],[0.017581932135457,-0.0189554990988],[0.017583182605007,-0.019048033840432],[0.017535664762096,-0.019156824685261],[0.017484395510534,-0.019229351915109],[0.017393111233363,-0.019296877267008],[0.017355597146855,-0.019329389473468],[0.017599438709161,-0.019642006842961],[0.017780756793953,-0.019510707547845],[0.01781451947181,-0.019550722571129],[0.017626949039267,-0.019682021866214],[0.018022097417158,-0.020192213411843]]]]}},
{"type":"Feature","properties":{"fid":742},"geometry":{"type":"MultiPolygon","coordinates":[[[[0.017503654269913,-0.01237755809621],[0.017630191296934,-0.012622139726511],[0.018253534772328,-0.012568637494902],[0.018205977231971,-0.01216609689483],[0.018127846987098,-0.012215352917657],[0.018025937972048,-0.012266307424019],[0.017898551703234,-0.012307071029102],[0.017883265350977,-0.012307071029102],[0.017918933506245,-0.012451442130388],[0.018024239488464,-0.01243615577849],[0.01804292280789,-0.012526175406316],[0.017873074449472,-0.012553351143012],[0.01780343662252,-0.012320658897462],[0.017503654269913,-0.01237755809621]]]]}},
{"type":"Feature","properties":{"fid":743},"geometry":{"type":"MultiPolygon","coordinates":[[[[0.023451986272316,-0.012068628027113],[0.023535875723368,-0.012174792103943],[0.023595397962156,-0.01225011889951],[0.023475178216844,-0.012281583047746],[0.023206615548852,-0.012369157828761],[0.022984016907198,-0.012403898656415],[0.022953136170784,-0.012392318380531],[0.022886986669033,-0.012186906774559],[0.022879647714344,-0.012160171731146],[0.022840873425514,-0.012018921057265],[0.022757558173492,-0.011764410087392],[0.022910675158214,-0.011598426132615],[0.023093386181999,-0.011715515589096],[0.023304404547498,-0.011926533950103],[0.023156797221515,-0.012013413512151],[0.023133837578673,-0.012026927229721],[0.023072703998571,-0.012040927285924],[0.023061789553571,-0.01204342677709],[0.023052799492926,-0.012045485569559],[0.02304897215395,-0.012046362059381],[0.023016885141079,-0.012053710230105],[0.023006240481953,-0.011995164606205],[0.023002600873892,-0.011975146762303],[0.022967870826806,-0.011981219392002],[0.022927402223772,-0.011988295421587],[0.022941555894628,-0.012079650931465],[0.022982730209847,-0.01221346745292],[0.023054785261481,-0.012216040847563],[0.023040631590624,-0.012137552310949],[0.023054785261481,-0.0121169651538],[0.023206615548852,-0.012083511023431],[0.023366166020327,-0.011978001843008],[0.023451986272316,-0.012068628027113]]]]}},
{"type":"Feature","properties":{"fid":744},"geometry":{"type":"MultiPolygon","coordinates":[[[[0.015708357121437,-0.011899434977995],[0.015496046673415,-0.012138921158095],[0.015180128726757,-0.011885847109615],[0.015395836141948,-0.011490100442736],[0.015603051139218,-0.011576723103774],[0.015584367819792,-0.011598803389917],[0.015591884775325,-0.01161702943241],[0.01559212331515,-0.011616958773696],[0.015594707876566,-0.011616242011395],[0.015597304553567,-0.011615570465075],[0.015599912555181,-0.011614944339297],[0.015602531086986,-0.011614363824784],[0.015605159351351,-0.011613829098366],[0.015607796547682,-0.011613340322927],[0.015610441872663,-0.011612897647352],[0.015613094520502,-0.011612501206484],[0.015615753683178,-0.011612151121084],[0.015618418550683,-0.01161184749779],[0.015621088311273,-0.011611590429089],[0.015623762151713,-0.011611379993287],[0.015626439257525,-0.011611216254484],[0.015629118813237,-0.011611099262558],[0.015631800002631,-0.011611029053144],[0.01563448200899,-0.011611005647629],[0.015637164015349,-0.011611029053144],[0.015639845204743,-0.011611099262558],[0.015642524760455,-0.011611216254484],[0.015645201866267,-0.011611379993287],[0.015647875706707,-0.011611590429089],[0.015650545467297,-0.01161184749779],[0.015653210334802,-0.011612151121084],[0.015655869497477,-0.011612501206484],[0.015658522145317,-0.011612897647352],[0.015661167470298,-0.011613340322927],[0.015663804666628,-0.011613829098366],[0.015666432930994,-0.011614363824784],[0.015669051462799,-0.011614944339297],[0.015671659464413,-0.011615570465075],[0.015674256141414,-0.011616242011395],[0.01567684070283,-0.011616958773696],[0.015679412361376,-0.011617720533647],[0.015681970333703,-0.011618527059206],[0.015684513840625,-0.0116193781047],[0.015687042107367,-0.011620273410891],[0.015689554363794,-0.011621212705061],[0.015692049844648,-0.011622195701091],[0.015694527789781,-0.011623222099551],[0.015696987444388,-0.01162429158779],[0.015699428059234,-0.011625403840032],[0.015701848890884,-0.011626558517474],[0.015704249201929,-0.01162775526839],[0.015706628261211,-0.011628993728238],[0.015708985344046,-0.011630273519772],[0.015711319732444,-0.011631594253154],[0.015713630715326,-0.011632955526075],[0.015715917588746,-0.011634356923881],[0.015718179656099,-0.01163579801969],[0.015720416228338,-0.011637278374531],[0.015722626624182,-0.011638797537474],[0.015724810170322,-0.011640355045766],[0.015726966201629,-0.011641950424977],[0.015729094061354,-0.011643583189138],[0.015731193101333,-0.011645252840892],[0.015733262682175,-0.011646958871649],[0.015735302173468,-0.011648700761734],[0.015737310953962,-0.011650477980551],[0.015739288411763,-0.011652289986742],[0.015741233944518,-0.011654136228353],[0.0157431469596,-0.011656016142999],[0.015745026874285,-0.011657929158041],[0.015746873115934,-0.011659874690756],[0.015748685122162,-0.011661852148517],[0.015750462341016,-0.011663860928969],[0.015752204231137,-0.011665900420219],[0.015753910261929,-0.011667970001019],[0.015755579913718,-0.011670069040954],[0.015757212677913,-0.011672196900635],[0.015758808057156,-0.011674352931897],[0.015760365565481,-0.011676536477992],[0.015761884728456,-0.011678746873789],[0.015763365083327,-0.011680983445982],[0.015764806179166,-0.011683245513288],[0.015766207577,-0.011685532386661],[0.01576756884995,-0.011687843369495],[0.015768889583359,-0.011690177757844],[0.015770169374919,-0.01169253484063],[0.015771407834792,-0.011694913899862],[0.015772604585733,-0.011697314210857],[0.015773759263199,-0.011699735042457],[0.015774871515464,-0.011702175657252],[0.015775941003725,-0.011704635311808],[0.015776967402206,-0.011707113256889],[0.015777950398256,-0.011709608737691],[0.015778889692445,-0.011712120994066],[0.015779784998655,-0.011714649260755],[0.015780636044166,-0.011717192767624],[0.015781442569742,-0.011719750739897],[0.015782204329708,-0.01172232239839],[0.015782921092025,-0.011724906959751],[0.015783592638358,-0.011727503636698],[0.015784218764149,-0.011730111638258],[0.015784799278674,-0.011732730170008],[0.015785334005103,-0.011735358434318],[0.015785822780552,-0.011737995630593],[0.015786265456136,-0.011740640955518],[0.015786661897012,-0.011743293603302],[0.01578701198242,-0.011745952765922],[0.01578731560572,-0.01174861763337],[0.015787572674426,-0.011751287393904],[0.015787783110233,-0.011753961234288],[0.015787946849038,-0.011756638340044],[0.015788063840967,-0.0117593178957],[0.015788134050383,-0.011761999085037],[0.015788157455898,-0.01176468109134],[0.015788134050383,-0.011767363097642],[0.015788063840967,-0.011770044286979],[0.015787946849038,-0.011772723842635],[0.015787783110233,-0.011775400948391],[0.015787572674426,-0.011778074788774],[0.01578731560572,-0.011780744549308],[0.01578701198242,-0.011783409416756],[0.015786661897012,-0.011786068579375],[0.015786265456136,-0.011788721227159],[0.015785822780552,-0.011791366552083],[0.015785334005103,-0.011794003748358],[0.015784799278674,-0.011796632012668],[0.015784218764149,-0.011799250544417],[0.015783592638358,-0.011801858545976],[0.015782921092025,-0.011804455222923],[0.015782204329708,-0.011807039784283],[0.015781442569742,-0.011809611442775],[0.015780636044166,-0.011812169415047],[0.015779784998655,-0.011814712921915],[0.015778889692445,-0.011817241188604],[0.015777950398256,-0.011819753444977],[0.015776967402206,-0.011822248925778],[0.015775941003725,-0.011824726870859],[0.015774871515464,-0.011827186525413],[0.015773759263199,-0.011829627140207],[0.015772604585733,-0.011832047971805],[0.015771407834792,-0.011834448282799],[0.015770169374919,-0.011836827342031],[0.015768889583359,-0.011839184424815],[0.01576756884995,-0.011841518813163],[0.015766207577,-0.011843829795996],[0.015764806179166,-0.011846116669367],[0.015763365083327,-0.011848378736672],[0.015761884728456,-0.011850615308863],[0.015760365565481,-0.011852825704659],[0.015758808057156,-0.011855009250752],[0.015757212677913,-0.011857165282013],[0.015755579913718,-0.011859293141693],[0.015753910261929,-0.011861392181627],[0.015752204231137,-0.011863461762425],[0.015750462341016,-0.011865501253674],[0.015748685122162,-0.011867510034125],[0.015746873115934,-0.011869487491883],[0.015745026874285,-0.011871433024597],[0.0157431469596,-0.011873346039638],[0.015741233944518,-0.011875225954283],[0.015739288411763,-0.011877072195891],[0.015737310953962,-0.011878884202081],[0.015735302173468,-0.011880661420897],[0.015733262682175,-0.01188240331098],[0.015731193101333,-0.011884109341736],[0.015729094061354,-0.011885778993489],[0.015726966201629,-0.011887411757648],[0.015724810170322,-0.011889007136857],[0.015722626624182,-0.011890564645149],[0.015720416228338,-0.01189208380809],[0.015718179656099,-0.01189356416293],[0.015715917588746,-0.011895005258738],[0.015713630715326,-0.011896406656541],[0.015711319732444,-0.011897767929462],[0.015708985344046,-0.011899088662842],[0.015708355363083,-0.01189943071459],[0.015708357121437,-0.011899434977995]]]]}},
{"type":"Feature","properties":{"fid":745},"geometry":{"type":"MultiPolygon","coordinates":[[[[0.016863325958678,-0.012894746335013],[0.017011094030501,-0.013397497462694],[0.017304931690564,-0.013288794516255],[0.017135083332146,-0.012750375233973],[0.016863325958678,-0.012894746335013]]]]}},
{"type":"Feature","properties":{"fid":746},"geometry":{"type":"MultiPolygon","coordinates":[[[[0.015895402626144,-0.009162580847238],[0.015996462399403,-0.009351112522621],[0.016135738053306,-0.009334976928786],[0.016222360716099,-0.009284871663714],[0.01602788434571,-0.009049631690317],[0.015975231354601,-0.009105681647891],[0.015895402626144,-0.009162580847238]]]]}},
{"type":"Feature","properties":{"fid":747},"geometry":{"type":"MultiPolygon","coordinates":[[[[0.011736995867696,-0.020076475499068],[0.011657220628547,-0.019842296585452],[0.011906839925239,-0.019819136033538],[0.011922280294107,-0.019780535113674],[0.012025216086558,-0.019798548876278],[0.012020481439988,-0.019839582477423],[0.011911677959674,-0.019849584775982],[0.01192742708373,-0.019927218609109],[0.01196860140071,-0.019929792003765],[0.011971174795521,-0.019893764478583],[0.011996908743634,-0.019883470899958],[0.012086936170921,-0.019915880771827],[0.012204514189573,-0.019950993194663],[0.012372624386078,-0.019976113107559],[0.012480706968151,-0.020158824127952],[0.012198194689198,-0.020080348499748],[0.012112719535672,-0.020066652658678],[0.011975451906739,-0.020044658014005],[0.011736995867696,-0.020076475499068]]]]}},
{"type":"Feature","properties":{"fid":748},"geometry":{"type":"MultiPolygon","coordinates":[[[[0.01453427602754,-0.023813044490293],[0.01463463842518,-0.024018916057259],[0.014572876949709,-0.024070383948952],[0.014436487024712,-0.023869659171239],[0.01453427602754,-0.023813044490293]]]]}},
{"type":"Feature","properties":{"fid":749},"geometry":{"type":"MultiPolygon","coordinates":[[[[0.014163707174718,-0.007307290836598],[0.014336124627073,-0.007397359654251],[0.01426921636198,-0.007610951421754],[0.014104519094059,-0.007520882604145],[0.014109665883682,-0.007441107365675],[0.014163707174718,-0.007307290836598]]]]}},
{"type":"Feature","properties":{"fid":750},"geometry":{"type":"MultiPolygon","coordinates":[[[[0.020092808819871,-0.019806269060251],[0.020242065718925,-0.019929792003765],[0.020365588669865,-0.020076475499068],[0.020486538225995,-0.0202874938605],[0.020509698779296,-0.02042388377689],[0.020234345534491,-0.020421310382242],[0.020185451033077,-0.020354402121385],[0.020182877638266,-0.0202926406498],[0.020167437269398,-0.020310654412348],[0.020144276716097,-0.02029006725515],[0.020033620739212,-0.020135663576082],[0.019935831736384,-0.019965819528939],[0.020041340923646,-0.019880897505302],[0.020092808819871,-0.019806269060251]]]]}},
{"type":"Feature","properties":{"fid":751},"geometry":{"type":"MultiPolygon","coordinates":[[[[0.023121693523712,-0.018515710846387],[0.023370026112378,-0.018658534244788],[0.023402193546143,-0.018923593884757],[0.023337858678613,-0.018895286544585],[0.023246503166721,-0.018896573241866],[0.023232349495864,-0.018913300306513],[0.02324521646937,-0.018973775078686],[0.023326278402458,-0.018973775078686],[0.023402193546143,-0.019012375997083],[0.023328851797159,-0.019249128296396],[0.022964716446939,-0.019041970034515],[0.023121693523712,-0.018515710846387]]]]}},
{"type":"Feature","properties":{"fid":752},"geometry":{"type":"MultiPolygon","coordinates":[[[[0.015316588050165,-0.026175420702088],[0.015383496315258,-0.026201154647513],[0.01530629447092,-0.026414746394332],[0.015252253179883,-0.026337544558174],[0.015303721076108,-0.026250049143805],[0.015316588050165,-0.026175420702088]]]]}},
{"type":"Feature","properties":{"fid":753},"geometry":{"type":"MultiPolygon","coordinates":[[[[0.016068019335054,-0.004890873122691],[0.016554390954383,-0.004901166701898],[0.016572404718062,-0.005037556626382],[0.016559537744005,-0.005413272267263],[0.016268744130332,-0.005361804371266],[0.016068019335054,-0.004890873122691]]]]}},
{"type":"Feature","properties":{"fid":754},"geometry":{"type":"MultiPolygon","coordinates":[[[[0.017051056152957,-0.015781479770353],[0.017105097443993,-0.015825227480481],[0.017197739657199,-0.015969337584364],[0.017172005709086,-0.016043966030979],[0.01689407906947,-0.016041392636268],[0.016883785490225,-0.015799493533348],[0.017051056152957,-0.015781479770353]]]]}},
{"type":"Feature","properties":{"fid":755},"geometry":{"type":"MultiPolygon","coordinates":[[[[0.017493680060494,-0.004468836375052],[0.017617203011435,-0.004512584086709],[0.017709845224641,-0.004589785930803],[0.017748446146809,-0.004569198772379],[0.017758739726055,-0.004592359325606],[0.017712418619452,-0.004600079510015],[0.017766459910488,-0.004659267590481],[0.017794767253412,-0.004800804304618],[0.017784473674167,-0.004836831831849],[0.017401037847289,-0.004800804304618],[0.017367583714742,-0.004463689585445],[0.017493680060494,-0.004468836375052]]]]}},
{"type":"Feature","properties":{"fid":756},"geometry":{"type":"MultiPolygon","coordinates":[[[[0.017076790101069,-0.023113081160324],[0.017174579103898,-0.023056466479071],[0.017202886446821,-0.023205723365961],[0.017215753420878,-0.023177416025356],[0.0172209002105,-0.02331123254453],[0.01724148736899,-0.023391007777054],[0.017259501132669,-0.023380714198666],[0.017282661685971,-0.023504237139268],[0.017226047000123,-0.023578865582495],[0.017184872683143,-0.023578865582495],[0.017184872683143,-0.023604599528426],[0.017035615784089,-0.023419315117616],[0.017076790101069,-0.023113081160324]]]]}},
{"type":"Feature","properties":{"fid":757},"geometry":{"type":"MultiPolygon","coordinates":[[[[0.018010932417558,-0.021226782904962],[0.018445836140662,-0.021602498521163],[0.018378927875569,-0.021790356328916],[0.01785138193926,-0.02147125539506],[0.018010932417558,-0.021226782904962]]]]}},
{"type":"Feature","properties":{"fid":758},"geometry":{"type":"MultiPolygon","coordinates":[[[[0.023304404547498,-0.015832946991151],[0.023569464201721,-0.015852247450672],[0.023542443557359,-0.016126313975678],[0.023299257758095,-0.016114733699981],[0.023290250876641,-0.015856107542576],[0.023304404547498,-0.015832946991151]]]]}},
{"type":"Feature","properties":{"fid":759},"geometry":{"type":"MultiPolygon","coordinates":[[[[0.020188023564342,-0.013733056984982],[0.020212470814003,-0.013848859743182],[0.020209897419302,-0.01399554323682],[0.019888223081652,-0.013937641857763],[0.019861202437289,-0.013740777168864],[0.020188023564342,-0.013733056984982]]]]}},
{"type":"Feature","properties":{"fid":760},"geometry":{"type":"MultiPolygon","coordinates":[[[[0.022356108600105,-0.013689309276314],[0.022366402178909,-0.014001976723381],[0.022125789774347,-0.014094618929839],[0.021797681949944,-0.014183401044327],[0.021841429659864,-0.013709896433335],[0.022051161328012,-0.013700889552139],[0.022039581051857,-0.013904187727635],[0.022115496195542,-0.01392606158195],[0.022120642984945,-0.013702176249453],[0.022356108600105,-0.013689309276314]]]]}},
{"type":"Feature","properties":{"fid":761},"geometry":{"type":"MultiPolygon","coordinates":[[[[0.019912103992277,-0.010768244933083],[0.020005520589407,-0.010965269025304],[0.019465402809639,-0.01112492647925],[0.019429734654371,-0.011011128081233],[0.019363493794588,-0.010863360012102],[0.019292157484052,-0.010703702558017],[0.019259886295953,-0.010651049567822],[0.019776225305543,-0.010493090597182],[0.01987643583701,-0.010702004074462],[0.019638648135225,-0.01078353128507],[0.019613170881462,-0.010703702558017],[0.019538437603758,-0.010724084360671],[0.01960807543071,-0.010927902387134],[0.019682808708413,-0.0109109175516],[0.019662426905403,-0.01085316911078],[0.019912103992277,-0.010768244933083]]]]}},
{"type":"Feature","properties":{"fid":762},"geometry":{"type":"MultiPolygon","coordinates":[[[[0.015831267012418,-0.007549189946824],[0.016111767046845,-0.007850277137023],[0.016011404649206,-0.007996960639862],[0.015615101848271,-0.00785285053181],[0.015555913767612,-0.007778222082977],[0.015558487162424,-0.007747341345526],[0.015651129375629,-0.007721607397647],[0.01573347800959,-0.00766499271231],[0.015831267012418,-0.007549189946824]]]]}},
{"type":"Feature","properties":{"fid":763},"geometry":{"type":"MultiPolygon","coordinates":[[[[0.016518363427025,-0.020925695732415],[0.016556964349194,-0.021121273724905],[0.016556964349194,-0.021154727855174],[0.016394840476084,-0.021098113173175],[0.016374253317594,-0.020979737019838],[0.016371679922783,-0.020935989310973],[0.016518363427025,-0.020925695732415]]]]}},
{"type":"Feature","properties":{"fid":764},"geometry":{"type":"MultiPolygon","coordinates":[[[[0.000000147115124,-0.000000109403803],[0.000000148963534,-0.000000112469458],[0.000000152299688,-0.000000111049338],[0.000000150857027,-0.000000107825892],[0.000000147115124,-0.000000109403803]]]]}},
{"type":"Feature","properties":{"fid":765},"geometry":{"type":"MultiPolygon","coordinates":[[[[0.018350620532645,-0.014139653936792],[0.018384074665192,-0.014173108068317],[0.01844068935104,-0.014368686067907],[0.018131881973688,-0.014458754883451],[0.018003212233125,-0.014474195251826],[0.018010932417558,-0.014252883305012],[0.018350620532645,-0.014139653936792]]]]}},
{"type":"Feature","properties":{"fid":766},"geometry":{"type":"MultiPolygon","coordinates":[[[[0.018286285662364,-0.013784525463382],[0.0183403269534,-0.014041864936921],[0.018003212233125,-0.014162814489387],[0.018005785627936,-0.01388231446336],[0.018082987472274,-0.013789672252856],[0.018286285662364,-0.013784525463382]]]]}},
{"type":"Feature","properties":{"fid":767},"geometry":{"type":"MultiPolygon","coordinates":[[[[0.012928477665311,-0.023668934393233],[0.013077734564365,-0.023697241733739],[0.013082881353987,-0.023777016966042],[0.013008252904461,-0.023784737149811],[0.01296707858748,-0.023759003203913],[0.012928477665311,-0.023728122468829],[0.012928477665311,-0.023668934393233]]]]}},
{"type":"Feature","properties":{"fid":768},"geometry":{"type":"MultiPolygon","coordinates":[[[[0.016888932279847,-0.005678331931582],[0.017102524049182,-0.005786414513114],[0.017290381870404,-0.005930524621791],[0.017223473605312,-0.006177570522293],[0.016858051542112,-0.006066914546041],[0.016855478147301,-0.005822442040287],[0.016888932279847,-0.005678331931582]]]]}},
{"type":"Feature","properties":{"fid":769},"geometry":{"type":"MultiPolygon","coordinates":[[[[0.016196689075617,-0.026633484929851],[0.016206982654862,-0.026710686765824],[0.016145221179392,-0.026728700527544],[0.016150367969014,-0.026762154656445],[0.016183822101561,-0.026772448234567],[0.016158088153448,-0.02693457208987],[0.01603971199213,-0.026962879429663],[0.016042285386941,-0.026666939058778],[0.016196689075617,-0.026633484929851]]]]}},
{"type":"Feature","properties":{"fid":770},"geometry":{"type":"MultiPolygon","coordinates":[[[[0.013782844742651,-0.023208296760561],[0.013860046586989,-0.023254617863356],[0.013857473192178,-0.023329246306717],[0.013744243820482,-0.02333696649051],[0.013744243820482,-0.023226310522761],[0.013782844742651,-0.023208296760561]]]]}},
{"type":"Feature","properties":{"fid":771},"geometry":{"type":"MultiPolygon","coordinates":[[[[0.01424862920349,-0.024188760099773],[0.014320684258205,-0.024258241753467],[0.014382445733676,-0.02450528763298],[0.014228042045,-0.024494994054676],[0.01424862920349,-0.024188760099773]]]]}},
{"type":"Feature","properties":{"fid":772},"geometry":{"type":"MultiPolygon","coordinates":[[[[0.016204409260051,-0.003936143650555],[0.016724235011926,-0.004093120733657],[0.016701074458625,-0.004376194162122],[0.016618725824664,-0.004376194162122],[0.016191542285995,-0.004255244606336],[0.016204409260051,-0.003936143650555]]]]}},
{"type":"Feature","properties":{"fid":773},"geometry":{"type":"MultiPolygon","coordinates":[[[[0.021539056703802,-0.008107616615653],[0.02171919434059,-0.008431864358495],[0.021196795193904,-0.008503919412423],[0.021150474087301,-0.00840613041066],[0.021539056703802,-0.008107616615653]]]]}},
{"type":"Feature","properties":{"fid":774},"geometry":{"type":"MultiPolygon","coordinates":[[[[0.021644565891064,-0.008951690104387],[0.021690886997666,-0.008977424052185],[0.021845290686342,-0.009278511241282],[0.021837570501909,-0.009299098399501],[0.021654859470309,-0.009368580058483],[0.02163684570663,-0.009366006663706],[0.021482442017954,-0.009059772685125],[0.021523616334934,-0.009010878184319],[0.021644565891064,-0.008951690104387]]]]}},
{"type":"Feature","properties":{"fid":775},"geometry":{"type":"MultiPolygon","coordinates":[[[[0.012079542713597,-0.019623370093514],[0.012125824299543,-0.019637260784897],[0.012200206933724,-0.019659585564708],[0.012328876674287,-0.019896337873239],[0.01221307390778,-0.01988861768927],[0.012084404167217,-0.019847443374766],[0.012068963798349,-0.019749654377776],[0.011963454611087,-0.019734214009825],[0.011932573873352,-0.0196981864846],[0.011953161031842,-0.019587530514219],[0.012079542713597,-0.019623370093514]]]]}},
{"type":"Feature","properties":{"fid":776},"geometry":{"type":"MultiPolygon","coordinates":[[[[0.021020516750181,-0.016767089229875],[0.020997074941204,-0.016737164190597],[0.020986381288452,-0.016723513026603],[0.020863457042766,-0.016566591993506],[0.020883035586405,-0.016533426044689],[0.020942843591682,-0.016432111601742],[0.021195507589862,-0.016073559386386],[0.021467000730839,-0.015531859822388],[0.021750074147971,-0.015629648817418],[0.021774521397633,-0.015881841488601],[0.021824702594306,-0.015986063969969],[0.02191734480355,-0.016101866726983],[0.021867023373065,-0.016209850135614],[0.021861196283021,-0.016222354331919],[0.021826558519091,-0.01629668258091],[0.021815081958869,-0.016321309823803],[0.021784068547759,-0.016387860671212],[0.021778305982908,-0.016400226404626],[0.021774385230816,-0.016408639841419],[0.021763164370593,-0.016432718384525],[0.021762570085211,-0.016433993645593],[0.021749727336533,-0.016461552555645],[0.021729606675553,-0.01644812082058],[0.021637319530771,-0.016386513675562],[0.021357034911678,-0.016212923244607],[0.021271743714583,-0.016353377715508],[0.021271511607154,-0.016353759941661],[0.021266484546421,-0.016362038324182],[0.021020516750181,-0.016767089229875]]]]}},
{"type":"Feature","properties":{"fid":777},"geometry":{"type":"MultiPolygon","coordinates":[[[[0.014228042045,-0.021201048958613],[0.014274363151603,-0.021221636115692],[0.014292376915281,-0.021296264560082],[0.014135399831794,-0.021352879242009],[0.014047904408211,-0.0212370764835],[0.014228042045,-0.021201048958613]]]]}},
{"type":"Feature","properties":{"fid":778},"geometry":{"type":"MultiPolygon","coordinates":[[[[0.013896074114347,-0.020593727823552],[0.013965555774251,-0.020804746184305],[0.013715936477558,-0.020763571870034],[0.013769977768595,-0.020593727823552],[0.013896074114347,-0.020593727823552]]]]}},
{"type":"Feature","properties":{"fid":779},"geometry":{"type":"MultiPolygon","coordinates":[[[[0.012627390472393,-0.021015764544776],[0.012678858368619,-0.021098113173175],[0.012717459290788,-0.021118700330268],[0.012717459290788,-0.021260237035209],[0.012568202391734,-0.021296264560082],[0.012573349181357,-0.021044071885793],[0.012627390472393,-0.021015764544776]]]]}},
{"type":"Feature","properties":{"fid":780},"geometry":{"type":"MultiPolygon","coordinates":[[[[0.015445892425244,-0.007221726555421],[0.015503621988493,-0.007124485441624],[0.015516053609568,-0.007135847675851],[0.015614325059193,-0.007225665666739],[0.015623163514243,-0.007215256742485],[0.015671693160082,-0.007158104060846],[0.015671737035214,-0.007158052389719],[0.015752414327253,-0.007063039877106],[0.015758358086663,-0.00705603999521],[0.015750354240451,-0.00704947273683],[0.015733969613405,-0.00703602894038],[0.015725248623846,-0.007028873256693],[0.015698702428674,-0.007007091763383],[0.015688722284126,-0.006998902926892],[0.015672383800502,-0.007020053429505],[0.015643438846071,-0.007057523267491],[0.015623445171555,-0.007083405489784],[0.015601826325404,-0.007111391530137],[0.015571236932226,-0.007083405489784],[0.015556921253971,-0.007070308167225],[0.015545879612255,-0.007060206239775],[0.015563933526419,-0.00704171198638],[0.015759211957702,-0.006746290771964],[0.015887881698265,-0.006766877930311],[0.016047432176564,-0.006833786194932],[0.016387120291651,-0.00709369906895],[0.016608432245419,-0.007085978884575],[0.016672767115701,-0.007294423862646],[0.016405134055329,-0.007237809177254],[0.0162841844992,-0.007242955966835],[0.016116913836468,-0.007284130283484],[0.01597795051666,-0.007338171574081],[0.015833840407229,-0.007425666996938],[0.015645982586007,-0.007623818395696],[0.015537900003933,-0.007652125738369],[0.015491578897331,-0.007636685369638],[0.015360335761956,-0.00740250644383],[0.0153474687879,-0.007345891758451],[0.015445892425244,-0.007221726555421]]]]}},
{"type":"Feature","properties":{"fid":781},"geometry":{"type":"MultiPolygon","coordinates":[[[[0.023048351774728,-0.013173343652902],[0.023075372419091,-0.01319264411265],[0.023090812787298,-0.01353233220397],[0.022890088000604,-0.013538765690544],[0.02277428523905,-0.013389508801995],[0.022928688921122,-0.013168196863635],[0.023048351774728,-0.013173343652902]]]]}},
{"type":"Feature","properties":{"fid":782},"geometry":{"type":"MultiPolygon","coordinates":[[[[0.01520593207328,-0.022809420596979],[0.01522651923177,-0.022974117851755],[0.015108143070452,-0.023071906846688],[0.015041234805359,-0.023205723365961],[0.015015500857247,-0.02287890225136],[0.01520593207328,-0.022809420596979]]]]}},
{"type":"Feature","properties":{"fid":783},"geometry":{"type":"MultiPolygon","coordinates":[[[[0.016994441467109,-0.004883152938285],[0.017308395634083,-0.004896019912294],[0.01736243692512,-0.005235708026053],[0.017251780948235,-0.005230561236452],[0.017089657075126,-0.005137919023626],[0.016999588256732,-0.005001529099163],[0.016979001098241,-0.004901166701898],[0.016994441467109,-0.004883152938285]]]]}},
{"type":"Feature","properties":{"fid":784},"geometry":{"type":"MultiPolygon","coordinates":[[[[0.021388512192453,-0.014183401044327],[0.021671585609585,-0.014318504261962],[0.021620117715561,-0.014626024918945],[0.021311310351416,-0.014393132705954],[0.021388512192453,-0.014183401044327]]]]}},
{"type":"Feature","properties":{"fid":785},"geometry":{"type":"MultiPolygon","coordinates":[[[[0.016163234943071,-0.019965819528939],[0.016315065236935,-0.019968392923594],[0.016379400107217,-0.020248892940746],[0.016194115680806,-0.020248892940746],[0.016163234943071,-0.019965819528939]]]]}},
{"type":"Feature","properties":{"fid":786},"geometry":{"type":"MultiPolygon","coordinates":[[[[0.0162841844992,-0.023715255495876],[0.016317638631747,-0.023941714219683],[0.016183822101561,-0.023928847246749],[0.016163234943071,-0.023774443571452],[0.0162841844992,-0.023715255495876]]]]}},
{"type":"Feature","properties":{"fid":787},"geometry":{"type":"MultiPolygon","coordinates":[[[[0.015280560522807,-0.016648713787012],[0.015311441260542,-0.016656433971119],[0.015473565133652,-0.016934360598795],[0.014783895324233,-0.017454186327261],[0.014745294402064,-0.017441319353801],[0.014351564995941,-0.017065603728392],[0.015280560522807,-0.016648713787012]]]]}},
{"type":"Feature","properties":{"fid":788},"geometry":{"type":"MultiPolygon","coordinates":[[[[0.017408758031723,-0.026592310617312],[0.017130831392106,-0.026121379416679],[0.017130831392106,-0.02609049868215],[0.017264647922292,-0.026051897763977],[0.017388170873232,-0.026118806022136],[0.017488533270872,-0.026214021620223],[0.017759941026252,-0.026483237622264],[0.017481068297843,-0.026569851963501],[0.017408758031723,-0.026592310617312]]]]}},
{"type":"Feature","properties":{"fid":789},"geometry":{"type":"MultiPolygon","coordinates":[[[[0.021258556669374,-0.018810365324854],[0.020913721764665,-0.018658535039106],[0.020795345603346,-0.018882420375671],[0.020767038260423,-0.018892713954357],[0.020429923540147,-0.018702282748572],[0.02053800612222,-0.018426929518221],[0.020574033649578,-0.018401195571437],[0.021343664275614,-0.018439557220597],[0.021456512037025,-0.018439680436773],[0.021426810023285,-0.018495299477466],[0.021405152196973,-0.018535855230124],[0.021258556669374,-0.018810365324854]]]]}},
{"type":"Feature","properties":{"fid":790},"geometry":{"type":"MultiPolygon","coordinates":[[[[0.013574399762939,-0.024960778472134],[0.013767404373784,-0.024950484893865],[0.013769977768595,-0.024968498655835],[0.013667041976144,-0.025035406914558],[0.013641308028032,-0.025074007833036],[0.013592413526618,-0.025079154622166],[0.013607853895485,-0.025135769302578],[0.013589840131806,-0.025269585819818],[0.013391688731339,-0.025287599581743],[0.013365954783226,-0.025413695915153],[0.013203830910117,-0.02538538857501],[0.013239858437474,-0.025210397744902],[0.013345367624736,-0.025202677561215],[0.013432863048319,-0.025169223431901],[0.013530652051147,-0.025066287649341],[0.013574399762939,-0.024960778472134]]]]}},
{"type":"Feature","properties":{"fid":791},"geometry":{"type":"MultiPolygon","coordinates":[[[[0.015427244027049,-0.022518627006056],[0.015468418344029,-0.0225932554498],[0.015167331151111,-0.022719351785694],[0.015169904545923,-0.022665310498896],[0.015427244027049,-0.022518627006056]]]]}},
{"type":"Feature","properties":{"fid":792},"geometry":{"type":"MultiPolygon","coordinates":[[[[0.014019597065287,-0.024482127081795],[0.014155986990284,-0.024497567449252],[0.014145693411039,-0.02480122800888],[0.014027317249721,-0.02480380140345],[0.014019597065287,-0.024482127081795]]]]}},
{"type":"Feature","properties":{"fid":793},"geometry":{"type":"MultiPolygon","coordinates":[[[[0.016114340441657,-0.019273576365298],[0.016145221179392,-0.019384232335886],[0.016075739519488,-0.019402246098533],[0.015985670701093,-0.019325044258604],[0.015983097306282,-0.019296736917288],[0.016114340441657,-0.019273576365298]]]]}},
{"type":"Feature","properties":{"fid":794},"geometry":{"type":"MultiPolygon","coordinates":[[[[0.012972225377103,-0.020732691134324],[0.013093174933232,-0.020760998475392],[0.013057147405875,-0.020884521418175],[0.013057147405875,-0.02097459023056],[0.013015973088894,-0.021008044360861],[0.012871862979464,-0.020845920498566],[0.012972225377103,-0.020732691134324]]]]}},
{"type":"Feature","properties":{"fid":795},"geometry":{"type":"MultiPolygon","coordinates":[[[[0.019557542699128,-0.023313805939128],[0.019863413829958,-0.022925114420278],[0.019963749179473,-0.023224127786527],[0.020141703321285,-0.023671507787825],[0.020141703321285,-0.023735842652601],[0.019750547309973,-0.023810471095704],[0.019740253730728,-0.023722975679648],[0.019760840889218,-0.023676654577008],[0.019773707863275,-0.023437328879789],[0.01984576291799,-0.023429608696001],[0.019856056497235,-0.023380714198666],[0.019830322549122,-0.02333696649051],[0.019727386756672,-0.023347260068901],[0.019699079413748,-0.023354980252694],[0.019681065650069,-0.023396154566247],[0.019655331701956,-0.023836205041592],[0.019434019748188,-0.023861938987475],[0.019593570226486,-0.023501663744673],[0.019590996831675,-0.023437328879789],[0.019547249119883,-0.023344686674303],[0.019557542699128,-0.023313805939128]]]]}},
{"type":"Feature","properties":{"fid":796},"geometry":{"type":"MultiPolygon","coordinates":[[[[0.000000119076493,-0.00000010329016],[0.000000120205565,-0.000000107409749],[0.000000125591547,-0.000000105151604],[0.000000124965979,-0.000000101428716],[0.000000119076493,-0.00000010329016]]]]}},
{"type":"Feature","properties":{"fid":797},"geometry":{"type":"MultiPolygon","coordinates":[[[[0.017879689282184,-0.023035879322246],[0.017964611310956,-0.023120801344129],[0.018046959944916,-0.023285498598545],[0.018049533339727,-0.023576292187902],[0.017998065443502,-0.023684374760782],[0.017959464521333,-0.023715255495876],[0.017766459910488,-0.023223737128161],[0.017781900279356,-0.02315940226315],[0.017879689282184,-0.023035879322246]]]]}},
{"type":"Feature","properties":{"fid":798},"geometry":{"type":"MultiPolygon","coordinates":[[[[0.012249101435138,-0.012055204194244],[0.01227483538325,-0.012183873931929],[0.012279982172873,-0.012392318906847],[0.01172412889364,-0.012618777644844],[0.011757583026186,-0.01223019503748],[0.012249101435138,-0.012055204194244]]]]}},
{"type":"Feature","properties":{"fid":799},"geometry":{"type":"MultiPolygon","coordinates":[[[[0.014503395289805,-0.021939613217102],[0.014711840269518,-0.021944760006347],[0.01471698705914,-0.022091443499758],[0.014511115474239,-0.022109457262097],[0.014503395289805,-0.021939613217102]]]]}},
{"type":"Feature","properties":{"fid":800},"geometry":{"type":"MultiPolygon","coordinates":[[[[0.018363487506702,-0.005894497094626],[0.018515317800566,-0.006270212734952],[0.018221950792082,-0.006373148526776],[0.018113868210009,-0.006262492550565],[0.018098427841141,-0.006218744839033],[0.018201363633592,-0.006069487940838],[0.018191070054347,-0.005935671411386],[0.018363487506702,-0.005894497094626]]]]}},
{"type":"Feature","properties":{"fid":801},"geometry":{"type":"MultiPolygon","coordinates":[[[[0.015862147750153,-0.00620073107546],[0.016127207415713,-0.00636542834239],[0.016124634020902,-0.006756584351137],[0.015802959669494,-0.006640781585422],[0.015805533064305,-0.006540419188446],[0.015846707381285,-0.006424616422681],[0.015862147750153,-0.00620073107546]]]]}},
{"type":"Feature","properties":{"fid":802},"geometry":{"type":"MultiPolygon","coordinates":[[[[0.016150367969014,-0.009878112223925],[0.016384546896839,-0.010024795725954],[0.016206982654862,-0.010261548044881],[0.016075739519488,-0.010395364572892],[0.015802959669494,-0.01028213520304],[0.015802959669494,-0.010251254465801],[0.016150367969014,-0.009878112223925]]]]}},
{"type":"Feature","properties":{"fid":803},"geometry":{"type":"MultiPolygon","coordinates":[[[[0.018399515034059,-0.015621929298046],[0.018548771933113,-0.015627076087477],[0.018579652670848,-0.015645089850485],[0.018605386618961,-0.015889562348298],[0.018512744405755,-0.015853534822323],[0.018497304036887,-0.015871548585311],[0.01848186366802,-0.015796920138635],[0.018417528797738,-0.015791773349208],[0.018407235218493,-0.015820080691054],[0.018422675587361,-0.016018232083873],[0.018484437062831,-0.016015658689163],[0.018507597616132,-0.015956470610807],[0.018607960013772,-0.015979631163209],[0.018597666434527,-0.016077420162211],[0.018484437062831,-0.016131461451113],[0.018314593005288,-0.016118594477566],[0.018301726031231,-0.016077420162211],[0.018250258135006,-0.015655383429347],[0.018399515034059,-0.015621929298046]]]]}},
{"type":"Feature","properties":{"fid":804},"geometry":{"type":"MultiPolygon","coordinates":[[[[0.000000156824822,-0.000000087814326],[0.00000015500465,-0.000000086428453],[0.000000156797434,-0.000000083437937],[0.000000158689394,-0.000000084635669],[0.000000159139497,-0.000000085009484],[0.000000156824822,-0.000000087814326]]]]}},
{"type":"Feature","properties":{"fid":805},"geometry":{"type":"MultiPolygon","coordinates":[[[[0.016574978112873,-0.022374516907685],[0.016574978112873,-0.022577815082132],[0.016235289997786,-0.022629282974352],[0.016134927600147,-0.022523773795281],[0.016150367969014,-0.022498039849155],[0.016232716602975,-0.022513480216831],[0.01632535881618,-0.022480026086864],[0.016397413870896,-0.022374516907685],[0.016574978112873,-0.022374516907685]]]]}},
{"type":"Feature","properties":{"fid":806},"geometry":{"type":"MultiPolygon","coordinates":[[[[0.013324780466246,-0.019749654377776],[0.013540945630392,-0.019736787404483],[0.013553812604449,-0.019803695665593],[0.013324780466246,-0.020030154395302],[0.013226991463418,-0.020001847054105],[0.013175523567193,-0.019801122270936],[0.013324780466246,-0.019749654377776]]]]}},
{"type":"Feature","properties":{"fid":807},"geometry":{"type":"MultiPolygon","coordinates":[[[[0.013355661203981,-0.019193801130644],[0.013419996074263,-0.01926070939197],[0.013229564858229,-0.019371365362566],[0.013175523567193,-0.019265856181301],[0.013198684120494,-0.019132039658628],[0.013260445595964,-0.019093438738607],[0.013512638287468,-0.019080571765264],[0.013615574079919,-0.019150053421302],[0.013636161238409,-0.019198947919978],[0.01351521168228,-0.019271002970633],[0.013370107000393,-0.019167366971163],[0.013342215125204,-0.019147446164158],[0.013245928969832,-0.019202466821289],[0.013269687891287,-0.019242481844647],[0.013355661203981,-0.019193801130644]]]]}},
{"type":"Feature","properties":{"fid":808},"geometry":{"type":"MultiPolygon","coordinates":[[[[0.014001583301609,-0.020079048893721],[0.01416628056953,-0.020097062656293],[0.014297523704904,-0.020079048893721],[0.014346418206318,-0.020187131469121],[0.014143120016228,-0.020192278258424],[0.014137973226606,-0.020261759913999],[0.013991289722364,-0.020241172756795],[0.014001583301609,-0.020079048893721]]]]}},
{"type":"Feature","properties":{"fid":809},"geometry":{"type":"MultiPolygon","coordinates":[[[[0.015360335761956,-0.026535695937549],[0.015504445871387,-0.026610324379049],[0.015635689006761,-0.026638631718917],[0.01563311561195,-0.026818769336104],[0.01557135413648,-0.026823916125163],[0.01555076697799,-0.026762154656445],[0.015522459635066,-0.026764728050976],[0.015517312845443,-0.026813622547045],[0.015463271554407,-0.026805902363457],[0.015290854102052,-0.026661792269713],[0.015360335761956,-0.026535695937549]]]]}},
{"type":"Feature","properties":{"fid":810},"geometry":{"type":"MultiPolygon","coordinates":[[[[0.014143120016228,-0.027106989523051],[0.014238335624245,-0.027125003284713],[0.014475087946881,-0.027222792276543],[0.014516262263861,-0.027243379432707],[0.014521409053484,-0.027269113377908],[0.01420745488651,-0.027281980350507],[0.014143120016228,-0.027106989523051]]]]}},
{"type":"Feature","properties":{"fid":811},"geometry":{"type":"MultiPolygon","coordinates":[[[[0.018270845293496,-0.020866507655692],[0.018535904959056,-0.021365746215171],[0.01848186366802,-0.021520149893033],[0.018070120498218,-0.021159874644446],[0.018270845293496,-0.020866507655692]]]]}},
{"type":"Feature","properties":{"fid":812},"geometry":{"type":"MultiPolygon","coordinates":[[[[0.000000149014081,-0.000000113363724],[0.000000149349751,-0.000000114324961],[0.000000149349751,-0.000000115728673],[0.000000150783979,-0.000000115179394],[0.000000153820268,-0.000000113516301],[0.000000153057381,-0.000000112082074],[0.000000152614907,-0.000000111593826],[0.000000149014081,-0.000000113363724]]]]}},
{"type":"Feature","properties":{"fid":813},"geometry":{"type":"MultiPolygon","coordinates":[[[[0.017879689282184,-0.006133822810754],[0.018152469132178,-0.00640917605391],[0.018160189316612,-0.006530125609268],[0.018142175552933,-0.006563579741596],[0.018088134261896,-0.006586740294745],[0.017738152567564,-0.006671662322949],[0.017738152567564,-0.006535272398857],[0.017779326884545,-0.006344841184027],[0.017879689282184,-0.006133822810754]]]]}},
{"type":"Feature","properties":{"fid":814},"geometry":{"type":"MultiPolygon","coordinates":[[[[0.016076917283584,-0.011096005157763],[0.016311538465722,-0.011346936898553],[0.016583799409701,-0.011691968041782],[0.016739377091974,-0.011586576710804],[0.016682917449213,-0.011467384134055],[0.016815911274383,-0.011373284731323],[0.016761960949078,-0.011299259867819],[0.016884917504423,-0.011201396488921],[0.016631476441365,-0.010878949201809],[0.016522321132028,-0.010963011335058],[0.016437004338523,-0.010906551693326],[0.01629397324353,-0.011026998929009],[0.016201128497657,-0.010968029969879],[0.016076917283584,-0.011096005157763]],[[0.016342103808783,-0.011157874406279],[0.016391359832725,-0.011116261559253],[0.016595177862826,-0.011357446223568],[0.016543374113509,-0.011404154521211],[0.016342103808783,-0.011157874406279]],[[0.016591780895658,-0.011074648712221],[0.016643584644975,-0.011026241930972],[0.016734453516729,-0.011130698669446],[0.016677554316659,-0.011181653176006],[0.016591780895658,-0.011074648712221]]]]}},
{"type":"Feature","properties":{"fid":815},"geometry":{"type":"MultiPolygon","coordinates":[[[[0.000000145438049,-0.000000078746182],[0.000000145087121,-0.000000079806595],[0.000000144911657,-0.00000008011175],[0.000000147482586,-0.000000081423915],[0.00000014765805,-0.000000080821235],[0.000000147757225,-0.000000079859997],[0.000000147719081,-0.000000079493812],[0.000000145438049,-0.000000078746182]]]]}},
{"type":"Feature","properties":{"fid":816},"geometry":{"type":"MultiPolygon","coordinates":[[[[0.016132354205335,-0.014291484225983],[0.016276464314766,-0.01428376404179],[0.016279037709578,-0.014304351199639],[0.016276464314766,-0.014574557646241],[0.016106620257223,-0.014644039303886],[0.016132354205335,-0.014291484225983]]]]}},
{"type":"Feature","properties":{"fid":817},"geometry":{"type":"MultiPolygon","coordinates":[[[[0.016922386412394,-0.008467891885461],[0.017089657075126,-0.008521933175903],[0.01693525338645,-0.008825593760153],[0.016922386412394,-0.008738098337597],[0.016922386412394,-0.008467891885461]]]]}},
{"type":"Feature","properties":{"fid":818},"geometry":{"type":"MultiPolygon","coordinates":[[[[0.013811152085575,-0.021082672805354],[0.013865193376612,-0.021092966383902],[0.013944968615761,-0.021188181985437],[0.013898647509158,-0.021267957219111],[0.013811152085575,-0.021159874644446],[0.013811152085575,-0.021082672805354]]]]}},
{"type":"Feature","properties":{"fid":819},"geometry":{"type":"MultiPolygon","coordinates":[[[[0.014767870152452,-0.027063016711993],[0.014850803589326,-0.027027214292804],[0.014876537537438,-0.027050374843526],[0.014935725618098,-0.027225365671064],[0.014890875362401,-0.027232045495626],[0.014814477173793,-0.027242632212354],[0.014790315008314,-0.027245980433119],[0.014750608904356,-0.027251482622144],[0.01465522558367,-0.027258819799829],[0.014626918240746,-0.027112136312098],[0.014767870152452,-0.027063016711993]]]]}},
{"type":"Feature","properties":{"fid":820},"geometry":{"type":"MultiPolygon","coordinates":[[[[0.02082365294627,-0.010791667367052],[0.020887987816552,-0.010912616921012],[0.020960042871267,-0.011257451819267],[0.020702703390141,-0.011213704108317],[0.020651235493916,-0.011072167396374],[0.020648662099104,-0.011043860053977],[0.020710423574575,-0.011000112342995],[0.020738730917499,-0.010943497658186],[0.020738730917499,-0.010874015999541],[0.020712996969386,-0.010814827919942],[0.02082365294627,-0.010791667367052]]]]}},
{"type":"Feature","properties":{"fid":821},"geometry":{"type":"MultiPolygon","coordinates":[[[[0.022680356332456,-0.01184547201876],[0.022841193501281,-0.012347283974309],[0.022841193501281,-0.012411618840338],[0.022583854031161,-0.01231640323861],[0.022680356332456,-0.01184547201876]]]]}},
{"type":"Feature","properties":{"fid":822},"geometry":{"type":"MultiPolygon","coordinates":[[[[0.016258450551087,-0.026628338140784],[0.016459175346366,-0.026592310617312],[0.016448881767121,-0.026867663832152],[0.016376826712406,-0.026888250988377],[0.0162841844992,-0.026795608785338],[0.016330505605803,-0.026772448234567],[0.016333079000614,-0.026736420711137],[0.016320212026558,-0.026715833554887],[0.016261023945899,-0.026723553738481],[0.016258450551087,-0.026628338140784]]]]}},
{"type":"Feature","properties":{"fid":823},"geometry":{"type":"MultiPolygon","coordinates":[[[[0.016312491842124,-0.008310914803657],[0.016515790032214,-0.00833150196193],[0.016683060694946,-0.008398410226309],[0.016680487300135,-0.008521933175903],[0.016636739588343,-0.008717511179346],[0.016258450551087,-0.008596561624597],[0.016302198262879,-0.008480758859376],[0.016312491842124,-0.008310914803657]]]]}},
{"type":"Feature","properties":{"fid":824},"geometry":{"type":"MultiPolygon","coordinates":[[[[0.021521713398265,-0.016969795330363],[0.021558356242732,-0.017145378234385],[0.021343477785181,-0.017234160347581],[0.0210616910654,-0.01683657088382],[0.021136739571058,-0.016739105296239],[0.02116214864983,-0.016703893677983],[0.021206803975237,-0.016642010825566],[0.021317377489521,-0.016700079612374],[0.02132886304376,-0.016681111046329],[0.021338326309469,-0.01666548232029],[0.02135864298468,-0.016631929024767],[0.02124672595993,-0.016568780315128],[0.021248918011526,-0.01656555893175],[0.021259082389972,-0.016550621619222],[0.021324974520296,-0.016443105846705],[0.021332470606498,-0.016430874530233],[0.021389798889803,-0.016337332332708],[0.021600797466855,-0.016459266178774],[0.021734096467154,-0.016533454551806],[0.021718716230289,-0.016558281173946],[0.02172562689831,-0.016562504359783],[0.0218118356208,-0.017106777315592],[0.021609824136756,-0.017129937866869],[0.021575286834268,-0.01695111136377],[0.021563134261968,-0.016953023004273],[0.02151964093928,-0.016959864650239],[0.021521713398265,-0.016969795330363]]]]}},
{"type":"Feature","properties":{"fid":825},"geometry":{"type":"MultiPolygon","coordinates":[[[[0.015594514689781,-0.02062460855929],[0.01577465232657,-0.020706957187894],[0.015682010113364,-0.020933415916333],[0.015643409191195,-0.020822759946796],[0.015594514689781,-0.02062460855929]]]]}},
{"type":"Feature","properties":{"fid":826},"geometry":{"type":"MultiPolygon","coordinates":[[[[0.017491106665683,-0.026656645480648],[0.017532280982663,-0.026656645480648],[0.017570881904832,-0.026823916125163],[0.017493680060494,-0.026844503281395],[0.017488533270872,-0.026702966582228],[0.017483386481249,-0.026847076675924],[0.017282661685971,-0.026906264750071],[0.017226047000123,-0.026723553738481],[0.017478239691627,-0.026654072086115],[0.017491106665683,-0.026697819793165],[0.017491106665683,-0.026656645480648]]]]}},
{"type":"Feature","properties":{"fid":827},"geometry":{"type":"MultiPolygon","coordinates":[[[[0.01835302836988,-0.02460707961833],[0.018405821705319,-0.024677553510858],[0.018454134646783,-0.024742046519575],[0.018500402020144,-0.024697029619954],[0.01847820377128,-0.024659195676529],[0.018484581165986,-0.024657069878491],[0.01857292925406,-0.024606995820667],[0.018714232313243,-0.024743296989009],[0.018627629021416,-0.024798111490518],[0.018605386618961,-0.02481924177087],[0.018378927875569,-0.024963351866701],[0.018072693893029,-0.024847549111135],[0.018041813155294,-0.024631383967139],[0.018528184774623,-0.024186186705191],[0.018963088497726,-0.024458966530606],[0.018759790307636,-0.024680278464026],[0.018579652670848,-0.024531021578736],[0.018432969166606,-0.02461079681055],[0.018391794849626,-0.024574769286511],[0.01835302836988,-0.02460707961833]]]]}},
{"type":"Feature","properties":{"fid":828},"geometry":{"type":"MultiPolygon","coordinates":[[[[0.020862253868439,-0.023161975657751],[0.021042391505228,-0.023620039895983],[0.020651235493916,-0.023645773841906],[0.020288386825527,-0.023697241733739],[0.020386175828355,-0.023506810533862],[0.020499405200051,-0.023375567409472],[0.020671822652406,-0.023244324284959],[0.020862253868439,-0.023161975657751]]]]}},
{"type":"Feature","properties":{"fid":829},"geometry":{"type":"MultiPolygon","coordinates":[[[[0.02070012999533,-0.009497249797303],[0.020785052024101,-0.009605332377874],[0.020602340992502,-0.009710841563637],[0.020463377672693,-0.009849804881421],[0.020288386825527,-0.00971856174796],[0.020329561142508,-0.009677387431569],[0.02070012999533,-0.009497249797303]]]]}},
{"type":"Feature","properties":{"fid":830},"geometry":{"type":"MultiPolygon","coordinates":[[[[0.012815248293616,-0.021810943485916],[0.013136922645024,-0.021903585692381],[0.013136922645024,-0.022073429737417],[0.013252725411531,-0.022184085706048],[0.013239858437474,-0.0223770903023],[0.013080307959176,-0.022312755436911],[0.013021119878517,-0.022073429737417],[0.013026266668139,-0.021975640741814],[0.012969651982292,-0.022019388450381],[0.012846129031351,-0.021973067347192],[0.012815248293616,-0.021810943485916]]]]}},
{"type":"Feature","properties":{"fid":831},"geometry":{"type":"MultiPolygon","coordinates":[[[[0.013973275958685,-0.022796553623942],[0.014073638356324,-0.022868608672936],[0.014099372304437,-0.022930370143473],[0.013782844742651,-0.022938090327289],[0.013793138321896,-0.022778539861687],[0.013973275958685,-0.022796553623942]]]]}},
{"type":"Feature","properties":{"fid":832},"geometry":{"type":"MultiPolygon","coordinates":[[[[0.014249147412179,-0.011285897603981],[0.01426952921519,-0.011712216975023],[0.014471648761707,-0.011707121524377],[0.014687356176897,-0.011729201810509],[0.014760390971017,-0.011306279406595],[0.014500522982638,-0.011277405186225],[0.014249147412179,-0.011285897603981]]]]}},
{"type":"Feature","properties":{"fid":833},"geometry":{"type":"MultiPolygon","coordinates":[[[[0.015589367900159,-0.023800177517347],[0.015599661479404,-0.023941714219683],[0.015427244027049,-0.023982888533062],[0.015414377052993,-0.02387995274959],[0.015473565133652,-0.023859365592887],[0.015481285318086,-0.023802750911936],[0.015589367900159,-0.023800177517347]]]]}},
{"type":"Feature","properties":{"fid":834},"geometry":{"type":"MultiPolygon","coordinates":[[[[0.014441633814335,-0.01912946626396],[0.014578023739332,-0.019150053421302],[0.014603757687444,-0.019309603890614],[0.014644932004425,-0.019417686466515],[0.014266642967169,-0.019471727754439],[0.014441633814335,-0.01912946626396]]]]}},
{"type":"Feature","properties":{"fid":835},"geometry":{"type":"MultiPolygon","coordinates":[[[[0.014318110863394,-0.019855163558736],[0.014418473261033,-0.019844869980109],[0.014490528315749,-0.020014714027377],[0.014603757687444,-0.020130516786778],[0.014529129237918,-0.020351828726736],[0.014392739312921,-0.020153677338648],[0.014266642967169,-0.019891191083927],[0.014318110863394,-0.019855163558736]]]]}},
{"type":"Feature","properties":{"fid":836},"geometry":{"type":"MultiPolygon","coordinates":[[[[0.016588171618041,-0.012619592001197],[0.016625538256893,-0.012726596464382],[0.016625538256893,-0.012882856950224],[0.016785195713806,-0.012821711542732],[0.017123193947057,-0.012636576836626],[0.017038269767848,-0.012476919383547],[0.016989013743907,-0.012422567910137],[0.016588171618041,-0.012619592001197]]]]}},
{"type":"Feature","properties":{"fid":837},"geometry":{"type":"MultiPolygon","coordinates":[[[[0.014042757618589,-0.019711053457896],[0.014011876880854,-0.019788255297647],[0.014035037434155,-0.019898911267895],[0.013970702563873,-0.01993236539842],[0.013934675036516,-0.019868030532019],[0.013939821826138,-0.019708480063237],[0.014042757618589,-0.019711053457896]]]]}},
{"type":"Feature","properties":{"fid":838},"geometry":{"type":"MultiPolygon","coordinates":[[[[0.016863198331735,-0.022714204996476],[0.017120537812861,-0.022961250878732],[0.017004735046354,-0.023053893084468],[0.016713941432681,-0.022904636197419],[0.016863198331735,-0.022714204996476]]]]}},
{"type":"Feature","properties":{"fid":839},"geometry":{"type":"MultiPolygon","coordinates":[[[[0.016716514827492,-0.023004998587004],[0.016896652464281,-0.023082200425098],[0.016999588256732,-0.023154255473948],[0.016963560729374,-0.02340902153923],[0.016729381801549,-0.023547984847371],[0.016713941432681,-0.023532544479807],[0.016716514827492,-0.023004998587004]]]]}},
{"type":"Feature","properties":{"fid":840},"geometry":{"type":"MultiPolygon","coordinates":[[[[0.016757689144473,-0.008426717568928],[0.016855478147301,-0.008447304727195],[0.016855478147301,-0.008810153391468],[0.016713941432681,-0.008748391916723],[0.016757689144473,-0.008426717568928]]]]}},
{"type":"Feature","properties":{"fid":841},"geometry":{"type":"MultiPolygon","coordinates":[[[[0.016713941432681,-0.022101737078237],[0.016888932279847,-0.022117177445955],[0.017084510285503,-0.022199526073758],[0.017071643311447,-0.022232980203789],[0.016999588256732,-0.022243273782259],[0.01701760202041,-0.022392530669989],[0.016721661617115,-0.022747659126389],[0.016713941432681,-0.022101737078237]]]]}},
{"type":"Feature","properties":{"fid":842},"geometry":{"type":"MultiPolygon","coordinates":[[[[0.021410577882554,-0.012412241863216],[0.021019729833904,-0.012354907865907],[0.021016158767107,-0.012421567777888],[0.021412604365711,-0.012494609700424],[0.021402666778805,-0.0126059106711],[0.020908574975042,-0.01250040148637],[0.020895708000986,-0.012212181274211],[0.021400093383994,-0.012307396880048],[0.021410577882554,-0.012412241863216]]]]}},
{"type":"Feature","properties":{"fid":843},"geometry":{"type":"MultiPolygon","coordinates":[[[[0.017503131487647,-0.023556966888412],[0.017515933397118,-0.023501150119333],[0.01754514795672,-0.023424461906808],[0.017694404855773,-0.023275205020149],[0.017722712198697,-0.023306085755333],[0.017889982861429,-0.023800177517347],[0.017805060832657,-0.023869659171239],[0.017766459910488,-0.023861938987475],[0.017691831460962,-0.023769296782273],[0.017720138803886,-0.023643200447314],[0.01764808374917,-0.023622613290575],[0.017583748878889,-0.023859365592887],[0.01764808374917,-0.02387995274959],[0.01766867090766,-0.023843925225357],[0.017730432383131,-0.023923700457575],[0.017580833181951,-0.024043379808034],[0.01751116093651,-0.024093695467971],[0.017502527319013,-0.024099930463831],[0.017471890815031,-0.023957376947635],[0.017458760884753,-0.023750424254998],[0.017503131487647,-0.023556966888412]]]]}},
{"type":"Feature","properties":{"fid":844},"geometry":{"type":"MultiPolygon","coordinates":[[[[0.013216697884173,-0.026067338131247],[0.013245005227097,-0.02623975556564],[0.013136922645024,-0.026268062905592],[0.013118908881345,-0.026144539967572],[0.013216697884173,-0.026067338131247]]]]}},
{"type":"Feature","properties":{"fid":845},"geometry":{"type":"MultiPolygon","coordinates":[[[[0.021732061314647,-0.008503919412423],[0.021780955816061,-0.008521933175903],[0.021894185187756,-0.008761258890629],[0.021706327366534,-0.008843607523617],[0.021531336519368,-0.008539946939383],[0.021732061314647,-0.008503919412423]]]]}},
{"type":"Feature","properties":{"fid":846},"geometry":{"type":"MultiPolygon","coordinates":[[[[0.013720178857187,-0.019117051795115],[0.013646454817654,-0.019111452501285],[0.013602707105863,-0.019080571765264],[0.013656748396899,-0.018861833218298],[0.013710789687936,-0.018753750642048],[0.01394239522095,-0.018825805692889],[0.013888353929913,-0.018951902031788],[0.013849753007744,-0.019126892869292],[0.013752882311435,-0.019119535601628],[0.013776128059154,-0.018985510366362],[0.013833649658467,-0.018996764591696],[0.013836150597568,-0.018958625272504],[0.013711728877314,-0.018942994403981],[0.013704226060013,-0.018976131845249],[0.013742365381296,-0.018983009427398],[0.013720178857187,-0.019117051795115]]]]}},
{"type":"Feature","properties":{"fid":847},"geometry":{"type":"MultiPolygon","coordinates":[[[[0.014519791683539,-0.007429666893576],[0.014423620050656,-0.007376772495932],[0.014418473261033,-0.00732015781055],[0.014467367762447,-0.00715031375436],[0.014575450344521,-0.006967602724147],[0.014704120085084,-0.006841506379311],[0.014832789825647,-0.006764304535517],[0.015221372442148,-0.007345891758451],[0.015193065099224,-0.007399933049041],[0.015115863254886,-0.007428240391727],[0.014845656799703,-0.007389639469881],[0.014771028350177,-0.007430813786517],[0.014701546690272,-0.007531176183301],[0.014608904477067,-0.007487428471885],[0.014599950398834,-0.007463924016723],[0.014804883251925,-0.0072637570456],[0.014634662401279,-0.007163767176083],[0.01460014208891,-0.007230427089097],[0.014683466980835,-0.007278041312673],[0.014519791683539,-0.007429666893576]]]]}},
{"type":"Feature","properties":{"fid":848},"geometry":{"type":"MultiPolygon","coordinates":[[[[0.021989399855183,-0.016167488289262],[0.022338094837196,-0.016307738294845],[0.022253172812056,-0.016649999775949],[0.021831136081059,-0.016481442430065],[0.021989399855183,-0.016167488289262]]]]}},
{"type":"Feature","properties":{"fid":849},"geometry":{"type":"MultiPolygon","coordinates":[[[[0.018474143483586,-0.014453608093992],[0.018569359091603,-0.014662053066976],[0.018348047137834,-0.01477270904021],[0.018366060901513,-0.0149271127237],[0.018260551714251,-0.014957993460385],[0.018049533339727,-0.014973433828725],[0.01801350581237,-0.014577131040969],[0.018474143483586,-0.014453608093992]]]]}},
{"type":"Feature","properties":{"fid":850},"geometry":{"type":"MultiPolygon","coordinates":[[[[0.022303354962747,-0.008521933175903],[0.022408864150009,-0.008570827676774],[0.022195272380674,-0.008586268045468],[0.022205565959919,-0.008545093728948],[0.022303354962747,-0.008521933175903]]]]}},
{"type":"Feature","properties":{"fid":851},"geometry":{"type":"MultiPolygon","coordinates":[[[[0.016456601951555,-0.026214021620223],[0.016469468925611,-0.026298943640078],[0.016451455161932,-0.026515108781265],[0.016050005571375,-0.026589737222778],[0.016057725755809,-0.026365851898104],[0.016145221179392,-0.026409599605256],[0.016232716602975,-0.026329824374556],[0.01626359734071,-0.026373572081721],[0.016217276234107,-0.026432760156095],[0.016261023945899,-0.02646364089054],[0.016456601951555,-0.026214021620223]]]]}},
{"type":"Feature","properties":{"fid":852},"geometry":{"type":"MultiPolygon","coordinates":[[[[0.014341271416695,-0.008213125801845],[0.014503395289805,-0.008272313881892],[0.014529129237918,-0.008388116647175],[0.014251202598301,-0.008421570779361],[0.014238335624245,-0.008303194619304],[0.014341271416695,-0.008213125801845]]]]}},
{"type":"Feature","properties":{"fid":853},"geometry":{"type":"MultiPolygon","coordinates":[[[[0.017398464452478,-0.023581438977088],[0.017411331426534,-0.02361746650139],[0.017388170873232,-0.023882526144178],[0.017421625005779,-0.02408839771104],[0.017372730504365,-0.024157879364786],[0.01732126260814,-0.024188760099773],[0.017202886446821,-0.0241990536781],[0.017071643311447,-0.024178466521444],[0.017048482758146,-0.024132145418958],[0.01701760202041,-0.02387995274959],[0.017398464452478,-0.023581438977088]]]]}},
{"type":"Feature","properties":{"fid":854},"geometry":{"type":"MultiPolygon","coordinates":[[[[0.017982625074635,-0.020393003041113],[0.018224524186893,-0.020768718659319],[0.018018652601992,-0.021056938858981],[0.017900276440674,-0.020966870046643],[0.017864248913316,-0.020887094812815],[0.017838514965204,-0.020724970950395],[0.017833368175581,-0.020498512221658],[0.017982625074635,-0.020393003041113]]]]}},
{"type":"Feature","properties":{"fid":855},"geometry":{"type":"MultiPolygon","coordinates":[[[[0.015875014724209,-0.023270058230951],[0.015926482620434,-0.023620039895983],[0.015828693617606,-0.023640627052722],[0.015718037640722,-0.023450195852768],[0.01579523948506,-0.02339358117165],[0.015792666090249,-0.023288071993143],[0.015875014724209,-0.023270058230951]]]]}},
{"type":"Feature","properties":{"fid":856},"geometry":{"type":"MultiPolygon","coordinates":[[[[0.021976533821717,-0.020452191118013],[0.021999694375018,-0.020851067287848],[0.021989400795773,-0.021321998506415],[0.021490162202388,-0.021383759977596],[0.021171061245791,-0.021350305847376],[0.021171061245791,-0.021327145295681],[0.021976533821717,-0.020452191118013]]]]}},
{"type":"Feature","properties":{"fid":857},"geometry":{"type":"MultiPolygon","coordinates":[[[[0.012549389965313,-0.008731590643009],[0.012552786932481,-0.009050056311207],[0.012714142872978,-0.009036468442703],[0.012692062586384,-0.008729892159444],[0.012549389965313,-0.008731590643009]]]]}},
{"type":"Feature","properties":{"fid":858},"geometry":{"type":"MultiPolygon","coordinates":[[[[0.013669615370955,-0.019240122234641],[0.01375968418935,-0.019348204810586],[0.013795711716707,-0.019466580965114],[0.013672188765767,-0.019464007570451],[0.013605280500674,-0.019340484626593],[0.013574399762939,-0.019319897469274],[0.013669615370955,-0.019240122234641]]]]}},
{"type":"Feature","properties":{"fid":859},"geometry":{"type":"MultiPolygon","coordinates":[[[[0.012426665677115,-0.017469626695412],[0.01306744098512,-0.017515947799855],[0.013100895117666,-0.017624030376847],[0.013013399694083,-0.017608590008709],[0.013033986852573,-0.017634323955604],[0.013003106114838,-0.017662631297185],[0.013039133642196,-0.01767549827063],[0.013005679509649,-0.017696085428139],[0.013049427221441,-0.017706379006893],[0.013010826299272,-0.01771152579627],[0.013010826299272,-0.017770713874092],[0.013144642829458,-0.017755273505966],[0.013206404304928,-0.017994599211767],[0.012866716189841,-0.017958571686182],[0.012694298737486,-0.017914823976534],[0.012617096893148,-0.017871076266876],[0.012509014311075,-0.017742406532527],[0.012426665677115,-0.017469626695412]]]]}},
{"type":"Feature","properties":{"fid":860},"geometry":{"type":"MultiPolygon","coordinates":[[[[0.01439016591811,-0.024927324342758],[0.014469941157259,-0.024940191315596],[0.01449310171056,-0.025037980309123],[0.014446780603957,-0.025066287649341],[0.01439016591811,-0.024927324342758]]]]}},
{"type":"Feature","properties":{"fid":861},"geometry":{"type":"MultiPolygon","coordinates":[[[[0.014405606286977,-0.026880530804793],[0.01449310171056,-0.027096695944958],[0.014503395289805,-0.027173897780638],[0.014112239278493,-0.027040081265428],[0.014058197987456,-0.026885677593849],[0.014405606286977,-0.026880530804793]]]]}},
{"type":"Feature","properties":{"fid":862},"geometry":{"type":"MultiPolygon","coordinates":[[[[0.016659900141645,-0.017158245937466],[0.016695927669002,-0.017168539516249],[0.016734528591171,-0.017225154199547],[0.016924959807205,-0.017539108352073],[0.016927533202016,-0.01759057624588],[0.016912092833149,-0.01758028266712],[0.016819450619943,-0.017726966164399],[0.016708794643059,-0.017811888189087],[0.016515790032214,-0.017883943240306],[0.016376826712406,-0.017886516634992],[0.016021698228451,-0.017402718433417],[0.016659900141645,-0.017158245937466]]]]}},
{"type":"Feature","properties":{"fid":863},"geometry":{"type":"MultiPolygon","coordinates":[[[[0.022937695802576,-0.012548008756266],[0.02311783343166,-0.012603336741009],[0.02305349856413,-0.013105148695113],[0.022906815066162,-0.013094855116577],[0.022783292120504,-0.012977765660703],[0.02268936321391,-0.012797628036176],[0.022937695802576,-0.012548008756266]]]]}},
{"type":"Feature","properties":{"fid":864},"geometry":{"type":"MultiPolygon","coordinates":[[[[0.02051741896373,-0.012822075829924],[0.02055859328071,-0.013256979541764],[0.020208611586378,-0.01312058962038],[0.019843189523179,-0.012888984093332],[0.02051741896373,-0.012822075829924]]]]}},
{"type":"Feature","properties":{"fid":865},"geometry":{"type":"MultiPolygon","coordinates":[[[[0.015296000891675,-0.025804851887392],[0.015445257790728,-0.025894920696619],[0.015414377052993,-0.026067338131247],[0.01520593207328,-0.0260081500567],[0.015223945836959,-0.025946388587578],[0.015277987127996,-0.025930948220292],[0.015257399969506,-0.025869186751132],[0.015296000891675,-0.025804851887392]]]]}},
{"type":"Feature","properties":{"fid":866},"geometry":{"type":"MultiPolygon","coordinates":[[[[0.012910463901633,-0.023759003203913],[0.01298766574597,-0.023802750911936],[0.013003106114838,-0.023841351830769],[0.012910463901633,-0.023828484857826],[0.012910463901633,-0.023759003203913]]]]}},
{"type":"Feature","properties":{"fid":867},"geometry":{"type":"MultiPolygon","coordinates":[[[[0.015689730297798,-0.026638631718917],[0.015916189041189,-0.026605177589982],[0.015911042251567,-0.026700393187697],[0.015689730297798,-0.026798182179868],[0.015689730297798,-0.026638631718917]]]]}},
{"type":"Feature","properties":{"fid":868},"geometry":{"type":"MultiPolygon","coordinates":[[[[0.021883891608511,-0.021424934291703],[0.021909625556624,-0.021445521448753],[0.021883891608511,-0.021563897601733],[0.021755221867948,-0.021957626979459],[0.021446414490596,-0.021800649907417],[0.021490162202388,-0.021476402184322],[0.021883891608511,-0.021424934291703]]]]}},
{"type":"Feature","properties":{"fid":869},"geometry":{"type":"MultiPolygon","coordinates":[[[[0.018795817834994,-0.024772920668605],[0.018994337492507,-0.024908358954152],[0.019006693198429,-0.024891251055261],[0.019007082355206,-0.024890712222852],[0.019043105804969,-0.0248408336048],[0.018896330557327,-0.024756861127443],[0.018852432520842,-0.024731746355467],[0.019053157316121,-0.02450528763298],[0.019181827056684,-0.024567049102787],[0.01917410687225,-0.024708585804321],[0.019086611448667,-0.024955631683],[0.018942501339236,-0.025156356459085],[0.018865299494898,-0.025166650037338],[0.018487010457642,-0.025009672968899],[0.018795817834994,-0.024772920668605]]]]}},
{"type":"Feature","properties":{"fid":870},"geometry":{"type":"MultiPolygon","coordinates":[[[[0.018579652670848,-0.011015552711578],[0.018692882042544,-0.011362961004474],[0.01872633617509,-0.011661474796554],[0.018487010457642,-0.011651181217522],[0.018494730642076,-0.011314066504017],[0.018579652670848,-0.011015552711578]]]]}},
{"type":"Feature","properties":{"fid":871},"geometry":{"type":"MultiPolygon","coordinates":[[[[0.013888353929913,-0.020320947990946],[0.014148266805851,-0.020359548910683],[0.01416628056953,-0.020493365432364],[0.013980996143118,-0.020495938827011],[0.013965555774251,-0.020441897539423],[0.013878060350668,-0.020439324144776],[0.013888353929913,-0.020320947990946]]]]}},
{"type":"Feature","properties":{"fid":872},"geometry":{"type":"MultiPolygon","coordinates":[[[[0.015841560591663,-0.019132039658628],[0.016062872545431,-0.019162920394639],[0.016104046862412,-0.019240122234641],[0.015983097306282,-0.019258135997304],[0.015885308303454,-0.019245269023974],[0.015841560591663,-0.019132039658628]]]]}},
{"type":"Feature","properties":{"fid":873},"geometry":{"type":"MultiPolygon","coordinates":[[[[0.017487397291232,-0.005759102896576],[0.017370157109554,-0.005835309014277],[0.017323836002951,-0.005835309014277],[0.016927533202016,-0.005572822744829],[0.016981574493053,-0.005436432820461],[0.016966134124185,-0.005402978688064],[0.016883785490225,-0.005372097950466],[0.016811730435509,-0.005508487874848],[0.016659900141645,-0.005459593373658],[0.016672767115701,-0.005114758470417],[0.016657326746833,-0.004880579543483],[0.01689407906947,-0.004898593307096],[0.016912092833149,-0.005022116257574],[0.016966134124185,-0.005140492418427],[0.017056202942579,-0.005227987841651],[0.017172005709086,-0.005294896106462],[0.017192592867576,-0.005451873189259],[0.017249207553424,-0.00544672639966],[0.017244060763802,-0.005318056659664],[0.017393317662855,-0.005330923633665],[0.017520913074479,-0.005640097129644],[0.017560674153102,-0.005706774549846],[0.017524639477146,-0.005732507570743],[0.017487397291232,-0.005759102896576]]]]}},
{"type":"Feature","properties":{"fid":874},"geometry":{"type":"MultiPolygon","coordinates":[[[[0.018993969235461,-0.019343058021257],[0.01913293255527,-0.019348204810586],[0.019197267425551,-0.019443420413147],[0.01921528118923,-0.019487168122414],[0.019148372924137,-0.019602970882183],[0.01915351971376,-0.019741934193801],[0.019495781223658,-0.020320947990946],[0.019367111483095,-0.02038270946252],[0.019181827056684,-0.02042388377689],[0.01913293255527,-0.020328668174894],[0.019135505950081,-0.020302934228399],[0.019179253661872,-0.02028492046585],[0.019158666503382,-0.020241172756795],[0.019143226134515,-0.020254039730047],[0.019140652739704,-0.020220585599588],[0.019107198607157,-0.020228305783541],[0.019099478422723,-0.020210292020983],[0.019102051817535,-0.020163970917256],[0.019145799529326,-0.02012279660282],[0.019094331633101,-0.020063608525801],[0.019014556393952,-0.020102209445598],[0.019006836209518,-0.020125369997473],[0.019125212370836,-0.020449617723365],[0.018818978388295,-0.020565420482454],[0.018826698572729,-0.020387856251817],[0.018993969235461,-0.019343058021257]]]]}},
{"type":"Feature","properties":{"fid":875},"geometry":{"type":"MultiPolygon","coordinates":[[[[0.022465478835857,-0.018903007533042],[0.022506906459267,-0.018926113065974],[0.022465547930991,-0.019014054352856],[0.02238811185199,-0.019178707901167],[0.022465640964108,-0.019208719168689],[0.022565841233496,-0.018969915794481],[0.022769139423586,-0.019101158922612],[0.022504079758026,-0.019523195647684],[0.022388276991519,-0.019523195647684],[0.022082043008979,-0.01922725526131],[0.022293061383502,-0.018802645140836],[0.022465478835857,-0.018903007533042]]]]}},
{"type":"Feature","properties":{"fid":876},"geometry":{"type":"MultiPolygon","coordinates":[[[[0.022648189867457,-0.021064659042893],[0.022679070605192,-0.021074952621442],[0.022679070605192,-0.021267957219111],[0.022661056841513,-0.021764622382663],[0.022637896288212,-0.021893292113888],[0.022612162340099,-0.021924172849365],[0.022465478835857,-0.021993654504166],[0.022380556807085,-0.022011668266517],[0.0222467402769,-0.021996227898788],[0.022182405406618,-0.021955053584836],[0.02210520356228,-0.021844397616035],[0.022082043008979,-0.021733741647152],[0.022082043008979,-0.021551030628587],[0.02230850175237,-0.021424934291703],[0.022367689833029,-0.021193328774707],[0.022504079758026,-0.021098113173175],[0.022648189867457,-0.021064659042893]]]]}},
{"type":"Feature","properties":{"fid":877},"geometry":{"type":"MultiPolygon","coordinates":[[[[0.021750075078326,-0.012240488616491],[0.022262180645767,-0.0123099702748],[0.022493786178781,-0.01270627306629],[0.022133510905204,-0.012667672145068],[0.021793822790117,-0.01257502993411],[0.021750075078326,-0.012240488616491]]]]}},
{"type":"Feature","properties":{"fid":878},"geometry":{"type":"MultiPolygon","coordinates":[[[[0.012898853213912,-0.01960820972663],[0.012851275820973,-0.019752227772434],[0.012730326264844,-0.019713626852555],[0.012794661135126,-0.019402246098533],[0.01294649142899,-0.019464007570451],[0.012912866777582,-0.019565790293135],[0.012871413339521,-0.0195550992143],[0.012877665687272,-0.019516334660495],[0.012843903009414,-0.019506330904672],[0.012830147844361,-0.019543219754264],[0.012844528244189,-0.019586986185972],[0.012898853213912,-0.01960820972663]]]]}},
{"type":"Feature","properties":{"fid":879},"geometry":{"type":"MultiPolygon","coordinates":[[[[0.012732899659655,-0.020385282857169],[0.012866716189841,-0.020429030566185],[0.012871862979464,-0.020542259930643],[0.012730326264844,-0.020555126903872],[0.012732899659655,-0.020385282857169]]]]}},
{"type":"Feature","properties":{"fid":880},"geometry":{"type":"MultiPolygon","coordinates":[[[[0.015602234874215,-0.019970966318249],[0.015666569744497,-0.02005588834184],[0.015615101848271,-0.02016911770656],[0.015509592661009,-0.02009448926164],[0.015602234874215,-0.019970966318249]]]]}},
{"type":"Feature","properties":{"fid":881},"geometry":{"type":"MultiPolygon","coordinates":[[[[0.013214124489362,-0.021517576498404],[0.013322207071435,-0.021538163655441],[0.013378821757283,-0.021679700359994],[0.013476610760111,-0.021715727884768],[0.013481757549733,-0.021864984773028],[0.013401982310584,-0.021836677432162],[0.013214124489362,-0.021517576498404]]]]}},
{"type":"Feature","properties":{"fid":882},"geometry":{"type":"MultiPolygon","coordinates":[[[[0.012465266599284,-0.017829901951894],[0.012578495970979,-0.017937984528702],[0.012699445527109,-0.018007466185188],[0.012647977630884,-0.018249365285338],[0.012393211544568,-0.018192750602353],[0.012156459221932,-0.018236498311934],[0.012125578484197,-0.018125842340621],[0.012138445458253,-0.01810525518316],[0.012117858299763,-0.018110401972526],[0.012066390403538,-0.017948278107442],[0.01225424822476,-0.017955998291497],[0.012465266599284,-0.017829901951894]]]]}},
{"type":"Feature","properties":{"fid":883},"geometry":{"type":"MultiPolygon","coordinates":[[[[0.016047432176564,-0.020871654444973],[0.016068019335054,-0.020879374628894],[0.016093753283167,-0.021031204912604],[0.015993390885527,-0.021059512253619],[0.01599853767515,-0.02094628288953],[0.016047432176564,-0.020871654444973]]]]}},
{"type":"Feature","properties":{"fid":884},"geometry":{"type":"MultiPolygon","coordinates":[[[[0.017794767253412,-0.021543310444699],[0.018188496659536,-0.021772342566539],[0.018211657212837,-0.021800649907417],[0.017727858988319,-0.022011668266517],[0.017624923195869,-0.02185983798378],[0.017794767253412,-0.021543310444699]]]]}},
{"type":"Feature","properties":{"fid":885},"geometry":{"type":"MultiPolygon","coordinates":[[[[0.015679436718553,-0.022335915988454],[0.015802959669494,-0.022348782961532],[0.015849280776096,-0.022420838010748],[0.015890455093077,-0.022572668292909],[0.015869867934587,-0.02272707196952],[0.015720611035533,-0.022745085731781],[0.015705170666666,-0.022719351785694],[0.015661422954874,-0.022603549028245],[0.015746344983646,-0.0225932554498],[0.015748918378457,-0.022546934346791],[0.015738624799212,-0.022503186638381],[0.015682010113364,-0.022495466454542],[0.015679436718553,-0.022335915988454]]]]}},
{"type":"Feature","properties":{"fid":886},"geometry":{"type":"MultiPolygon","coordinates":[[[[0.015985670701093,-0.009679960826344],[0.016086033098733,-0.009785470012083],[0.016093753283167,-0.009821497538914],[0.015736051404401,-0.010215226939017],[0.015687156902987,-0.01023838749195],[0.015442684395917,-0.010143171885439],[0.015329455024221,-0.009914139750745],[0.015648555980818,-0.009862671855286],[0.015813253248739,-0.009798336985952],[0.015985670701093,-0.009679960826344]]]]}},
{"type":"Feature","properties":{"fid":887},"geometry":{"type":"MultiPolygon","coordinates":[[[[0.014246055808679,-0.022091443499758],[0.014279509941225,-0.022114604051336],[0.014279509941225,-0.022212393046848],[0.014215175070944,-0.022227833414554],[0.014181720938397,-0.022196952679139],[0.014184294333208,-0.022109457262097],[0.014246055808679,-0.022091443499758]]]]}},
{"type":"Feature","properties":{"fid":888},"geometry":{"type":"MultiPolygon","coordinates":[[[[0.018465160259458,-0.008496385317492],[0.018453918340425,-0.008448756033168],[0.018541409476946,-0.008399356276346],[0.018582476745108,-0.008522558079492],[0.018576288502312,-0.008525301321113],[0.018524744498561,-0.008548150724585],[0.018564621411125,-0.008623143126475],[0.018577383892693,-0.008615785931301],[0.018615211524079,-0.00859397941463],[0.01862058907537,-0.008604984635753],[0.018661913418245,-0.008689555382998],[0.018666396814832,-0.008698730706143],[0.018658799026267,-0.008702012950765],[0.0185919995899,-0.008730870306942],[0.018640804169456,-0.008805862708796],[0.018696272427317,-0.008768780865531],[0.018767382719755,-0.008721241951919],[0.018854472999462,-0.008663020038585],[0.018803882886508,-0.008598740836972],[0.018760275198204,-0.008633098409186],[0.018725319416979,-0.008660639327414],[0.018710213276192,-0.008633448274304],[0.018685061207744,-0.008588174551607],[0.018659849859038,-0.008542794124449],[0.01872963222097,-0.008503284993498],[0.018740794039765,-0.008496965434397],[0.018693774993608,-0.008425544099241],[0.018642589702854,-0.008454112633305],[0.018611600016058,-0.008369125765883],[0.018731482964712,-0.00830062122452],[0.018834418757163,-0.008411277200227],[0.019081464659044,-0.008761258890629],[0.018620826987828,-0.009183295634501],[0.018465160259458,-0.008496385317492]]]]}},
{"type":"Feature","properties":{"fid":889},"geometry":{"type":"MultiPolygon","coordinates":[[[[0.018489583852454,-0.005879056725839],[0.01897080868216,-0.005909937463411],[0.019045437131687,-0.006177570522293],[0.018592519644904,-0.006249625576585],[0.018468996693964,-0.005943391595779],[0.018458703114718,-0.005897070489423],[0.018489583852454,-0.005879056725839]]]]}},
{"type":"Feature","properties":{"fid":890},"geometry":{"type":"MultiPolygon","coordinates":[[[[0.022385703596708,-0.012345997801324],[0.022812887135378,-0.01250297488112],[0.022836047688679,-0.01251841524962],[0.022607015550477,-0.012739727198012],[0.022385703596708,-0.012345997801324]]]]}},
{"type":"Feature","properties":{"fid":891},"geometry":{"type":"MultiPolygon","coordinates":[[[[0.020321840088804,-0.015349148805238],[0.020579179558924,-0.015813646531628],[0.020577892861574,-0.015845813964165],[0.020366874496075,-0.016086426359385],[0.020211184116652,-0.015902428645418],[0.020059353829281,-0.015569174044182],[0.020068360710736,-0.015543440098118],[0.020321840088804,-0.015349148805238]]]]}},
{"type":"Feature","properties":{"fid":892},"geometry":{"type":"MultiPolygon","coordinates":[[[[0.020095382214683,-0.021949906795592],[0.020175157453832,-0.022256140755345],[0.020056781292514,-0.02246201232457],[0.020018180370345,-0.022474879297637],[0.019997593211855,-0.022459438929957],[0.019992446422232,-0.022281874701514],[0.019958992289686,-0.022196952679139],[0.019876643655725,-0.022096590288998],[0.019760840889218,-0.022050269185832],[0.019758267494407,-0.022024535239623],[0.019773707863275,-0.021983360925679],[0.020095382214683,-0.021949906795592]]]]}},
{"type":"Feature","properties":{"fid":893},"geometry":{"type":"MultiPolygon","coordinates":[[[[0.021361492461825,-0.010670717813044],[0.021641992496252,-0.010714465524074],[0.021693460392478,-0.011097901344005],[0.021526189729746,-0.011177676581647],[0.021490162202388,-0.011167383002598],[0.021361492461825,-0.010670717813044]]]]}},
{"type":"Feature","properties":{"fid":894},"geometry":{"type":"MultiPolygon","coordinates":[[[[0.015543046793556,-0.024283975699271],[0.015635689006761,-0.02427625551553],[0.015687156902987,-0.024489847265524],[0.015682010113364,-0.024515581211283],[0.01563311561195,-0.024536168367887],[0.015573927531291,-0.024435805979413],[0.015499299081764,-0.024379191298702],[0.015481285318086,-0.024338016985443],[0.015483858712897,-0.024320003223388],[0.015535326609122,-0.024317429828808],[0.015543046793556,-0.024283975699271]]]]}},
{"type":"Feature","properties":{"fid":895},"geometry":{"type":"MultiPolygon","coordinates":[[[[0.015223945836959,-0.019968392923594],[0.015391216499691,-0.020091915866987],[0.015357762367145,-0.02020257183703],[0.015149317387432,-0.020153677338648],[0.015162184361489,-0.020053314947186],[0.015223945836959,-0.019968392923594]]]]}},
{"type":"Feature","properties":{"fid":896},"geometry":{"type":"MultiPolygon","coordinates":[[[[0.023807503211583,-0.01443302032256],[0.023900145420826,-0.014427873533321],[0.024360783072341,-0.014542389593865],[0.02435820967764,-0.015121403382233],[0.023784342659272,-0.014651758865117],[0.023807503211583,-0.01443302032256]]]]}},
{"type":"Feature","properties":{"fid":897},"geometry":{"type":"MultiPolygon","coordinates":[[[[0.016436014793065,-0.012554442776115],[0.016482335899667,-0.012603337276351],[0.01652865700627,-0.012729433619021],[0.016533803795893,-0.012899277672317],[0.016291904683634,-0.012968759330451],[0.01626359734071,-0.012966185935705],[0.016232716602975,-0.012925011619776],[0.016196689075617,-0.012945598777741],[0.016188968891183,-0.012997066672648],[0.016029418412885,-0.013025374014842],[0.015965083542603,-0.012819502435177],[0.016436014793065,-0.012554442776115]]]]}},
{"type":"Feature","properties":{"fid":898},"geometry":{"type":"MultiPolygon","coordinates":[[[[0.021546776888236,-0.018452663465001],[0.021711474156157,-0.018465530438389],[0.022195272380674,-0.018751177247374],[0.022192698985863,-0.01879749835149],[0.022133510905204,-0.018908154322384],[0.02186073105521,-0.018784631378126],[0.021832423712286,-0.018794924956818],[0.02179896957974,-0.018939035058435],[0.021865877844832,-0.01896219561047],[0.021899331977379,-0.018905580927713],[0.022089763193412,-0.018995649741181],[0.021865877844832,-0.019461434175788],[0.021546776888236,-0.019301883706618],[0.021652286075498,-0.019021383687877],[0.021361492461825,-0.018836099271578],[0.021546776888236,-0.018452663465001]]]]}},
{"type":"Feature","properties":{"fid":899},"geometry":{"type":"MultiPolygon","coordinates":[[[[0.016253303761465,-0.023113081160324],[0.016327932210992,-0.023290645387742],[0.01626359734071,-0.023342113279706],[0.016227569813352,-0.023321526122923],[0.016160661548259,-0.02333696649051],[0.016116913836468,-0.023221163733562],[0.016253303761465,-0.023113081160324]]]]}},
{"type":"Feature","properties":{"fid":900},"geometry":{"type":"MultiPolygon","coordinates":[[[[0.013939821826138,-0.024253094964306],[0.013950115405383,-0.02438176469328],[0.013872913561045,-0.024392058271593],[0.01382144566482,-0.02427882891011],[0.013939821826138,-0.024253094964306]]]]}},
{"type":"Feature","properties":{"fid":901},"geometry":{"type":"MultiPolygon","coordinates":[[[[0.019129071644797,-0.013769084509761],[0.019789147385655,-0.01375750423394],[0.019818741424719,-0.013976242777136],[0.019534381310236,-0.014047011129303],[0.019534381310236,-0.014067598286293],[0.019489346902965,-0.014066311588981],[0.019386411114917,-0.014130646454563],[0.01934909689175,-0.014129359757252],[0.019343950102347,-0.014148660216923],[0.019130358342147,-0.014233582239458],[0.019129071644797,-0.013769084509761]]]]}},
{"type":"Feature","properties":{"fid":902},"geometry":{"type":"MultiPolygon","coordinates":[[[[0.01433097783745,-0.022081149921277],[0.014413326471411,-0.022119750840575],[0.014408179681788,-0.022214966441465],[0.014307817284149,-0.022214966441465],[0.014305243889338,-0.022106883867477],[0.01433097783745,-0.022081149921277]]]]}},
{"type":"Feature","properties":{"fid":903},"geometry":{"type":"MultiPolygon","coordinates":[[[[0.017292955265216,-0.024260815148048],[0.017295528660027,-0.024559328919063],[0.017084510285503,-0.024590209653958],[0.017128257997295,-0.024379191298702],[0.017128257997295,-0.024268535331789],[0.017292955265216,-0.024260815148048]]]]}},
{"type":"Feature","properties":{"fid":904},"geometry":{"type":"MultiPolygon","coordinates":[[[[0.020972909845324,-0.010863722420481],[0.021330611724089,-0.010910043526248],[0.021415533752861,-0.011314066504017],[0.021044964900039,-0.011180249976409],[0.020972909845324,-0.010863722420481]]]]}},
{"type":"Feature","properties":{"fid":905},"geometry":{"type":"MultiPolygon","coordinates":[[[[0.017048482758146,-0.025423989493385],[0.01711796441805,-0.025439429860731],[0.017388170873232,-0.025660741792495],[0.01736243692512,-0.025732796839964],[0.017264647922292,-0.025838306016541],[0.016999588256732,-0.025712209683548],[0.01675254235485,-0.025552659221216],[0.016924959807205,-0.025447150044404],[0.017048482758146,-0.025423989493385]]]]}},
{"type":"Feature","properties":{"fid":906},"geometry":{"type":"MultiPolygon","coordinates":[[[[0.018384074665192,-0.012644511592331],[0.018811258203862,-0.012585323513107],[0.018790671045372,-0.012616204250095],[0.018571932486414,-0.012703699671542],[0.018435542561417,-0.012783474908718],[0.018407235218493,-0.012780901513971],[0.018384074665192,-0.012644511592331]]]]}},
{"type":"Feature","properties":{"fid":907},"geometry":{"type":"MultiPolygon","coordinates":[[[[0.020648662099104,-0.011303772924972],[0.020707850179763,-0.011509644505794],[0.020381029038733,-0.011494204137237],[0.020308973984018,-0.011314066504017],[0.020648662099104,-0.011303772924972]]]]}},
{"type":"Feature","properties":{"fid":908},"geometry":{"type":"MultiPolygon","coordinates":[[[[0.018021225996804,-0.011679488559859],[0.018180776475102,-0.011710369296951],[0.018196216843969,-0.011730956455011],[0.018203937028403,-0.012073217957524],[0.018003212233125,-0.012186447326682],[0.017799914043035,-0.012235341826985],[0.017720138803886,-0.012019176667681],[0.017907996625108,-0.01187763995614],[0.018021225996804,-0.011679488559859]]]]}},
{"type":"Feature","properties":{"fid":909},"geometry":{"type":"MultiPolygon","coordinates":[[[[0.01567428992893,-0.026857370254038],[0.01573347800959,-0.026916558328181],[0.015705170666666,-0.026929425300816],[0.015710317456288,-0.026968026218716],[0.015779799116192,-0.026960306035137],[0.015826120222795,-0.027019494109229],[0.015604808269026,-0.027073535394244],[0.015615101848271,-0.026880530804793],[0.01567428992893,-0.026857370254038]]]]}},
{"type":"Feature","properties":{"fid":910},"geometry":{"type":"MultiPolygon","coordinates":[[[[0.01881148662973,-0.011086710599324],[0.018876878247721,-0.01131515663703],[0.019420392994658,-0.011197961271984],[0.019326127155736,-0.010955927365762],[0.01881148662973,-0.011086710599324]]]]}},
{"type":"Feature","properties":{"fid":911},"geometry":{"type":"MultiPolygon","coordinates":[[[[0.017236340579368,-0.016131461451113],[0.017462799322759,-0.016200943108251],[0.017421625005779,-0.016381080737758],[0.017236340579368,-0.016324466054216],[0.017236340579368,-0.016131461451113]]]]}},
{"type":"Feature","properties":{"fid":912},"geometry":{"type":"MultiPolygon","coordinates":[[[[0.017797340648224,-0.021008044360861],[0.017941450757654,-0.021139287487359],[0.017946597547277,-0.021165021433718],[0.0177690333053,-0.02141978750244],[0.017745872751998,-0.021424934291703],[0.017388170873232,-0.021247370062038],[0.017797340648224,-0.021008044360861]]]]}},
{"type":"Feature","properties":{"fid":913},"geometry":{"type":"MultiPolygon","coordinates":[[[[0.0209446025024,-0.023146535290144],[0.021706327366534,-0.023041026111453],[0.021904478767001,-0.023218590338962],[0.02167802002361,-0.023537691268995],[0.021804116369362,-0.023666360998641],[0.021629125522196,-0.023931420641336],[0.021425827332106,-0.023805324306525],[0.021299730986354,-0.023928847246749],[0.021176208035414,-0.023689521549965],[0.021186501614659,-0.02365092063109],[0.021379506225503,-0.023396154566247],[0.021405240173616,-0.023318952728324],[0.021335758513712,-0.023290645387742],[0.021163341061357,-0.023555705031153],[0.021124740139188,-0.023586585766275],[0.021014084162304,-0.023357553647291],[0.0209446025024,-0.023146535290144]]]]}},
{"type":"Feature","properties":{"fid":914},"geometry":{"type":"MultiPolygon","coordinates":[[[[0.019886936384301,-0.015257793296604],[0.019979578593544,-0.015551160281937],[0.01975569325454,-0.015681116709521],[0.01969135838701,-0.01535558229176],[0.019886936384301,-0.015257793296604]]]]}},
{"type":"Feature","properties":{"fid":915},"geometry":{"type":"MultiPolygon","coordinates":[[[[0.000000144421405,-0.00000009967711],[0.000000146529043,-0.000000101931268],[0.000000148974805,-0.000000105030736],[0.000000150372383,-0.000000104083989],[0.000000149865197,-0.000000103013264],[0.000000151059901,-0.000000102167955],[0.000000150575257,-0.000000101502978],[0.000000151679795,-0.000000100623857],[0.000000149403095,-0.000000097727263],[0.000000148422536,-0.000000098482406],[0.000000147656122,-0.000000097975221],[0.000000146371252,-0.000000099057217],[0.000000145537213,-0.00000009852749],[0.000000144421405,-0.00000009967711]],[[0.000000146803616,-0.000000100232891],[0.000000147246091,-0.000000099859077],[0.000000149077019,-0.000000102025675],[0.000000148611658,-0.000000102445263],[0.000000146803616,-0.000000100232891]],[[0.000000149046504,-0.000000099485262],[0.000000149511865,-0.000000099050417],[0.000000150328154,-0.000000099988767],[0.000000149817019,-0.000000100446499],[0.000000149046504,-0.000000099485262]]]]}},
{"type":"Feature","properties":{"fid":916},"geometry":{"type":"MultiPolygon","coordinates":[[[[0.021949512237315,-0.014703226757452],[0.022085902156478,-0.015181878155597],[0.021916058106199,-0.015309261188797],[0.021773234700282,-0.015530573125085],[0.021657431938728,-0.015512559362838],[0.021509461743409,-0.015450797892264],[0.02161754432086,-0.015089235949586],[0.021783528279087,-0.015102102922645],[0.021881317277733,-0.015138130447208],[0.0219186315009,-0.015085375857668],[0.021903191132693,-0.015050635030403],[0.0218118356208,-0.015017180900439],[0.021648425057274,-0.015001740532762],[0.02170375304335,-0.014759841439007],[0.021949512237315,-0.014703226757452]]]]}},
{"type":"Feature","properties":{"fid":917},"geometry":{"type":"MultiPolygon","coordinates":[[[[0.012775085773433,-0.019837649422675],[0.012766999132071,-0.019897102616034],[0.012606939029635,-0.019874594165485],[0.012595684803682,-0.019939618578175],[0.012823270261834,-0.019982134540305],[0.012837142313875,-0.019854546641552],[0.012856422610596,-0.019847443374766],[0.013121482276156,-0.019922071819798],[0.01314978961908,-0.020014714027377],[0.013080307959176,-0.020053314947186],[0.01306744098512,-0.020153677338648],[0.012915610691255,-0.020207718626332],[0.012853849215785,-0.020315801201647],[0.012622243682771,-0.020243746151445],[0.012313436305419,-0.0196981864846],[0.012753486818145,-0.019819136033538],[0.012775085773433,-0.019837649422675]]]]}},
{"type":"Feature","properties":{"fid":918},"geometry":{"type":"MultiPolygon","coordinates":[[[[0.016518363427025,-0.014541103514774],[0.016626446009098,-0.014834470513619],[0.016315065236935,-0.014793296198015],[0.016245583577031,-0.014749548487677],[0.016240436787409,-0.014703227382604],[0.01626359734071,-0.014659479672249],[0.016518363427025,-0.014541103514774]]]]}},
{"type":"Feature","properties":{"fid":919},"geometry":{"type":"MultiPolygon","coordinates":[[[[0.013980996143118,-0.007181194491854],[0.014101945699248,-0.00726096973037],[0.014076211751135,-0.007338171574081],[0.013944968615761,-0.007278983493903],[0.013980996143118,-0.007181194491854]]]]}},
{"type":"Feature","properties":{"fid":920},"geometry":{"type":"MultiPolygon","coordinates":[[[[0.023497409150088,-0.014445887295658],[0.023676260081821,-0.014638891892031],[0.0236299389772,-0.01477013501747],[0.023568177504371,-0.014822889607086],[0.023357159138872,-0.014528235923464],[0.023497409150088,-0.014445887295658]]]]}},
{"type":"Feature","properties":{"fid":921},"geometry":{"type":"MultiPolygon","coordinates":[[[[0.023533437682532,-0.009957887461879],[0.023577185394323,-0.009973327830513],[0.023705855134886,-0.010302722361198],[0.0231834559882,-0.010490580179327],[0.023152575250465,-0.010485433389791],[0.02308309359056,-0.010415951731043],[0.022969864218865,-0.010256401255341],[0.022879795400471,-0.010011928752095],[0.022884942190093,-0.009960460856651],[0.023134561486786,-0.009993914988691],[0.023144855066031,-0.010166332438377],[0.023229777094803,-0.010174052622689],[0.023247790858481,-0.010009355357323],[0.023533437682532,-0.009957887461879]]]]}},
{"type":"Feature","properties":{"fid":922},"geometry":{"type":"MultiPolygon","coordinates":[[[[0.016013978044017,-0.019963246134284],[0.016062872545431,-0.019965819528939],[0.016083459703921,-0.020063608525801],[0.016088606493544,-0.020174264495863],[0.016047432176564,-0.020264333308649],[0.015908468856755,-0.0201562507333],[0.016013978044017,-0.019963246134284]]]]}},
{"type":"Feature","properties":{"fid":923},"geometry":{"type":"MultiPolygon","coordinates":[[[[0.013378821757283,-0.025964402349408],[0.01339426212615,-0.026000429873061],[0.01337367496766,-0.026196007858428],[0.01331191349219,-0.026219168409307],[0.013281032754455,-0.026000429873061],[0.013378821757283,-0.025964402349408]]]]}},
{"type":"Feature","properties":{"fid":924},"geometry":{"type":"MultiPolygon","coordinates":[[[[0.017322313685007,-0.018202844394199],[0.017208033236444,-0.018017759763924],[0.017301244994388,-0.017851201057068],[0.017448796997303,-0.017586964757076],[0.017461969694957,-0.017563375074639],[0.017568143614482,-0.017373238694688],[0.017673817697283,-0.017145378963986],[0.017928583783598,-0.017554548720217],[0.017835941570392,-0.017714099190958],[0.017787047068978,-0.017876223056248],[0.017776753489733,-0.018061507473547],[0.017805060832657,-0.018249365285338],[0.017578976985186,-0.018510641546033],[0.017513781544966,-0.01858598536652],[0.017322313685007,-0.018202844394199]]]]}},
{"type":"Feature","properties":{"fid":925},"geometry":{"type":"MultiPolygon","coordinates":[[[[0.014370326997308,-0.022915889055955],[0.014364431969997,-0.022917503170447],[0.01416628056953,-0.022935516932683],[0.014096798909625,-0.022811993991586],[0.014150840200662,-0.022703911418039],[0.014436487024712,-0.022709058207258],[0.014565156765275,-0.022778539861687],[0.014580597134143,-0.02285831509451],[0.014422484318156,-0.02290160788591],[0.014420695982373,-0.022805931929092],[0.014367129980421,-0.022779744107988],[0.014263569043315,-0.022779744107988],[0.014256426909721,-0.022745223798343],[0.014218335530556,-0.022752365931374],[0.014232619797743,-0.02285949792679],[0.014270711176908,-0.022852355793765],[0.014270711176908,-0.022822596906156],[0.014331419312453,-0.022820216195147],[0.01436832033602,-0.022841642594226],[0.014370326997308,-0.022915889055955]]]]}},
{"type":"Feature","properties":{"fid":926},"geometry":{"type":"MultiPolygon","coordinates":[[[[0.015036088015737,-0.02417331973228],[0.015054101779416,-0.024183613310609],[0.015074688937906,-0.024317429828808],[0.014976899935078,-0.024358604142074],[0.014912565064796,-0.024232507807658],[0.015036088015737,-0.02417331973228]]]]}},
{"type":"Feature","properties":{"fid":927},"geometry":{"type":"MultiPolygon","coordinates":[[[[0.015059248569038,-0.026898544566488],[0.015213652257714,-0.027101842734005],[0.015337175208655,-0.027341168424441],[0.015056675174227,-0.027395209709313],[0.014912565064796,-0.027004053742077],[0.015059248569038,-0.026898544566488]]]]}},
{"type":"Feature","properties":{"fid":928},"geometry":{"type":"MultiPolygon","coordinates":[[[[0.015018074252058,-0.019137186447964],[0.015043808200171,-0.019144906631967],[0.015056675174227,-0.019240122234641],[0.014925432038852,-0.019250415813306],[0.014912565064796,-0.019216961682644],[0.015018074252058,-0.019137186447964]]]]}},
{"type":"Feature","properties":{"fid":929},"geometry":{"type":"MultiPolygon","coordinates":[[[[0.011353560040818,-0.012255928985005],[0.011682954576659,-0.012268795958767],[0.011649500444113,-0.012631644618588],[0.011621193101189,-0.012659951960823],[0.011484803176192,-0.012690832697802],[0.011397307752609,-0.012657378566074],[0.011345839856384,-0.0126059106711],[0.01131753251346,-0.01249268130212],[0.011353560040818,-0.012255928985005]]]]}},
{"type":"Feature","properties":{"fid":930},"geometry":{"type":"MultiPolygon","coordinates":[[[[0.015779799116192,-0.019335337837263],[0.015867294539775,-0.019391952519878],[0.015900748672322,-0.019469154359776],[0.015759211957702,-0.019507755279712],[0.015730904614778,-0.019451140597137],[0.015728331219967,-0.01937393875723],[0.015779799116192,-0.019335337837263]]]]}},
{"type":"Feature","properties":{"fid":931},"geometry":{"type":"MultiPolygon","coordinates":[[[[0.015777225721381,-0.020516525984183],[0.015923909225623,-0.020573140666391],[0.015885308303454,-0.020676076452172],[0.015728331219967,-0.020606594796777],[0.015777225721381,-0.020516525984183]]]]}},
{"type":"Feature","properties":{"fid":932},"geometry":{"type":"MultiPolygon","coordinates":[[[[0.014688679716216,-0.008321208382793],[0.014701546690272,-0.008390690041958],[0.014598610897822,-0.008382969857607],[0.014580597134143,-0.008298047829735],[0.014688679716216,-0.008321208382793]]]]}},
{"type":"Feature","properties":{"fid":933},"geometry":{"type":"MultiPolygon","coordinates":[[[[0.016544097375138,-0.006082354914822],[0.016770556118529,-0.00615183657433],[0.016809157040698,-0.006494098082143],[0.016698501063814,-0.006558432952008],[0.016675340510512,-0.006535272398857],[0.016544097375138,-0.006082354914822]]]]}},
{"type":"Feature","properties":{"fid":934},"geometry":{"type":"MultiPolygon","coordinates":[[[[0.017570881904832,-0.021942186611724],[0.017699551645395,-0.022096590288998],[0.017743299357187,-0.022284448096131],[0.01742419840059,-0.022310182042295],[0.017359863530309,-0.022227833414554],[0.017570881904832,-0.021942186611724]]]]}},
{"type":"Feature","properties":{"fid":935},"geometry":{"type":"MultiPolygon","coordinates":[[[[0.018716042595845,-0.01825708546938],[0.018775230676504,-0.018290539600225],[0.018821551783107,-0.018275099232144],[0.01890904720669,-0.018318846941705],[0.019202414215174,-0.018655961644431],[0.019223001373664,-0.018694562564549],[0.019109772001968,-0.018892713954357],[0.01892963436518,-0.018890140559685],[0.018623400382639,-0.018460383649034],[0.018592519644904,-0.018401195571437],[0.018716042595845,-0.01825708546938]]]]}},
{"type":"Feature","properties":{"fid":936},"geometry":{"type":"MultiPolygon","coordinates":[[[[0.019369684877906,-0.006607327453099],[0.019307923402436,-0.006862093537654],[0.019228148163286,-0.006874960511618],[0.019210134399608,-0.007013923830405],[0.019135505950081,-0.007026790804365],[0.019050583921309,-0.006864666932447],[0.018924487575557,-0.00669996966568],[0.01903257015763,-0.006635634795834],[0.019127785765647,-0.006612474242687],[0.019369684877906,-0.006607327453099]]]]}},
{"type":"Feature","properties":{"fid":937},"geometry":{"type":"MultiPolygon","coordinates":[[[[0.01960129041092,-0.021666833386858],[0.019675918860446,-0.021792929723542],[0.019699079413748,-0.021908732481627],[0.01968363904488,-0.022003948082653],[0.019670772070824,-0.021996227898788],[0.019562689488751,-0.022178938916811],[0.019547249119883,-0.022240700387641],[0.019562689488751,-0.022428558194591],[0.019168960082627,-0.022546934346791],[0.019035143552442,-0.022405397643062],[0.018924487575557,-0.022217539836083],[0.019122638976025,-0.022214966441465],[0.019199840820363,-0.022178938916811],[0.01960129041092,-0.021666833386858]]]]}},
{"type":"Feature","properties":{"fid":938},"geometry":{"type":"MultiPolygon","coordinates":[[[[0.017094803864748,-0.007536322972879],[0.017514267218984,-0.007574923894712],[0.017431918585024,-0.007906891822335],[0.017339276371818,-0.008130777168722],[0.017027895599655,-0.008038134956439],[0.017094803864748,-0.007536322972879]]]]}},
{"type":"Feature","properties":{"fid":939},"geometry":{"type":"MultiPolygon","coordinates":[[[[0.018353193927457,-0.012901851067063],[0.018453556325096,-0.013107722646661],[0.018471570088775,-0.01318749788371],[0.018391794849626,-0.013251832752279],[0.018368634296324,-0.013298153857638],[0.018350620532645,-0.013295580462896],[0.018327459979344,-0.013341901568248],[0.018312019610476,-0.013336754778765],[0.018265698503874,-0.01341910341048],[0.018070120498218,-0.013640415358079],[0.018041813155294,-0.013658429121246],[0.017928583783598,-0.01365328233177],[0.017843661754826,-0.013161763936277],[0.018353193927457,-0.012901851067063]]]]}},
{"type":"Feature","properties":{"fid":940},"geometry":{"type":"MultiPolygon","coordinates":[[[[0.013076039750575,-0.021410410790327],[0.012920757480878,-0.021494415946734],[0.012768927187013,-0.021298837954715],[0.012774073976635,-0.021134140698086],[0.01286414279503,-0.02115730124981],[0.012949064823801,-0.021275677403013],[0.013216697884173,-0.021270530613745],[0.013286179544077,-0.021234503088865],[0.013286179544077,-0.021453241632645],[0.013134349250213,-0.021424934291703],[0.013127244794133,-0.021372834950752],[0.013149691518444,-0.021373579041009],[0.013214270582864,-0.021375719783327],[0.01321157401644,-0.021324485024829],[0.013211294693866,-0.021319177896302],[0.013072618266592,-0.021320963429577],[0.013076039750575,-0.021410410790327]]]]}},
{"type":"Feature","properties":{"fid":941},"geometry":{"type":"MultiPolygon","coordinates":[[[[0.016881212095413,-0.021159874644446],[0.016912092833149,-0.021180461801531],[0.016922386412394,-0.021625659072817],[0.016739675380794,-0.021628232467444],[0.016695927669002,-0.021594778337278],[0.016701074458625,-0.021319425111782],[0.01675254235485,-0.021275677403013],[0.016757689144473,-0.021242223272769],[0.016881212095413,-0.021159874644446]]]]}},
{"type":"Feature","properties":{"fid":942},"geometry":{"type":"MultiPolygon","coordinates":[[[[0.017033042389278,-0.024286549093851],[0.017058776337391,-0.024299416066751],[0.017061349732202,-0.024386911482437],[0.017002161651543,-0.024600503232254],[0.016695927669002,-0.024633957361713],[0.016695927669002,-0.024412645428216],[0.01687349191098,-0.024368897720388],[0.017033042389278,-0.024286549093851]]]]}},
{"type":"Feature","properties":{"fid":943},"geometry":{"type":"MultiPolygon","coordinates":[[[[0.013174431924291,-0.009874245459184],[0.013230481882568,-0.009965114329576],[0.013533661202344,-0.009849617447578],[0.013480158969443,-0.009788472039446],[0.013443641572383,-0.009755351610036],[0.013174431924291,-0.009874245459184]]]]}},
{"type":"Feature","properties":{"fid":944},"geometry":{"type":"MultiPolygon","coordinates":[[[[0.01856421230198,-0.016743929390986],[0.018839565546786,-0.016692461496951],[0.018831845362352,-0.016736209206881],[0.018739203149146,-0.016996122071558],[0.018708322411411,-0.017068177123089],[0.018649134330752,-0.017093911070058],[0.01856421230198,-0.016743929390986]]]]}},
{"type":"Feature","properties":{"fid":945},"geometry":{"type":"MultiPolygon","coordinates":[[[[0.016183822101561,-0.016540631209472],[0.016245583577031,-0.016592099103546],[0.016608432245419,-0.017050163360209],[0.016484909294479,-0.017117071622328],[0.015944496384113,-0.017304929435074],[0.015880161513832,-0.017191700068509],[0.016183822101561,-0.016540631209472]]]]}},
{"type":"Feature","properties":{"fid":946},"geometry":{"type":"MultiPolygon","coordinates":[[[[0.014096798909625,-0.021126420514177],[0.014179147543586,-0.021116126935632],[0.014189441122831,-0.021183035196166],[0.014068491566701,-0.021201048958613],[0.014096798909625,-0.021126420514177]]]]}},
{"type":"Feature","properties":{"fid":947},"geometry":{"type":"MultiPolygon","coordinates":[[[[0.016050005571375,-0.013576080489611],[0.016430052434435,-0.013537488447121],[0.016483618436386,-0.013546416113863],[0.016502366537069,-0.013580341247482],[0.016510643242591,-0.013627548384386],[0.016497776268535,-0.013923488779128],[0.016057725755809,-0.013949222726479],[0.016042285386941,-0.013923488779128],[0.016049114221232,-0.013887447710321],[0.016088606493544,-0.01367901627915],[0.016048336852134,-0.013644237953467],[0.016031991807696,-0.013630121779125],[0.016050005571375,-0.013576080489611]]]]}},
{"type":"Feature","properties":{"fid":948},"geometry":{"type":"MultiPolygon","coordinates":[[[[0.018396941639248,-0.023110507765722],[0.018512744405755,-0.023241750890359],[0.018538478353868,-0.023280351809347],[0.018528184774623,-0.023303512360735],[0.018561638907169,-0.023318952728324],[0.018345473743023,-0.023499090350078],[0.01836091411189,-0.023686948155374],[0.018306872820854,-0.023818191279471],[0.018512744405755,-0.023933994035923],[0.018535904959056,-0.023926273852162],[0.018556492117546,-0.023867085776651],[0.018425248982172,-0.023782163755221],[0.018445836140662,-0.023702388522921],[0.018435542561417,-0.023558278425747],[0.018610533408583,-0.023388434382457],[0.018842138941597,-0.02373326925801],[0.018860152705276,-0.023800177517347],[0.018448409535473,-0.024093544500208],[0.018160189316612,-0.024361177536653],[0.018098427841141,-0.024098691289375],[0.017995492048691,-0.023815617884882],[0.018072693893029,-0.023720402285057],[0.018124161789254,-0.023602026133833],[0.01813702876331,-0.023439902274385],[0.018121588394443,-0.023329246306717],[0.018396941639248,-0.023110507765722]]]]}},
{"type":"Feature","properties":{"fid":949},"geometry":{"type":"MultiPolygon","coordinates":[[[[0.024051975708197,-0.015017180900439],[0.024349202796186,-0.015244926323554],[0.024338909217381,-0.01547009835182],[0.024008227998276,-0.01541991715697],[0.024051975708197,-0.015017180900439]]]]}},
{"type":"Feature","properties":{"fid":950},"geometry":{"type":"MultiPolygon","coordinates":[[[[0.012928477665311,-0.022518627006056],[0.013018546483706,-0.022528920584506],[0.013021119878517,-0.022613842606688],[0.013085454748798,-0.022665310498896],[0.013082881353987,-0.022693617839602],[0.012920757480878,-0.022665310498896],[0.012928477665311,-0.022518627006056]]]]}},
{"type":"Feature","properties":{"fid":951},"geometry":{"type":"MultiPolygon","coordinates":[[[[0.022630175135783,-0.015814933228929],[0.023213049035605,-0.015834233688452],[0.023215622430306,-0.016119880489179],[0.02281803294897,-0.016221529575828],[0.022486065032515,-0.016220242878529],[0.022630175135783,-0.015814933228929]]]]}},
{"type":"Feature","properties":{"fid":952},"geometry":{"type":"MultiPolygon","coordinates":[[[[0.017460225927948,-0.015416057720697],[0.017478239691627,-0.015439218273159],[0.017624923195869,-0.015444365062594],[0.017938877362843,-0.015421204510133],[0.017931157178409,-0.015647663245201],[0.017787047068978,-0.015719718297217],[0.017596615852945,-0.015881842164161],[0.017398464452478,-0.015807213717488],[0.017331556187385,-0.015771186191498],[0.017331556187385,-0.015737732060217],[0.017390744268044,-0.015441791667877],[0.017460225927948,-0.015416057720697]]]]}},
{"type":"Feature","properties":{"fid":953},"geometry":{"type":"MultiPolygon","coordinates":[[[[0.012776986765593,-0.018012529304947],[0.012712444389394,-0.018274095763796],[0.013018171434546,-0.018357321455168],[0.013386742372313,-0.018511883453328],[0.013238974300489,-0.018080468644944],[0.013075919876408,-0.018073674710945],[0.012878895780643,-0.018027815656448],[0.012776986765593,-0.018012529304947]]]]}},
{"type":"Feature","properties":{"fid":954},"geometry":{"type":"MultiPolygon","coordinates":[[[[0.000000112733088,-0.000000078437213],[0.000000112763604,-0.000000081298039],[0.000000114213089,-0.000000081175977],[0.000000114014738,-0.000000078421956],[0.000000112733088,-0.000000078437213]]]]}},
{"type":"Feature","properties":{"fid":955},"geometry":{"type":"MultiPolygon","coordinates":[[[[0.013502344708223,-0.007415373417779],[0.013654175002088,-0.00753374957809],[0.013649028212465,-0.007636685369638],[0.013558959394071,-0.007762781714252],[0.013404555705395,-0.007703593634132],[0.013502344708223,-0.007415373417779]]]]}},
{"type":"Feature","properties":{"fid":956},"geometry":{"type":"MultiPolygon","coordinates":[[[[0.013468890575677,-0.027135296862804],[0.013530652051147,-0.027148163835417],[0.01357697315775,-0.027186764753246],[0.013600133711051,-0.027276833561467],[0.013404555705395,-0.027299994112142],[0.013468890575677,-0.027135296862804]]]]}},
{"type":"Feature","properties":{"fid":957},"geometry":{"type":"MultiPolygon","coordinates":[[[[0.014225468650189,-0.024567049102787],[0.014377298944053,-0.02457991607566],[0.014413326471411,-0.02480122800888],[0.014220321860566,-0.024796081219739],[0.014225468650189,-0.024567049102787]]]]}},
{"type":"Feature","properties":{"fid":958},"geometry":{"type":"MultiPolygon","coordinates":[[[[0.014704120085084,-0.023540264663589],[0.014889404511495,-0.023542838058183],[0.01489969809074,-0.023625186685168],[0.014722133848763,-0.023656067420274],[0.014704120085084,-0.023540264663589]]]]}},
{"type":"Feature","properties":{"fid":959},"geometry":{"type":"MultiPolygon","coordinates":[[[[0.016680487300135,-0.025048273887385],[0.017007308441165,-0.024981365628669],[0.017009881835977,-0.025009672968899],[0.017007308441165,-0.025282452792622],[0.016667620326078,-0.025449723438961],[0.016680487300135,-0.025048273887385]]]]}},
{"type":"Feature","properties":{"fid":960},"geometry":{"type":"MultiPolygon","coordinates":[[[[0.01355638599926,-0.0169214936253],[0.013744243820482,-0.01688803949421],[0.01388320714029,-0.01707589730718],[0.014135399831794,-0.016993548676859],[0.014163707174718,-0.017027002807932],[0.01396298237944,-0.017135085385202],[0.013898647509158,-0.017220007410157],[0.013808578690764,-0.017418158801572],[0.013713363082747,-0.017474773484795],[0.013623294264353,-0.017176259700336],[0.013777697953029,-0.017176259700336],[0.013787991532274,-0.017117071622328],[0.013757110794538,-0.017093911070058],[0.013594986921429,-0.017104204648845],[0.01355638599926,-0.0169214936253]]]]}},
{"type":"Feature","properties":{"fid":961},"geometry":{"type":"MultiPolygon","coordinates":[[[[0.023193749567445,-0.01089460315766],[0.023361020230177,-0.010928057289599],[0.023430501890081,-0.010997538948232],[0.023471676207061,-0.011355240820191],[0.023098533959428,-0.011205983924031],[0.023193749567445,-0.01089460315766]]]]}},
{"type":"Feature","properties":{"fid":962},"geometry":{"type":"MultiPolygon","coordinates":[[[[0.012331450069098,-0.019422833255842],[0.012467839994095,-0.019474301149102],[0.01243695925636,-0.019628704828788],[0.012256821619571,-0.019572090146253],[0.012331450069098,-0.019422833255842]]]]}},
{"type":"Feature","properties":{"fid":963},"geometry":{"type":"MultiPolygon","coordinates":[[[[0.012632537262016,-0.01879749835149],[0.012647977630884,-0.018815512114199],[0.012581069365791,-0.018987929557171],[0.012483280362963,-0.019026530477216],[0.012408651913436,-0.018977635978491],[0.012480706968151,-0.018872126796985],[0.012632537262016,-0.01879749835149]]]]}},
{"type":"Feature","properties":{"fid":964},"geometry":{"type":"MultiPolygon","coordinates":[[[[0.019767273530695,-0.016431261235462],[0.020016892816712,-0.016549637386814],[0.020046486855775,-0.016581804819235],[0.01994869785713,-0.016938219970102],[0.019901090055158,-0.016921492905274],[0.019678491413504,-0.016742641981259],[0.019767273530695,-0.016431261235462]]]]}},
{"type":"Feature","properties":{"fid":965},"geometry":{"type":"MultiPolygon","coordinates":[[[[0.016819450619943,-0.007369052311562],[0.016883785490225,-0.007430813786517],[0.017012455230788,-0.007502868840621],[0.01691466622796,-0.008380396462824],[0.016865771726546,-0.008362382699337],[0.016878638700602,-0.007821969794363],[0.016819450619943,-0.007369052311562]]]]}},
{"type":"Feature","properties":{"fid":966},"geometry":{"type":"MultiPolygon","coordinates":[[[[0.019315643586869,-0.006254772366177],[0.019539528935449,-0.006265065945361],[0.019413432589698,-0.006530125609268],[0.019189547241118,-0.006535272398857],[0.019145799529326,-0.006416896238295],[0.019143226134515,-0.006272786129748],[0.019315643586869,-0.006254772366177]]]]}},
{"type":"Feature","properties":{"fid":967},"geometry":{"type":"MultiPolygon","coordinates":[[[[0.020028473092867,-0.01241933902426],[0.020072220802788,-0.01278604776031],[0.019817454727368,-0.01281178170668],[0.019767273530695,-0.012437352786745],[0.020028473092867,-0.01241933902426]]]]}},
{"type":"Feature","properties":{"fid":968},"geometry":{"type":"MultiPolygon","coordinates":[[[[0.016003684464772,-0.023604599528426],[0.016165808337882,-0.023609746317612],[0.016245583577031,-0.023653494025682],[0.016196689075617,-0.023694668339148],[0.016104046862412,-0.023702388522921],[0.016050005571375,-0.023676654577008],[0.016003684464772,-0.023604599528426]]]]}},
{"type":"Feature","properties":{"fid":969},"geometry":{"type":"MultiPolygon","coordinates":[[[[0.013137065285439,-0.017161589069369],[0.013172733440706,-0.017504682737672],[0.013639816426355,-0.017603194780931],[0.013524319542631,-0.017163287552877],[0.013137065285439,-0.017161589069369]]]]}},
{"type":"Feature","properties":{"fid":970},"geometry":{"type":"MultiPolygon","coordinates":[[[[0.015339748603466,-0.006012873255305],[0.015514739450632,-0.006046327387666],[0.015782372511004,-0.00615183657433],[0.015782372511004,-0.00640402926432],[0.015741198194023,-0.006473510923785],[0.015720611035533,-0.006640781585422],[0.015391216499691,-0.006599607268716],[0.0153474687879,-0.006321680630867],[0.015339748603466,-0.006012873255305]]]]}},
{"type":"Feature","properties":{"fid":971},"geometry":{"type":"MultiPolygon","coordinates":[[[[0.018813831598673,-0.004970648361544],[0.019452033511866,-0.004986088730354],[0.019699079413748,-0.005202253893645],[0.019444313327433,-0.005408125477664],[0.018945074734047,-0.005457019978858],[0.018811258203862,-0.005022116257574],[0.018813831598673,-0.004970648361544]]]]}},
{"type":"Feature","properties":{"fid":972},"geometry":{"type":"MultiPolygon","coordinates":[[[[0.015007780672813,-0.026051897763977],[0.015118436649697,-0.026103365654871],[0.015097849491207,-0.026278356483755],[0.015056675174227,-0.026278356483755],[0.015007780672813,-0.02619858125297],[0.015007780672813,-0.026051897763977]]]]}},
{"type":"Feature","properties":{"fid":973},"geometry":{"type":"MultiPolygon","coordinates":[[[[0.018602813224149,-0.012760314355992],[0.018849859126031,-0.012670245539816],[0.018873019679332,-0.012999640067393],[0.018510171010944,-0.01304081438331],[0.018450982930285,-0.012852956566884],[0.018602813224149,-0.012760314355992]]]]}},
{"type":"Feature","properties":{"fid":974},"geometry":{"type":"MultiPolygon","coordinates":[[[[0.020414483171279,-0.011561112400976],[0.020743877707121,-0.011576552769529],[0.021008937372681,-0.011787571139666],[0.020471097857127,-0.01175926379734],[0.020414483171279,-0.011561112400976]]]]}},
{"type":"Feature","properties":{"fid":975},"geometry":{"type":"MultiPolygon","coordinates":[[[[0.012256821619571,-0.018782057983453],[0.01243695925636,-0.018866980007641],[0.012377771175701,-0.018949328637118],[0.012228514276647,-0.018856686428954],[0.012256821619571,-0.018782057983453]]]]}},
{"type":"Feature","properties":{"fid":976},"geometry":{"type":"MultiPolygon","coordinates":[[[[0.013888353929913,-0.019234975445309],[0.013970702563873,-0.019237548839975],[0.013952688800195,-0.019343058021257],[0.013878060350668,-0.019337911231928],[0.013860046586989,-0.019276149759964],[0.013888353929913,-0.019234975445309]]]]}},
{"type":"Feature","properties":{"fid":977},"geometry":{"type":"MultiPolygon","coordinates":[[[[0.000000142790831,-0.000000082308864],[0.000000143698667,-0.000000084002473],[0.000000144949801,-0.000000083857525],[0.000000145727946,-0.000000083407421],[0.000000143980935,-0.000000081294225],[0.000000143507945,-0.00000008179773],[0.000000142790831,-0.000000082308864]]]]}},
{"type":"Feature","properties":{"fid":978},"geometry":{"type":"MultiPolygon","coordinates":[[[[0.013093174933232,-0.011154516028786],[0.013188390541249,-0.011406708715401],[0.013134349250213,-0.011414428899682],[0.013139496039835,-0.011437589452523],[0.01308802814361,-0.011455603215842],[0.013111188696911,-0.011489057347718],[0.01308802814361,-0.011519938084831],[0.013172950172381,-0.011535378453386],[0.013296473123322,-0.012001162904398],[0.013082881353987,-0.01208351153654],[0.013013399694083,-0.011967708772584],[0.012848702426162,-0.011893080324675],[0.012794661135126,-0.01184418582431],[0.012720032685599,-0.011597139927598],[0.012712312501165,-0.011481337163439],[0.012768927187013,-0.011308919714495],[0.012910463901633,-0.011275465582598],[0.013093174933232,-0.011154516028786]]]]}},
{"type":"Feature","properties":{"fid":979},"geometry":{"type":"MultiPolygon","coordinates":[[[[0.014812702937966,-0.019196887598428],[0.014837827849195,-0.019230590018454],[0.014851680337191,-0.019249171670923],[0.014907418275174,-0.019327617653269],[0.015092702701585,-0.019314750679944],[0.015213652257714,-0.019363645178573],[0.015293427496863,-0.019610691066165],[0.015038661410548,-0.019641571802089],[0.015005207278002,-0.019523195647684],[0.01508240912234,-0.019494888306401],[0.015077262332717,-0.019440847018484],[0.015005207278002,-0.019476874543764],[0.014951165986965,-0.0194537139918],[0.014869960143955,-0.019466346011095],[0.014834931058225,-0.01946643376739],[0.014776175139799,-0.019466580965114],[0.014698973295461,-0.019299310311953],[0.01467581274216,-0.019186080946643],[0.014678386136971,-0.019144906631967],[0.014794188903478,-0.019132039658628],[0.014809629272346,-0.019152626815969],[0.014812702937966,-0.019196887598428]]]]}},
{"type":"Feature","properties":{"fid":980},"geometry":{"type":"MultiPolygon","coordinates":[[[[0.018571932486414,-0.007188914676227],[0.018625973777451,-0.00732015781055],[0.018692882042544,-0.007399933049041],[0.018806111414239,-0.007461694523991],[0.018824125177918,-0.007536322972879],[0.018772657281693,-0.00766499271231],[0.018559065512358,-0.007906891822335],[0.018270845293496,-0.007639258764427],[0.018414955402927,-0.007381919285512],[0.018571932486414,-0.007188914676227]]]]}},
{"type":"Feature","properties":{"fid":981},"geometry":{"type":"MultiPolygon","coordinates":[[[[0.000000128585878,-0.000000096147632],[0.000000128662166,-0.000000100328252],[0.000000130371033,-0.000000100312994],[0.000000132735982,-0.000000100511345],[0.000000133056395,-0.000000096788457],[0.00000013133227,-0.000000096757941],[0.00000013018794,-0.000000096330725],[0.000000128585878,-0.000000096147632]]]]}},
{"type":"Feature","properties":{"fid":982},"geometry":{"type":"MultiPolygon","coordinates":[[[[0.013528078656336,-0.021726021463274],[0.013602707105863,-0.021785209539666],[0.013620720869541,-0.021836677432162],[0.013610427290296,-0.021903585692381],[0.013538372235581,-0.021882998535394],[0.013528078656336,-0.021726021463274]]]]}},
{"type":"Feature","properties":{"fid":983},"geometry":{"type":"MultiPolygon","coordinates":[[[[0.013661895186522,-0.023995755505991],[0.013677335555389,-0.024085824316456],[0.013939821826138,-0.024093544500208],[0.013939821826138,-0.024181039916027],[0.013667041976144,-0.024265961937209],[0.013528078656336,-0.024080677527288],[0.013574399762939,-0.024031783030184],[0.013661895186522,-0.023995755505991]]]]}},
{"type":"Feature","properties":{"fid":984},"geometry":{"type":"MultiPolygon","coordinates":[[[[0.013416359083613,-0.018885305504878],[0.013398180522897,-0.01892715846797],[0.013442818857857,-0.018946204156513],[0.013455824416841,-0.018907187481686],[0.013564106183694,-0.018939035058435],[0.013540945630392,-0.019034250661224],[0.013242431832286,-0.019031677266555],[0.013196110725683,-0.01892102129574],[0.013296473123322,-0.018892713954357],[0.013371101572849,-0.018843819455594],[0.013416359083613,-0.018885305504878]]]]}},
{"type":"Feature","properties":{"fid":985},"geometry":{"type":"MultiPolygon","coordinates":[[[[0.015159610966678,-0.019729067220508],[0.015362909156767,-0.019700759879259],[0.015463271554407,-0.019837149796138],[0.015540473398745,-0.019904058057207],[0.015455551369973,-0.020043021368572],[0.015277987127996,-0.019919498425142],[0.015337175208655,-0.019824282822852],[0.015316588050165,-0.019793402086963],[0.015267693548751,-0.019801122270936],[0.01522651923177,-0.019886044294614],[0.015193065099224,-0.019904058057207],[0.015159610966678,-0.019729067220508]]]]}},
{"type":"Feature","properties":{"fid":986},"geometry":{"type":"MultiPolygon","coordinates":[[[[0.015159610966678,-0.018975062583821],[0.015290854102052,-0.018980209373161],[0.015308867865731,-0.019170640578641],[0.015254826574694,-0.019173213973308],[0.015236812811015,-0.019119172685289],[0.015182771519979,-0.019108879106616],[0.015159610966678,-0.018975062583821]]]]}},
{"type":"Feature","properties":{"fid":987},"geometry":{"type":"MultiPolygon","coordinates":[[[[0.017040762573712,-0.02610851244396],[0.017290381870404,-0.026527975753943],[0.017323836002951,-0.026594884011846],[0.017308395634083,-0.026620617957184],[0.017153991945407,-0.026648925297049],[0.017012455230788,-0.026522828964872],[0.016966134124185,-0.026373572081721],[0.016845184568056,-0.026363278503566],[0.016842611173244,-0.02626291611651],[0.016824597409566,-0.02623975556564],[0.016840037778433,-0.026203728042055],[0.016791143277019,-0.026196007858428],[0.017040762573712,-0.02610851244396]]]]}},
{"type":"Feature","properties":{"fid":988},"geometry":{"type":"MultiPolygon","coordinates":[[[[0.014678039612729,-0.026806397259456],[0.014693287414526,-0.026798979410746],[0.014697604156391,-0.026804095548689],[0.014789623390967,-0.026913155370263],[0.014801909087912,-0.026950012457031],[0.014598610897822,-0.027019494109229],[0.014495675105371,-0.026759581261915],[0.014680959531782,-0.026517682175801],[0.014791615508667,-0.02659745740638],[0.014867215874972,-0.026669549889196],[0.014922858644041,-0.026718406949418],[0.01500263388319,-0.026826489519692],[0.014858092123603,-0.026917779042022],[0.014756319233015,-0.026794531151363],[0.014743282349681,-0.026778743367776],[0.014774768094941,-0.026767343357805],[0.014812322974418,-0.026753745902926],[0.014802608173104,-0.02672631587867],[0.014801521428099,-0.026723247422519],[0.014792086929237,-0.026696608840393],[0.014739146320125,-0.026716794825844],[0.01472813395659,-0.026720993784145],[0.014626627500986,-0.026759697680272],[0.014649244257366,-0.026820405809181],[0.014678039612729,-0.026806397259456]]]]}},
{"type":"Feature","properties":{"fid":989},"geometry":{"type":"MultiPolygon","coordinates":[[[[0.016684403611702,-0.018351964653671],[0.016459175346366,-0.017999746001135],[0.0166496065624,-0.017963718475552],[0.016832317593999,-0.01786850287219],[0.016950693755318,-0.017744979927215],[0.016994441467109,-0.017665204691874],[0.017133404786917,-0.017901957003107],[0.017150515160683,-0.017917848090613],[0.017139591704524,-0.017931344860303],[0.017129974792153,-0.017943227294718],[0.017106226554804,-0.017972570067309],[0.017080043072195,-0.018004921772592],[0.017066824052049,-0.018021254888022],[0.017039129752971,-0.018055473323168],[0.017015028625599,-0.018085252118488],[0.017009434240069,-0.018092164411803],[0.016964819687251,-0.018147289120942],[0.016713059478079,-0.018389228884125],[0.016703033572789,-0.018376191147269],[0.016684403611702,-0.018351964653671]]]]}},
{"type":"Feature","properties":{"fid":990},"geometry":{"type":"MultiPolygon","coordinates":[[[[0.019114918791591,-0.013156617146791],[0.01935681790385,-0.013166910725764],[0.019614157384976,-0.013236392383824],[0.019570409673185,-0.013398516252554],[0.019472620670357,-0.013619828200171],[0.019127785765647,-0.013619828200171],[0.019086611448667,-0.013182351094223],[0.019114918791591,-0.013156617146791]]]]}},
{"type":"Feature","properties":{"fid":991},"geometry":{"type":"MultiPolygon","coordinates":[[[[0.020462882426197,-0.016565666664989],[0.0205277116649,-0.016450561694926],[0.020772184161515,-0.016127600672977],[0.020918867659483,-0.01628586444077],[0.020801778200578,-0.016454421786819],[0.020733114587163,-0.016576171930168],[0.020695605614153,-0.01664268055987],[0.020662693798883,-0.016705128616968],[0.02061054957622,-0.01682043730144],[0.020386715526719,-0.016687887534777],[0.020462882426197,-0.016565666664989]]]]}},
{"type":"Feature","properties":{"fid":992},"geometry":{"type":"MultiPolygon","coordinates":[[[[0.016212129444485,-0.005508487874848],[0.016392267081273,-0.005969125543752],[0.016093753283167,-0.006190437496275],[0.016055152360998,-0.006190437496275],[0.015975377121848,-0.006131249415958],[0.016212129444485,-0.005508487874848]]]]}},
{"type":"Feature","properties":{"fid":null},"geometry":{"type":"MultiPolygon","coordinates":[[[[0.01714114161898,-0.020525463525956],[0.01724243392962,-0.020751378313884],[0.017761313120866,-0.020362122305331],[0.017637790169925,-0.020210292020983],[0.01714114161898,-0.020525463525956]]]]}},
{"type":"Feature","properties":{"fid":null},"geometry":{"type":"MultiPolygon","coordinates":[[[[0.01959785007099,-0.025483339021999],[0.019791878033615,-0.025538095374121],[0.020273972051178,-0.025135755221025],[0.020178743603265,-0.025009577539621],[0.020009713108218,-0.025172656241036],[0.019954956750667,-0.025117899888759],[0.020188266448056,-0.024896493768447],[0.020329918764328,-0.025086950646157],[0.020629888375257,-0.024773887153276],[0.020460857880209,-0.024590572408052],[0.020406101522659,-0.024646519116037],[0.020351345165109,-0.024598904896476],[0.020497758903776,-0.024423922639447],[0.020565609172915,-0.024477488636521],[0.020507281748567,-0.024538196766513],[0.020682264021609,-0.024721511511809],[0.020914383363399,-0.024454871882204],[0.020733449312363,-0.024265605359081],[0.020629888375257,-0.024391783041192],[0.020571560950909,-0.024335836333101],[0.020760827491138,-0.024109668789518],[0.020823916337881,-0.024165615497702],[0.020787015314314,-0.024213229717416],[0.020960807231757,-0.024394163752174],[0.021257205775889,-0.024008488572529],[0.021094127058837,-0.023700186499129],[0.020554895972524,-0.02374542000801],[0.020558467039321,-0.02383588702573],[0.020547753838931,-0.023919211910419],[0.020531088860546,-0.023997775373079],[0.020489426414584,-0.024026343904944],[0.020446573613022,-0.024060864214274],[0.020328728408729,-0.024091813457113],[0.02019540858165,-0.024101336301062],[0.020109702978527,-0.024317981000727],[0.020039471998191,-0.024422732283956],[0.019960908528662,-0.024506057168285],[0.020021616664207,-0.024589382052562],[0.020015664886212,-0.024650090182503],[0.019856157235956,-0.024964344031163],[0.01981925621239,-0.024992912562822],[0.019774022699631,-0.025269075035207],[0.01959785007099,-0.025483339021999]]]]}},
{"type":"Feature","properties":{"fid":null},"geometry":{"type":"MultiPolygon","coordinates":[[[[0.017948017210882,-0.01495047817545],[0.017701613601905,-0.01490167359755],[0.017701613601905,-0.014794541597244],[0.017632572977168,-0.014761211641583],[0.017570674486024,-0.014940955330982],[0.017543296307248,-0.015150457909169],[0.017671854711932,-0.015179026442543],[0.017693281112713,-0.01499214061999],[0.017952778633278,-0.015014757375594],[0.017948017210882,-0.01495047817545]]]]}},
{"type":"Feature","properties":{"fid":null},"geometry":{"type":"MultiPolygon","coordinates":[[[[0.019161584743985,-0.008698730706143],[0.019271097459086,-0.008622547948682],[0.019123493364819,-0.008438042832894],[0.019148490832396,-0.008282106251095],[0.019172297944375,-0.008233301672046],[0.019152061899193,-0.008127360024822],[0.019290143148668,-0.008005943754935],[0.019359183773406,-0.008023799088744],[0.01944250866533,-0.008022608733157],[0.019538927468843,-0.007996420910236],[0.019622252360768,-0.00793928384204],[0.019682960496313,-0.007877385351486],[0.019737716853863,-0.007783347260049],[0.019769856455034,-0.007713116280355],[0.019806757478601,-0.007644075656237],[0.019903176282114,-0.007552418275926],[0.019955551928466,-0.007515517252679],[0.020048399665182,-0.007427430939107],[0.020206716959839,-0.007331012136394],[0.020244808339005,-0.007227451200124],[0.020285280429368,-0.007051278572851],[0.020301945407753,-0.00691081661322],[0.020306706830149,-0.006777496787092],[0.02029480327416,-0.006633463760609],[0.019849610280162,-0.006750118608508],[0.019812709256596,-0.006826301366304],[0.019769856455034,-0.006917958746762],[0.019710338675088,-0.006994141504532],[0.019634155916757,-0.00706318212875],[0.019725813297874,-0.007119128841471],[0.019787711789018,-0.007169123776237],[0.019822232101387,-0.007233402978071],[0.019838897079772,-0.007317918224913],[0.01981866103459,-0.007404814182917],[0.019771046810633,-0.007471474095895],[0.019712719386286,-0.007509565474735],[0.019348470573016,-0.007652408145356],[0.019102066964038,-0.007829771127976],[0.019149681187995,-0.007828580772389],[0.019252051769503,-0.007815486860922],[0.019375848751791,-0.007772634059758],[0.019388942663379,-0.00776549192623],[0.019372277684994,-0.007740494458881],[0.019427034042544,-0.007697641657709],[0.019546069602437,-0.00783334219474],[0.019496074667282,-0.007875004640311],[0.01944250866533,-0.007822628994449],[0.019360374129005,-0.00785953001767],[0.019253242125102,-0.007902382818826],[0.019141348698803,-0.007909524952352],[0.019094924830445,-0.007916667085877],[0.019077069496461,-0.007998801621411],[0.019023503494509,-0.008073794023405],[0.018950891802975,-0.008129740735995],[0.018884231889435,-0.008164261048015],[0.018827094820687,-0.008165451403602],[0.018800906997511,-0.008164261048015],[0.018780670952329,-0.00817735495947],[0.019161584743985,-0.008698730706143]]]]}},
{"type":"Feature","properties":{"fid":null},"geometry":{"type":"MultiPolygon","coordinates":[[[[0.014665909235751,-0.004764903068526],[0.015103960096155,-0.004548258350237],[0.014776612306451,-0.004078067889996],[0.014626627500986,-0.004068545045229],[0.01446831020633,-0.004074496823208],[0.014309992911673,-0.004087590734763],[0.014196909129775,-0.004109017135489],[0.014283805088496,-0.004285189763657],[0.014386175670004,-0.004285189763657],[0.014471881273126,-0.004304235453186],[0.014562348298644,-0.004362562877367],[0.014626627500986,-0.00442922279071],[0.014669480302548,-0.004524451238333],[0.014695668125724,-0.004619679685944],[0.014684954925334,-0.004707765999973],[0.014665909235751,-0.004764903068526]]]]}},
{"type":"Feature","properties":{"fid":null},"geometry":{"type":"MultiPolygon","coordinates":[[[[0.014312373622871,-0.004366133944153],[0.014355226424432,-0.004498263415238],[0.014452835583544,-0.004623250752729],[0.014509972652292,-0.004735144178655],[0.014540921897864,-0.004814898003506],[0.014571871143436,-0.004774425913284],[0.014605201100206,-0.004706575644378],[0.014615914300596,-0.004641106086655],[0.014617104656195,-0.004581588306901],[0.014575442210233,-0.004493501992857],[0.014538541186666,-0.004447078124641],[0.01447902340672,-0.004397083189635],[0.014404031003988,-0.004367324299749],[0.014350465002036,-0.004357801454985],[0.014312373622871,-0.004366133944153]]]]}},
{"type":"Feature","properties":{"fid":null},"geometry":{"type":"MultiPolygon","coordinates":[[[[0.014867079331969,-0.004091161801551],[0.015140861119721,-0.004055451133674],[0.015144432186518,-0.004481598436905],[0.014867079331969,-0.004091161801551]]]]}},
{"type":"Feature","properties":{"fid":null},"geometry":{"type":"MultiPolygon","coordinates":[[[[0.01497659204707,-0.003980458731126],[0.01515276467571,-0.003966174463973],[0.015117054007743,-0.003203156526562],[0.01487660217676,-0.00315078088029],[0.014893267155145,-0.00356264391681],[0.014820655463611,-0.003561453561213],[0.014806371196424,-0.003123402701556],[0.014433789893961,-0.003041268165349],[0.014495688385105,-0.003385280932896],[0.014588536121821,-0.003407897689236],[0.014665909235751,-0.003450750490721],[0.014696858481323,-0.003493603292203],[0.01497659204707,-0.003980458731126]]]]}},
{"type":"Feature","properties":{"fid":null},"geometry":{"type":"MultiPolygon","coordinates":[[[[0.014914693555926,-0.00400307548745],[0.01464448283497,-0.00353407538249],[0.014592107188618,-0.003493603292203],[0.014531399053072,-0.003474557602656],[0.014475452339923,-0.003465034757882],[0.014421886337971,-0.003475747958252],[0.014389746736801,-0.003336476353424],[0.014287376155293,-0.003301956041114],[0.014279043666101,-0.003343618487006],[0.014261188332117,-0.003388851999687],[0.014221906597352,-0.003449560135124],[0.014177863440192,-0.003497174358993],[0.014131439571834,-0.003529313960104],[0.014088586770273,-0.003545978938457],[0.014024307567931,-0.003573357117179],[0.013969551210381,-0.003576928183969],[0.013899320230044,-0.003579308895162],[0.014139772061027,-0.004020930821391],[0.014237381220138,-0.003999504420662],[0.014371891402817,-0.003981649086722],[0.014549254387056,-0.003978078019934],[0.014720665593301,-0.003976887664338],[0.014914693555926,-0.00400307548745]]]]}},
{"type":"Feature","properties":{"fid":null},"geometry":{"type":"MultiPolygon","coordinates":[[[[0.013392228744903,-0.003280529640368],[0.013445794746854,-0.003324572797455],[0.013546974972763,-0.003385280932896],[0.0136160155975,-0.003416230178414],[0.013729099379398,-0.003456702268704],[0.013796949648537,-0.003476938313849],[0.013883845607258,-0.003484080447429],[0.013944553742803,-0.003486461158623],[0.014026688279129,-0.003468605824672],[0.014082634992278,-0.003437656579156],[0.014143343127823,-0.003385280932896],[0.014189766996181,-0.003291242840741],[0.01420286090777,-0.003211489015742],[0.01420286090777,-0.003115070212376],[0.014189766996181,-0.002980560029888],[0.014169530951,-0.002906757982852],[0.013554117106356,-0.002788912778704],[0.013479124703624,-0.003021032120196],[0.013526738927581,-0.003087692033641],[0.013577924218335,-0.003111499145584],[0.013601731330313,-0.003112689501181],[0.013608873463907,-0.003024603186987],[0.013676723733045,-0.003030554964974],[0.013661249110259,-0.003128164123944],[0.013902891296841,-0.003185301192606],[0.013918365919627,-0.00310911843439],[0.013975502988375,-0.003115070212376],[0.013964789787985,-0.00319601439298],[0.014019546145535,-0.003203156526562],[0.014011213656343,-0.003334095642231],[0.013930269475616,-0.003329334219843],[0.013943363387204,-0.003273387506786],[0.01355054603956,-0.003182920481412],[0.013488647548416,-0.00315078088029],[0.013456507947245,-0.003105547367598],[0.013392228744903,-0.003280529640368]]]]}},
{"type":"Feature","properties":{"fid":null},"geometry":{"type":"MultiPolygon","coordinates":[[[[0.013361279499331,-0.003376948443718],[0.013323188120165,-0.003467415469075],[0.013302952074984,-0.003581689606356],[0.013294619585791,-0.003700725166008],[0.013311284564176,-0.003818570370047],[0.013338662742951,-0.003898324194994],[0.01338389625571,-0.003988791220298],[0.013442223680058,-0.004074496823208],[0.013541023194768,-0.004150679581343],[0.013644584131875,-0.004212578072322],[0.013764810047366,-0.004255430873767],[0.014187386284984,-0.004301854741995],[0.014018355789936,-0.003986410509106],[0.013674343021848,-0.003974506953146],[0.013689817644634,-0.004005456198642],[0.013632680575885,-0.004025692243774],[0.013549355683961,-0.00383999677078],[0.013610063819506,-0.003817380014451],[0.013642203420677,-0.003910227750956],[0.013987406544364,-0.00393046379609],[0.013788617159344,-0.003556692138827],[0.013683865866639,-0.003545978938457],[0.01359458919672,-0.003510268270557],[0.013485076481619,-0.003456702268704],[0.013361279499331,-0.003376948443718]]]]}}
]
}
